ISO-10303-21;
HEADER;

/* File generated by Shapr3D Version 5.890.9070.0 */

FILE_DESCRIPTION(('HOOPS Exchange Step'),'2;1');

FILE_NAME('C:\\Users\\Nhatkhongbuon\\AppData\\Local\\Packages\\Shapr3D.Shapr3D_dvv5p1vgwv6mp\\TempState\\export\\temp_export',
'2025-06-27T02:18:13-17:00',
('Nhatkhongbuon'),
('Shapr3D Limited'),
'HOOPS Exchange 2024.8',
'Shapr3D',
'Authorized');

FILE_SCHEMA( ('AP242_MANAGED_MODEL_BASED_3D_ENGINEERING_MIM_LF {1 0 10303 442 1 1 4}') );

ENDSEC;

DATA;
#3=(NAMED_UNIT(*)PLANE_ANGLE_UNIT()SI_UNIT($,.RADIAN.));
#4=PLANE_ANGLE_MEASURE_WITH_UNIT(PLANE_ANGLE_MEASURE(0.0174532925),#3);
#5=(CONVERSION_BASED_UNIT('DEGREE',#4)NAMED_UNIT(#6)PLANE_ANGLE_UNIT());
#6=DIMENSIONAL_EXPONENTS(0.,0.,0.,0.,0.,0.,0.);
#7=(NAMED_UNIT(*)SI_UNIT($,.STERADIAN.)SOLID_ANGLE_UNIT());
#8=(LENGTH_UNIT()NAMED_UNIT(*)SI_UNIT(.MILLI.,.METRE.));
#9=UNCERTAINTY_MEASURE_WITH_UNIT(LENGTH_MEASURE(1.000000E-03),#8,'DISTANCE_ACCURACY_VALUE','Maximum Tolerance applied to model');
#10=(GEOMETRIC_REPRESENTATION_CONTEXT(3)GLOBAL_UNCERTAINTY_ASSIGNED_CONTEXT((#9))GLOBAL_UNIT_ASSIGNED_CONTEXT((#8,#5,#7))REPRESENTATION_CONTEXT('','root'));
#12=CARTESIAN_POINT('',(0.,0.,0.));
#13=DIRECTION('',(0.,0.,1.));
#14=DIRECTION('',(1.,0.,0.));
#15=AXIS2_PLACEMENT_3D('',#12,#13,#14);
#26=(NAMED_UNIT(*)PLANE_ANGLE_UNIT()SI_UNIT($,.RADIAN.));
#27=PLANE_ANGLE_MEASURE_WITH_UNIT(PLANE_ANGLE_MEASURE(0.0174532925),#26);
#28=(CONVERSION_BASED_UNIT('DEGREE',#27)NAMED_UNIT(#29)PLANE_ANGLE_UNIT());
#29=DIMENSIONAL_EXPONENTS(0.,0.,0.,0.,0.,0.,0.);
#30=(NAMED_UNIT(*)SI_UNIT($,.STERADIAN.)SOLID_ANGLE_UNIT());
#31=(LENGTH_UNIT()NAMED_UNIT(*)SI_UNIT(.MILLI.,.METRE.));
#32=UNCERTAINTY_MEASURE_WITH_UNIT(LENGTH_MEASURE(1.000000E-03),#31,'DISTANCE_ACCURACY_VALUE','Maximum Tolerance applied to model');
#33=(GEOMETRIC_REPRESENTATION_CONTEXT(3)GLOBAL_UNCERTAINTY_ASSIGNED_CONTEXT((#32))GLOBAL_UNIT_ASSIGNED_CONTEXT((#31,#28,#30))REPRESENTATION_CONTEXT('','SOP-8.step'));
#45=CARTESIAN_POINT('',(0.,0.,0.));
#46=DIRECTION('',(0.,0.,1.));
#47=DIRECTION('',(1.,0.,-0.));
#48=AXIS2_PLACEMENT_3D('',#45,#46,#47);
#49=ITEM_DEFINED_TRANSFORMATION('','',#48,#15);
#50=(REPRESENTATION_RELATIONSHIP('','',#35,#16)REPRESENTATION_RELATIONSHIP_WITH_TRANSFORMATION(#49)SHAPE_REPRESENTATION_RELATIONSHIP());
#51=NEXT_ASSEMBLY_USAGE_OCCURRENCE('SOP-8.step_1','SOP-8.step','SOP-8.step',#25,#44,$);
#52=PRODUCT_DEFINITION_SHAPE('','',#51);
#53=CONTEXT_DEPENDENT_SHAPE_REPRESENTATION(#50,#52);
#54=(NAMED_UNIT(*)PLANE_ANGLE_UNIT()SI_UNIT($,.RADIAN.));
#55=PLANE_ANGLE_MEASURE_WITH_UNIT(PLANE_ANGLE_MEASURE(0.0174532925),#54);
#56=(CONVERSION_BASED_UNIT('DEGREE',#55)NAMED_UNIT(#57)PLANE_ANGLE_UNIT());
#57=DIMENSIONAL_EXPONENTS(0.,0.,0.,0.,0.,0.,0.);
#58=(NAMED_UNIT(*)SI_UNIT($,.STERADIAN.)SOLID_ANGLE_UNIT());
#59=(LENGTH_UNIT()NAMED_UNIT(*)SI_UNIT(.MILLI.,.METRE.));
#60=UNCERTAINTY_MEASURE_WITH_UNIT(LENGTH_MEASURE(1.000000E-03),#59,'DISTANCE_ACCURACY_VALUE','Maximum Tolerance applied to model');
#61=(GEOMETRIC_REPRESENTATION_CONTEXT(3)GLOBAL_UNCERTAINTY_ASSIGNED_CONTEXT((#60))GLOBAL_UNIT_ASSIGNED_CONTEXT((#59,#56,#58))REPRESENTATION_CONTEXT('','SOP-8_LM358.step'));
#73=CARTESIAN_POINT('',(0.,0.,0.));
#74=DIRECTION('',(0.,0.,1.));
#75=DIRECTION('',(1.,0.,-0.));
#76=AXIS2_PLACEMENT_3D('',#73,#74,#75);
#77=ITEM_DEFINED_TRANSFORMATION('','',#76,#15);
#78=(REPRESENTATION_RELATIONSHIP('','',#63,#35)REPRESENTATION_RELATIONSHIP_WITH_TRANSFORMATION(#77)SHAPE_REPRESENTATION_RELATIONSHIP());
#79=NEXT_ASSEMBLY_USAGE_OCCURRENCE('SOP-8_LM358.step_2','SOP-8_LM358.step','SOP-8_LM358.step',#44,#72,$);
#80=PRODUCT_DEFINITION_SHAPE('','',#79);
#81=CONTEXT_DEPENDENT_SHAPE_REPRESENTATION(#78,#80);
#82=(NAMED_UNIT(*)PLANE_ANGLE_UNIT()SI_UNIT($,.RADIAN.));
#83=PLANE_ANGLE_MEASURE_WITH_UNIT(PLANE_ANGLE_MEASURE(0.0174532925),#82);
#84=(CONVERSION_BASED_UNIT('DEGREE',#83)NAMED_UNIT(#85)PLANE_ANGLE_UNIT());
#85=DIMENSIONAL_EXPONENTS(0.,0.,0.,0.,0.,0.,0.);
#86=(NAMED_UNIT(*)SI_UNIT($,.STERADIAN.)SOLID_ANGLE_UNIT());
#87=(LENGTH_UNIT()NAMED_UNIT(*)SI_UNIT(.MILLI.,.METRE.));
#88=UNCERTAINTY_MEASURE_WITH_UNIT(LENGTH_MEASURE(1.000000E-05),#87,'DISTANCE_ACCURACY_VALUE','Maximum Tolerance applied to model');
#89=(GEOMETRIC_REPRESENTATION_CONTEXT(3)GLOBAL_UNCERTAINTY_ASSIGNED_CONTEXT((#88))GLOBAL_UNIT_ASSIGNED_CONTEXT((#87,#84,#86))REPRESENTATION_CONTEXT('','Body001'));
#101=CARTESIAN_POINT('',(0.,0.,0.));
#102=DIRECTION('',(0.,0.,1.));
#103=DIRECTION('',(1.,0.,-0.));
#104=AXIS2_PLACEMENT_3D('',#101,#102,#103);
#105=ITEM_DEFINED_TRANSFORMATION('','',#104,#15);
#106=(REPRESENTATION_RELATIONSHIP('','',#91,#63)REPRESENTATION_RELATIONSHIP_WITH_TRANSFORMATION(#105)SHAPE_REPRESENTATION_RELATIONSHIP());
#107=NEXT_ASSEMBLY_USAGE_OCCURRENCE('Body001_3','Body001','Body001',#72,#100,$);
#108=PRODUCT_DEFINITION_SHAPE('','',#107);
#109=CONTEXT_DEPENDENT_SHAPE_REPRESENTATION(#106,#108);
#111=CARTESIAN_POINT('',(-1.862464955,2.362464955,1.805));
#112=DIRECTION('',(0.,0.,1.));
#113=DIRECTION('',(0.619103739,-0.785309213,0.));
#114=AXIS2_PLACEMENT_3D('',#111,#112,#113);
#115=PLANE('',#114);
#116=CARTESIAN_POINT('',(0.052726618,1.252556111,1.805));
#117=VERTEX_POINT('',#116);
#118=CARTESIAN_POINT('',(-0.029345625,1.252556111,1.805));
#119=VERTEX_POINT('',#118);
#120=CARTESIAN_POINT('',(0.052726618,1.252556111,1.805));
#121=DIRECTION('',(-1.,0.,0.));
#122=VECTOR('',#121,0.082072243);
#123=LINE('',#120,#122);
#124=EDGE_CURVE('',#117,#119,#123,.T.);
#125=ORIENTED_EDGE('',*,*,#124,.T.);
#126=CARTESIAN_POINT('',(-0.029345625,1.639536374,1.805));
#127=VERTEX_POINT('',#126);
#128=CARTESIAN_POINT('',(-0.029345625,1.252556111,1.805));
#129=DIRECTION('',(0.,1.,0.));
#130=VECTOR('',#129,0.386980263);
#131=LINE('',#128,#130);
#132=EDGE_CURVE('',#119,#127,#131,.T.);
#133=ORIENTED_EDGE('',*,*,#132,.T.);
#134=CARTESIAN_POINT('',(-0.267450442,1.639536374,1.805));
#135=VERTEX_POINT('',#134);
#136=CARTESIAN_POINT('',(-0.029345625,1.639536374,1.805));
#137=DIRECTION('',(-1.,0.,0.));
#138=VECTOR('',#137,0.238104817);
#139=LINE('',#136,#138);
#140=EDGE_CURVE('',#127,#135,#139,.T.);
#141=ORIENTED_EDGE('',*,*,#140,.T.);
#142=CARTESIAN_POINT('',(-0.267450442,1.210088523,1.805));
#143=VERTEX_POINT('',#142);
#144=CARTESIAN_POINT('',(-0.267450442,1.639536374,1.805));
#145=DIRECTION('',(0.,-1.,0.));
#146=VECTOR('',#145,0.429447851);
#147=LINE('',#144,#146);
#148=EDGE_CURVE('',#135,#143,#147,.T.);
#149=ORIENTED_EDGE('',*,*,#148,.T.);
#150=CARTESIAN_POINT('',(-0.349999894,1.210088523,1.805));
#151=VERTEX_POINT('',#150);
#152=CARTESIAN_POINT('',(-0.267450442,1.210088523,1.805));
#153=DIRECTION('',(-1.,0.,0.));
#154=VECTOR('',#153,0.082549453);
#155=LINE('',#152,#154);
#156=EDGE_CURVE('',#143,#151,#155,.T.);
#157=ORIENTED_EDGE('',*,*,#156,.T.);
#158=CARTESIAN_POINT('',(-0.349999894,1.732106232,1.805));
#159=VERTEX_POINT('',#158);
#160=CARTESIAN_POINT('',(-0.349999894,1.210088523,1.805));
#161=DIRECTION('',(0.,1.,0.));
#162=VECTOR('',#161,0.522017709);
#163=LINE('',#160,#162);
#164=EDGE_CURVE('',#151,#159,#163,.T.);
#165=ORIENTED_EDGE('',*,*,#164,.T.);
#166=CARTESIAN_POINT('',(0.349523011,1.732106232,1.805));
#167=VERTEX_POINT('',#166);
#168=CARTESIAN_POINT('',(-0.349999894,1.732106232,1.805));
#169=DIRECTION('',(1.,0.,-0.));
#170=VECTOR('',#169,0.699522905);
#171=LINE('',#168,#170);
#172=EDGE_CURVE('',#159,#167,#171,.T.);
#173=ORIENTED_EDGE('',*,*,#172,.T.);
#174=CARTESIAN_POINT('',(0.349523011,1.226312104,1.805));
#175=VERTEX_POINT('',#174);
#176=CARTESIAN_POINT('',(0.349523011,1.732106232,1.805));
#177=DIRECTION('',(-0.,-1.,0.));
#178=VECTOR('',#177,0.505794128);
#179=LINE('',#176,#178);
#180=EDGE_CURVE('',#167,#175,#179,.T.);
#181=ORIENTED_EDGE('',*,*,#180,.T.);
#182=CARTESIAN_POINT('',(0.266973558,1.226312104,1.805));
#183=VERTEX_POINT('',#182);
#184=CARTESIAN_POINT('',(0.349523011,1.226312104,1.805));
#185=DIRECTION('',(-1.,0.,0.));
#186=VECTOR('',#185,0.082549453);
#187=LINE('',#184,#186);
#188=EDGE_CURVE('',#175,#183,#187,.T.);
#189=ORIENTED_EDGE('',*,*,#188,.T.);
#190=CARTESIAN_POINT('',(0.266973558,1.639536374,1.805));
#191=VERTEX_POINT('',#190);
#192=CARTESIAN_POINT('',(0.266973558,1.226312104,1.805));
#193=DIRECTION('',(0.,1.,0.));
#194=VECTOR('',#193,0.41322427);
#195=LINE('',#192,#194);
#196=EDGE_CURVE('',#183,#191,#195,.T.);
#197=ORIENTED_EDGE('',*,*,#196,.T.);
#198=CARTESIAN_POINT('',(0.052726618,1.639536374,1.805));
#199=VERTEX_POINT('',#198);
#200=CARTESIAN_POINT('',(0.266973558,1.639536374,1.805));
#201=DIRECTION('',(-1.,0.,0.));
#202=VECTOR('',#201,0.21424694);
#203=LINE('',#200,#202);
#204=EDGE_CURVE('',#191,#199,#203,.T.);
#205=ORIENTED_EDGE('',*,*,#204,.T.);
#206=CARTESIAN_POINT('',(0.052726618,1.639536374,1.805));
#207=DIRECTION('',(0.,-1.,0.));
#208=VECTOR('',#207,0.386980263);
#209=LINE('',#206,#208);
#210=EDGE_CURVE('',#199,#117,#209,.T.);
#211=ORIENTED_EDGE('',*,*,#210,.T.);
#212=EDGE_LOOP('',(#125,#133,#141,#149,#157,#165,#173,#181,#189,#197,#205,#211));
#213=FACE_BOUND('',#212,.T.);
#214=CARTESIAN_POINT('',(0.15245399,0.577845828,1.805));
#215=VERTEX_POINT('',#214);
#216=CARTESIAN_POINT('',(0.145773706,0.666598354,1.805));
#217=VERTEX_POINT('',#216);
#218=CARTESIAN_POINT('',(0.15245399,0.577845828,1.805));
#219=DIRECTION('',(-0.075056348,0.997179294,0.));
#220=VECTOR('',#219,0.08900358);
#221=LINE('',#218,#220);
#222=EDGE_CURVE('',#215,#217,#221,.T.);
#223=ORIENTED_EDGE('',*,*,#222,.T.);
#224=CARTESIAN_POINT('',(0.112849497,0.970551996,1.805));
#225=VERTEX_POINT('',#224);
#226=CARTESIAN_POINT('',(0.145773706,0.666598354,1.805));
#227=CARTESIAN_POINT('',(0.1899909,0.671370044,1.805));
#228=CARTESIAN_POINT('',(0.223392644,0.687514171,1.805));
#229=CARTESIAN_POINT('',(0.245978287,0.715030574,1.805));
#230=CARTESIAN_POINT('',(0.268563931,0.742547058,1.805));
#231=CARTESIAN_POINT('',(0.279856916,0.783185587,1.805));
#232=CARTESIAN_POINT('',(0.279856916,0.836945996,1.805));
#233=CARTESIAN_POINT('',(0.279856916,0.892933302,1.805));
#234=CARTESIAN_POINT('',(0.269597885,0.933730901,1.805));
#235=CARTESIAN_POINT('',(0.249079824,0.959338709,1.805));
#236=CARTESIAN_POINT('',(0.228561764,0.984946518,1.805));
#237=CARTESIAN_POINT('',(0.203828677,0.997750422,1.805));
#238=CARTESIAN_POINT('',(0.174880889,0.997750422,1.805));
#239=CARTESIAN_POINT('',(0.149750127,0.997750422,1.805));
#240=CARTESIAN_POINT('',(0.129072997,0.988684334,1.805));
#241=CARTESIAN_POINT('',(0.112849497,0.970551996,1.805));
#242=B_SPLINE_CURVE_WITH_KNOTS('',3,(#226,#227,#228,#229,#230,#231,#232,#233,#234,#235,#236,#237,#238,#239,#240,#241),.UNSPECIFIED.,.F.,.F.,(4,3,3,3,3,4),(0.,0.054964948,0.109929993,0.167171834,0.224413675,0.274107666),.UNSPECIFIED.);
#243=EDGE_CURVE('',#217,#225,#242,.T.);
#244=ORIENTED_EDGE('',*,*,#243,.T.);
#245=CARTESIAN_POINT('',(0.01837078,0.676141652,1.805));
#246=VERTEX_POINT('',#245);
#247=CARTESIAN_POINT('',(0.112849497,0.970551996,1.805));
#248=CARTESIAN_POINT('',(0.096625998,0.95273796,1.805));
#249=CARTESIAN_POINT('',(0.080004497,0.906214416,1.805));
#250=CARTESIAN_POINT('',(0.062985974,0.830981445,1.805));
#251=CARTESIAN_POINT('',(0.045966799,0.755748637,1.805));
#252=CARTESIAN_POINT('',(0.031095394,0.704135346,1.805));
#253=CARTESIAN_POINT('',(0.01837078,0.676141652,1.805));
#254=B_SPLINE_CURVE_WITH_KNOTS('',3,(#247,#248,#249,#250,#251,#252,#253),.UNSPECIFIED.,.F.,.F.,(4,3,4),(0.274107666,0.323319072,0.372530468),.UNSPECIFIED.);
#255=EDGE_CURVE('',#225,#246,#254,.T.);
#256=ORIENTED_EDGE('',*,*,#255,.T.);
#257=CARTESIAN_POINT('',(-0.125255645,1.113701293,1.805));
#258=VERTEX_POINT('',#257);
#259=CARTESIAN_POINT('',(0.01837078,0.676141652,1.805));
#260=CARTESIAN_POINT('',(-0.000397512,0.63542367,1.805));
#261=CARTESIAN_POINT('',(-0.024176179,0.605362312,1.805));
#262=CARTESIAN_POINT('',(-0.052965223,0.585957577,1.805));
#263=CARTESIAN_POINT('',(-0.08175394,0.566553006,1.805));
#264=CARTESIAN_POINT('',(-0.11491708,0.556850557,1.805));
#265=CARTESIAN_POINT('',(-0.15245399,0.556850557,1.805));
#266=CARTESIAN_POINT('',(-0.18967276,0.556850557,1.805));
#267=CARTESIAN_POINT('',(-0.224744412,0.567507344,1.805));
#268=CARTESIAN_POINT('',(-0.257668621,0.588820591,1.805));
#269=CARTESIAN_POINT('',(-0.29059283,0.610134001,1.805));
#270=CARTESIAN_POINT('',(-0.316200801,0.640752022,1.805));
#271=CARTESIAN_POINT('',(-0.334492209,0.680674736,1.805));
#272=CARTESIAN_POINT('',(-0.352783292,0.720597531,1.805));
#273=CARTESIAN_POINT('',(-0.361929159,0.76553054,1.805));
#274=CARTESIAN_POINT('',(-0.361929159,0.815473597,1.805));
#275=CARTESIAN_POINT('',(-0.361929159,0.878777467,1.805));
#276=CARTESIAN_POINT('',(-0.352703757,0.931822306,1.805));
#277=CARTESIAN_POINT('',(-0.334253605,0.974607952,1.805));
#278=CARTESIAN_POINT('',(-0.315803126,1.01739368,1.805));
#279=CARTESIAN_POINT('',(-0.288048037,1.05095425,1.805));
#280=CARTESIAN_POINT('',(-0.250988337,1.07528958,1.805));
#281=CARTESIAN_POINT('',(-0.213928637,1.099624993,1.805));
#282=CARTESIAN_POINT('',(-0.172017631,1.112428897,1.805));
#283=CARTESIAN_POINT('',(-0.125255645,1.113701293,1.805));
#284=B_SPLINE_CURVE_WITH_KNOTS('',3,(#259,#260,#261,#262,#263,#264,#265,#266,#267,#268,#269,#270,#271,#272,#273,#274,#275,#276,#277,#278,#279,#280,#281,#282,#283),.UNSPECIFIED.,.F.,.F.,(4,3,3,3,3,3,3,3,4),(0.372530468,0.444283534,0.516035852,0.587180043,0.658324394,0.729468644,0.81964547,0.909822689,1.),.UNSPECIFIED.);
#285=EDGE_CURVE('',#246,#258,#284,.T.);
#286=ORIENTED_EDGE('',*,*,#285,.T.);
#287=CARTESIAN_POINT('',(-0.117620942,1.026380232,1.805));
#288=VERTEX_POINT('',#287);
#289=CARTESIAN_POINT('',(-0.125255645,1.113701293,1.805));
#290=DIRECTION('',(0.087100268,-0.99619955,0.));
#291=VECTOR('',#290,0.087654186);
#292=LINE('',#289,#291);
#293=EDGE_CURVE('',#258,#288,#292,.T.);
#294=ORIENTED_EDGE('',*,*,#293,.T.);
#295=CARTESIAN_POINT('',(-0.061315414,0.728152537,1.805));
#296=VERTEX_POINT('',#295);
#297=CARTESIAN_POINT('',(-0.117620942,1.026380232,1.805));
#298=CARTESIAN_POINT('',(-0.15261306,1.022244823,1.805));
#299=CARTESIAN_POINT('',(-0.181322242,1.012622072,1.805));
#300=CARTESIAN_POINT('',(-0.203749142,0.997511817,1.805));
#301=CARTESIAN_POINT('',(-0.226175715,0.982401725,1.805));
#302=CARTESIAN_POINT('',(-0.244308054,0.958941034,1.805));
#303=CARTESIAN_POINT('',(-0.258145831,0.92713007,1.805));
#304=CARTESIAN_POINT('',(-0.271983608,0.895319188,1.805));
#305=CARTESIAN_POINT('',(-0.278902496,0.859531802,1.805));
#306=CARTESIAN_POINT('',(-0.278902496,0.819768077,1.805));
#307=CARTESIAN_POINT('',(-0.278902496,0.784457983,1.805));
#308=CARTESIAN_POINT('',(-0.273653516,0.753283298,1.805));
#309=CARTESIAN_POINT('',(-0.26315588,0.726243942,1.805));
#310=CARTESIAN_POINT('',(-0.252658245,0.699204668,1.805));
#311=CARTESIAN_POINT('',(-0.238264049,0.6790842,1.805));
#312=CARTESIAN_POINT('',(-0.219972641,0.665882621,1.805));
#313=CARTESIAN_POINT('',(-0.201681233,0.652681205,1.805));
#314=CARTESIAN_POINT('',(-0.181719917,0.646080294,1.805));
#315=CARTESIAN_POINT('',(-0.160088367,0.646080294,1.805));
#316=CARTESIAN_POINT('',(-0.138139003,0.646080294,1.805));
#317=CARTESIAN_POINT('',(-0.11897271,0.6524426,1.805));
#318=CARTESIAN_POINT('',(-0.102590141,0.665166888,1.805));
#319=CARTESIAN_POINT('',(-0.086207571,0.677891339,1.805));
#320=CARTESIAN_POINT('',(-0.072449329,0.698886528,1.805));
#321=CARTESIAN_POINT('',(-0.061315414,0.728152537,1.805));
#322=B_SPLINE_CURVE_WITH_KNOTS('',3,(#297,#298,#299,#300,#301,#302,#303,#304,#305,#306,#307,#308,#309,#310,#311,#312,#313,#314,#315,#316,#317,#318,#319,#320,#321),.UNSPECIFIED.,.F.,.F.,(4,3,3,3,3,3,3,3,4),(0.,0.065297446,0.130594018,0.195890451,0.253873528,0.311856454,0.369839135,0.428673705,0.48750856),.UNSPECIFIED.);
#323=EDGE_CURVE('',#288,#296,#322,.T.);
#324=ORIENTED_EDGE('',*,*,#323,.T.);
#325=CARTESIAN_POINT('',(0.016462267,0.987729915,1.805));
#326=VERTEX_POINT('',#325);
#327=CARTESIAN_POINT('',(-0.061315414,0.728152537,1.805));
#328=CARTESIAN_POINT('',(-0.053998851,0.746921073,1.805));
#329=CARTESIAN_POINT('',(-0.042626658,0.788434404,1.805));
#330=CARTESIAN_POINT('',(-0.027198181,0.852692449,1.805));
#331=CARTESIAN_POINT('',(-0.011770031,0.916950575,1.805));
#332=CARTESIAN_POINT('',(0.00278356,0.961963118,1.805));
#333=CARTESIAN_POINT('',(0.016462267,0.987729915,1.805));
#334=B_SPLINE_CURVE_WITH_KNOTS('',3,(#327,#328,#329,#330,#331,#332,#333),.UNSPECIFIED.,.F.,.F.,(4,3,4),(0.48750856,0.525358893,0.563209227),.UNSPECIFIED.);
#335=EDGE_CURVE('',#296,#326,#334,.T.);
#336=ORIENTED_EDGE('',*,*,#335,.T.);
#337=CARTESIAN_POINT('',(0.016462267,0.987729915,1.805));
#338=CARTESIAN_POINT('',(0.033958326,1.021131496,1.805));
#339=CARTESIAN_POINT('',(0.055669411,1.046023572,1.805));
#340=CARTESIAN_POINT('',(0.081595196,1.062406141,1.805));
#341=CARTESIAN_POINT('',(0.107520982,1.078788792,1.805));
#342=CARTESIAN_POINT('',(0.13654863,1.086980077,1.805));
#343=CARTESIAN_POINT('',(0.168677815,1.086980077,1.805));
#344=CARTESIAN_POINT('',(0.203987746,1.086980077,1.805));
#345=CARTESIAN_POINT('',(0.236991816,1.076959651,1.805));
#346=CARTESIAN_POINT('',(0.267689372,1.0569188,1.805));
#347=CARTESIAN_POINT('',(0.298386929,1.036877868,1.805));
#348=CARTESIAN_POINT('',(0.321688387,1.007611859,1.805));
#349=CARTESIAN_POINT('',(0.337593746,0.96912053,1.805));
#350=CARTESIAN_POINT('',(0.353499106,0.930629282,1.805));
#351=CARTESIAN_POINT('',(0.361451949,0.887843555,1.805));
#352=CARTESIAN_POINT('',(0.361451949,0.840763348,1.805));
#353=CARTESIAN_POINT('',(0.361451949,0.788911532,1.805));
#354=CARTESIAN_POINT('',(0.353101757,0.743183256,1.805));
#355=CARTESIAN_POINT('',(0.336401048,0.703578601,1.805));
#356=CARTESIAN_POINT('',(0.319700013,0.663973945,1.805));
#357=CARTESIAN_POINT('',(0.295126322,0.633514994,1.805));
#358=CARTESIAN_POINT('',(0.262678997,0.612201665,1.805));
#359=CARTESIAN_POINT('',(0.230231998,0.590888418,1.805));
#360=CARTESIAN_POINT('',(0.193490111,0.579436445,1.805));
#361=CARTESIAN_POINT('',(0.15245399,0.577845828,1.805));
#362=B_SPLINE_CURVE_WITH_KNOTS('',3,(#337,#338,#339,#340,#341,#342,#343,#344,#345,#346,#347,#348,#349,#350,#351,#352,#353,#354,#355,#356,#357,#358,#359,#360,#361),.UNSPECIFIED.,.F.,.F.,(4,3,3,3,3,3,3,3,4),(0.563209227,0.612132095,0.661055032,0.714821273,0.768587581,0.82235379,0.881569238,0.940784861,1.),.UNSPECIFIED.);
#363=EDGE_CURVE('',#326,#215,#362,.T.);
#364=ORIENTED_EDGE('',*,*,#363,.T.);
#365=EDGE_LOOP('',(#223,#244,#256,#286,#294,#324,#336,#364));
#366=FACE_BOUND('',#365,.T.);
#367=CARTESIAN_POINT('',(0.361929159,0.123585395,1.805));
#368=VERTEX_POINT('',#367);
#369=CARTESIAN_POINT('',(-0.361929159,0.124062605,1.805));
#370=VERTEX_POINT('',#369);
#371=CARTESIAN_POINT('',(0.361929159,0.123585395,1.805));
#372=CARTESIAN_POINT('',(0.361929159,0.059009211,1.805));
#373=CARTESIAN_POINT('',(0.346501009,0.00079517,1.805));
#374=CARTESIAN_POINT('',(0.315644382,-0.051056726,1.805));
#375=CARTESIAN_POINT('',(0.284787756,-0.10290846,1.805));
#376=CARTESIAN_POINT('',(0.241763261,-0.14243358,1.805));
#377=CARTESIAN_POINT('',(0.186571223,-0.169632088,1.805));
#378=CARTESIAN_POINT('',(0.131379184,-0.196830432,1.805));
#379=CARTESIAN_POINT('',(0.068791374,-0.210429604,1.805));
#380=CARTESIAN_POINT('',(-0.001192861,-0.210429604,1.805));
#381=CARTESIAN_POINT('',(-0.07213119,-0.210429604,1.805));
#382=CARTESIAN_POINT('',(-0.135594211,-0.196114618,1.805));
#383=CARTESIAN_POINT('',(-0.191581273,-0.167484807,1.805));
#384=CARTESIAN_POINT('',(-0.24756866,-0.138854833,1.805));
#385=CARTESIAN_POINT('',(-0.289956876,-0.098295922,1.805));
#386=CARTESIAN_POINT('',(-0.318745594,-0.045807908,1.805));
#387=CARTESIAN_POINT('',(-0.347534637,0.006680268,1.805));
#388=CARTESIAN_POINT('',(-0.361929159,0.063303772,1.805));
#389=CARTESIAN_POINT('',(-0.361929159,0.124062605,1.805));
#390=B_SPLINE_CURVE_WITH_KNOTS('',3,(#371,#372,#373,#374,#375,#376,#377,#378,#379,#380,#381,#382,#383,#384,#385,#386,#387,#388,#389),.UNSPECIFIED.,.F.,.F.,(4,3,3,3,3,3,4),(0.475504929,0.562328934,0.649152737,0.735976438,0.823983805,0.911991682,1.),.UNSPECIFIED.);
#391=EDGE_CURVE('',#368,#370,#390,.T.);
#392=ORIENTED_EDGE('',*,*,#391,.T.);
#393=CARTESIAN_POINT('',(-0.361929159,0.124062605,1.805));
#394=CARTESIAN_POINT('',(-0.361929159,0.189911186,1.805));
#395=CARTESIAN_POINT('',(-0.346023473,0.248761669,1.805));
#396=CARTESIAN_POINT('',(-0.314212427,0.300613402,1.805));
#397=CARTESIAN_POINT('',(-0.282401708,0.352465299,1.805));
#398=CARTESIAN_POINT('',(-0.238979538,0.391751814,1.805));
#399=CARTESIAN_POINT('',(-0.183946569,0.418472949,1.805));
#400=CARTESIAN_POINT('',(-0.128913927,0.445194084,1.805));
#401=CARTESIAN_POINT('',(-0.070699886,0.458554651,1.805));
#402=CARTESIAN_POINT('',(-0.009304448,0.458554651,1.805));
#403=CARTESIAN_POINT('',(0.106805493,0.458554651,1.805));
#404=CARTESIAN_POINT('',(0.197705138,0.427380048,1.805));
#405=CARTESIAN_POINT('',(0.263394811,0.365030517,1.805));
#406=CARTESIAN_POINT('',(0.329084485,0.302681148,1.805));
#407=CARTESIAN_POINT('',(0.361929159,0.222199441,1.805));
#408=CARTESIAN_POINT('',(0.361929159,0.123585395,1.805));
#409=B_SPLINE_CURVE_WITH_KNOTS('',3,(#393,#394,#395,#396,#397,#398,#399,#400,#401,#402,#403,#404,#405,#406,#407,#408),.UNSPECIFIED.,.F.,.F.,(4,3,3,3,3,4),(0.,0.07010932,0.140218603,0.21032755,0.342916322,0.475504929),.UNSPECIFIED.);
#410=EDGE_CURVE('',#370,#368,#409,.T.);
#411=ORIENTED_EDGE('',*,*,#410,.T.);
#412=EDGE_LOOP('',(#392,#411));
#413=FACE_BOUND('',#412,.T.);
#414=CARTESIAN_POINT('',(0.342842727,-0.700000131,1.805));
#415=VERTEX_POINT('',#414);
#416=CARTESIAN_POINT('',(-0.065609976,-0.601704225,1.805));
#417=VERTEX_POINT('',#416);
#418=CARTESIAN_POINT('',(0.342842727,-0.700000131,1.805));
#419=CARTESIAN_POINT('',(0.337116863,-0.734355969,1.805));
#420=CARTESIAN_POINT('',(0.326221227,-0.763144686,1.805));
#421=CARTESIAN_POINT('',(0.310156797,-0.786366935,1.805));
#422=CARTESIAN_POINT('',(0.294092367,-0.809588858,1.805));
#423=CARTESIAN_POINT('',(0.271585933,-0.828277615,1.805));
#424=CARTESIAN_POINT('',(0.242638146,-0.842433695,1.805));
#425=CARTESIAN_POINT('',(0.213690032,-0.856589449,1.805));
#426=CARTESIAN_POINT('',(0.181879313,-0.863667407,1.805));
#427=CARTESIAN_POINT('',(0.147205335,-0.863667407,1.805));
#428=CARTESIAN_POINT('',(0.087718735,-0.863667407,1.805));
#429=CARTESIAN_POINT('',(0.037378003,-0.844739882,1.805));
#430=CARTESIAN_POINT('',(-0.003817189,-0.806884996,1.805));
#431=CARTESIAN_POINT('',(-0.04501238,-0.769029783,1.805));
#432=CARTESIAN_POINT('',(-0.065609976,-0.700636247,1.805));
#433=CARTESIAN_POINT('',(-0.065609976,-0.601704225,1.805));
#434=B_SPLINE_CURVE_WITH_KNOTS('',3,(#418,#419,#420,#421,#422,#423,#424,#425,#426,#427,#428,#429,#430,#431,#432,#433),.UNSPECIFIED.,.F.,.F.,(4,3,3,3,3,4),(0.100027428,0.239966565,0.379904374,0.519842832,0.759920943,1.),.UNSPECIFIED.);
#435=EDGE_CURVE('',#415,#417,#434,.T.);
#436=ORIENTED_EDGE('',*,*,#435,.T.);
#437=CARTESIAN_POINT('',(-0.065609976,-0.422290496,1.805));
#438=VERTEX_POINT('',#437);
#439=CARTESIAN_POINT('',(-0.065609976,-0.601704225,1.805));
#440=DIRECTION('',(0.,1.,0.));
#441=VECTOR('',#440,0.179413729);
#442=LINE('',#439,#441);
#443=EDGE_CURVE('',#417,#438,#442,.T.);
#444=ORIENTED_EDGE('',*,*,#443,.T.);
#445=CARTESIAN_POINT('',(-0.349999894,-0.422290496,1.805));
#446=VERTEX_POINT('',#445);
#447=CARTESIAN_POINT('',(-0.065609976,-0.422290496,1.805));
#448=DIRECTION('',(-1.,0.,0.));
#449=VECTOR('',#448,0.284389919);
#450=LINE('',#447,#449);
#451=EDGE_CURVE('',#438,#446,#450,.T.);
#452=ORIENTED_EDGE('',*,*,#451,.T.);
#453=CARTESIAN_POINT('',(-0.349999894,-0.329720617,1.805));
#454=VERTEX_POINT('',#453);
#455=CARTESIAN_POINT('',(-0.349999894,-0.422290496,1.805));
#456=DIRECTION('',(0.,1.,0.));
#457=VECTOR('',#456,0.092569878);
#458=LINE('',#455,#457);
#459=EDGE_CURVE('',#446,#454,#458,.T.);
#460=ORIENTED_EDGE('',*,*,#459,.T.);
#461=CARTESIAN_POINT('',(0.349523011,-0.329720617,1.805));
#462=VERTEX_POINT('',#461);
#463=CARTESIAN_POINT('',(-0.349999894,-0.329720617,1.805));
#464=DIRECTION('',(1.,0.,0.));
#465=VECTOR('',#464,0.699522905);
#466=LINE('',#463,#465);
#467=EDGE_CURVE('',#454,#462,#466,.T.);
#468=ORIENTED_EDGE('',*,*,#467,.T.);
#469=CARTESIAN_POINT('',(0.349523011,-0.593592475,1.805));
#470=VERTEX_POINT('',#469);
#471=CARTESIAN_POINT('',(0.349523011,-0.329720617,1.805));
#472=DIRECTION('',(-0.,-1.,0.));
#473=VECTOR('',#472,0.263871858);
#474=LINE('',#471,#473);
#475=EDGE_CURVE('',#462,#470,#474,.T.);
#476=ORIENTED_EDGE('',*,*,#475,.T.);
#477=CARTESIAN_POINT('',(0.349523011,-0.593592475,1.805));
#478=CARTESIAN_POINT('',(0.349523011,-0.640036321,1.805));
#479=CARTESIAN_POINT('',(0.347296032,-0.675505649,1.805));
#480=CARTESIAN_POINT('',(0.342842727,-0.700000131,1.805));
#481=B_SPLINE_CURVE_WITH_KNOTS('',3,(#477,#478,#479,#480),.UNSPECIFIED.,.F.,.F.,(4,4),(0.,0.100027428),.UNSPECIFIED.);
#482=EDGE_CURVE('',#470,#415,#481,.T.);
#483=ORIENTED_EDGE('',*,*,#482,.T.);
#484=EDGE_LOOP('',(#436,#444,#452,#460,#468,#476,#483));
#485=FACE_BOUND('',#484,.T.);
#486=CARTESIAN_POINT('',(-0.053680711,-1.201022549,1.805));
#487=VERTEX_POINT('',#486);
#488=CARTESIAN_POINT('',(-0.140047516,-1.201022549,1.805));
#489=VERTEX_POINT('',#488);
#490=CARTESIAN_POINT('',(-0.053680711,-1.201022549,1.805));
#491=DIRECTION('',(-1.,0.,0.));
#492=VECTOR('',#491,0.086366804);
#493=LINE('',#490,#492);
#494=EDGE_CURVE('',#487,#489,#493,.T.);
#495=ORIENTED_EDGE('',*,*,#494,.T.);
#496=CARTESIAN_POINT('',(-0.140047516,-0.937150691,1.805));
#497=VERTEX_POINT('',#496);
#498=CARTESIAN_POINT('',(-0.140047516,-1.201022549,1.805));
#499=DIRECTION('',(0.,1.,0.));
#500=VECTOR('',#499,0.263871858);
#501=LINE('',#498,#500);
#502=EDGE_CURVE('',#489,#497,#501,.T.);
#503=ORIENTED_EDGE('',*,*,#502,.T.);
#504=CARTESIAN_POINT('',(-0.053680711,-0.937150691,1.805));
#505=VERTEX_POINT('',#504);
#506=CARTESIAN_POINT('',(-0.140047516,-0.937150691,1.805));
#507=DIRECTION('',(1.,0.,-0.));
#508=VECTOR('',#507,0.086366804);
#509=LINE('',#506,#508);
#510=EDGE_CURVE('',#497,#505,#509,.T.);
#511=ORIENTED_EDGE('',*,*,#510,.T.);
#512=CARTESIAN_POINT('',(-0.053680711,-0.937150691,1.805));
#513=DIRECTION('',(0.,-1.,0.));
#514=VECTOR('',#513,0.263871858);
#515=LINE('',#512,#514);
#516=EDGE_CURVE('',#505,#487,#515,.T.);
#517=ORIENTED_EDGE('',*,*,#516,.T.);
#518=EDGE_LOOP('',(#495,#503,#511,#517));
#519=FACE_BOUND('',#518,.T.);
#520=CARTESIAN_POINT('',(0.029345625,-1.600409245,1.805));
#521=VERTEX_POINT('',#520);
#522=CARTESIAN_POINT('',(0.029345625,-1.404294644,1.805));
#523=VERTEX_POINT('',#522);
#524=CARTESIAN_POINT('',(0.029345625,-1.600409245,1.805));
#525=CARTESIAN_POINT('',(0.015348778,-1.643353554,1.805));
#526=CARTESIAN_POINT('',(-0.007236865,-1.676039484,1.805));
#527=CARTESIAN_POINT('',(-0.038411631,-1.698466383,1.805));
#528=CARTESIAN_POINT('',(-0.069586397,-1.720892957,1.805));
#529=CARTESIAN_POINT('',(-0.106805167,-1.732106406,1.805));
#530=CARTESIAN_POINT('',(-0.150067941,-1.732106406,1.805));
#531=CARTESIAN_POINT('',(-0.209872681,-1.732106406,1.805));
#532=CARTESIAN_POINT('',(-0.260133878,-1.71095174,1.805));
#533=CARTESIAN_POINT('',(-0.30085186,-1.668643711,1.805));
#534=CARTESIAN_POINT('',(-0.341569842,-1.626335031,1.805));
#535=CARTESIAN_POINT('',(-0.361929159,-1.570665782,1.805));
#536=CARTESIAN_POINT('',(-0.361929159,-1.501636293,1.805));
#537=CARTESIAN_POINT('',(-0.361929159,-1.432606152,1.805));
#538=CARTESIAN_POINT('',(-0.341490307,-1.376937229,1.805));
#539=CARTESIAN_POINT('',(-0.300613255,-1.334628549,1.805));
#540=CARTESIAN_POINT('',(-0.259736204,-1.292319868,1.805));
#541=CARTESIAN_POINT('',(-0.208759191,-1.271165528,1.805));
#542=CARTESIAN_POINT('',(-0.147682219,-1.271165854,1.805));
#543=CARTESIAN_POINT('',(-0.102192466,-1.271165528,1.805));
#544=CARTESIAN_POINT('',(-0.064099138,-1.282696791,1.805));
#545=CARTESIAN_POINT('',(-0.033401255,-1.305760296,1.805));
#546=CARTESIAN_POINT('',(-0.002703699,-1.328822823,1.805));
#547=CARTESIAN_POINT('',(0.01821171,-1.361667823,1.805));
#548=CARTESIAN_POINT('',(0.029345625,-1.404294644,1.805));
#549=B_SPLINE_CURVE_WITH_KNOTS('',3,(#524,#525,#526,#527,#528,#529,#530,#531,#532,#533,#534,#535,#536,#537,#538,#539,#540,#541,#542,#543,#544,#545,#546,#547,#548),.UNSPECIFIED.,.F.,.F.,(4,3,3,3,3,3,3,3,4),(0.4211414,0.476401049,0.531660424,0.608048787,0.684437762,0.760827458,0.837217154,0.894111728,0.951005046),.UNSPECIFIED.);
#550=EDGE_CURVE('',#521,#523,#549,.T.);
#551=ORIENTED_EDGE('',*,*,#550,.T.);
#552=CARTESIAN_POINT('',(0.085173943,-1.325085333,1.805));
#553=VERTEX_POINT('',#552);
#554=CARTESIAN_POINT('',(0.029345625,-1.404294644,1.805));
#555=CARTESIAN_POINT('',(0.042388053,-1.368666247,1.805));
#556=CARTESIAN_POINT('',(0.060997601,-1.342263252,1.805));
#557=CARTESIAN_POINT('',(0.085173943,-1.325085333,1.805));
#558=B_SPLINE_CURVE_WITH_KNOTS('',3,(#554,#555,#556,#557),.UNSPECIFIED.,.F.,.F.,(4,4),(0.951005046,1.),.UNSPECIFIED.);
#559=EDGE_CURVE('',#523,#553,#558,.T.);
#560=ORIENTED_EDGE('',*,*,#559,.T.);
#561=CARTESIAN_POINT('',(0.085173943,-1.325085333,1.805));
#562=CARTESIAN_POINT('',(0.109350285,-1.307907414,1.805));
#563=CARTESIAN_POINT('',(0.138298399,-1.299318617,1.805));
#564=CARTESIAN_POINT('',(0.172017957,-1.299318617,1.805));
#565=CARTESIAN_POINT('',(0.222915434,-1.299318617,1.805));
#566=CARTESIAN_POINT('',(0.265700999,-1.3176097,1.805));
#567=CARTESIAN_POINT('',(0.300374976,-1.354192516,1.805));
#568=CARTESIAN_POINT('',(0.335048954,-1.390775006,1.805));
#569=CARTESIAN_POINT('',(0.352385943,-1.439445505,1.805));
#570=CARTESIAN_POINT('',(0.352385943,-1.500204664,1.805));
#571=CARTESIAN_POINT('',(0.352385943,-1.561281311,1.805));
#572=CARTESIAN_POINT('',(0.334651279,-1.610429345,1.805));
#573=CARTESIAN_POINT('',(0.299181952,-1.647648441,1.805));
#574=CARTESIAN_POINT('',(0.263712951,-1.684866885,1.805));
#575=CARTESIAN_POINT('',(0.220529386,-1.703476433,1.805));
#576=CARTESIAN_POINT('',(0.169631909,-1.703476759,1.805));
#577=CARTESIAN_POINT('',(0.13718491,-1.703476433,1.805));
#578=CARTESIAN_POINT('',(0.108952611,-1.694966845,1.805));
#579=CARTESIAN_POINT('',(0.084935338,-1.677948322,1.805));
#580=CARTESIAN_POINT('',(0.060918066,-1.660929473,1.805));
#581=CARTESIAN_POINT('',(0.042388053,-1.635082897,1.805));
#582=CARTESIAN_POINT('',(0.029345625,-1.600409245,1.805));
#583=B_SPLINE_CURVE_WITH_KNOTS('',3,(#561,#562,#563,#564,#565,#566,#567,#568,#569,#570,#571,#572,#573,#574,#575,#576,#577,#578,#579,#580,#581,#582),.UNSPECIFIED.,.F.,.F.,(4,3,3,3,3,3,3,4),(0.,0.046855857,0.117581721,0.188307254,0.259402352,0.330496487,0.375818799,0.4211414),.UNSPECIFIED.);
#584=EDGE_CURVE('',#553,#521,#583,.T.);
#585=ORIENTED_EDGE('',*,*,#584,.T.);
#586=EDGE_LOOP('',(#551,#560,#585));
#587=FACE_BOUND('',#586,.T.);
#588=CARTESIAN_POINT('',(-1.6,1.9,1.8045));
#589=VERTEX_POINT('',#588);
#590=CARTESIAN_POINT('',(-1.35,1.9,1.805));
#591=DIRECTION('',(-0.,-0.,1.));
#592=DIRECTION('',(-1.,0.,0.));
#593=AXIS2_PLACEMENT_3D('',#590,#591,#592);
#594=CIRCLE('',#593,0.25);
#595=EDGE_CURVE('',#589,#589,#594,.T.);
#596=ORIENTED_EDGE('',*,*,#595,.F.);
#597=EDGE_LOOP('',(#596));
#598=FACE_BOUND('',#597,.T.);
#599=CARTESIAN_POINT('',(-1.778554992,-2.278554992,1.805));
#600=VERTEX_POINT('',#599);
#601=CARTESIAN_POINT('',(1.778554992,-2.278554992,1.805));
#602=VERTEX_POINT('',#601);
#603=CARTESIAN_POINT('',(-1.778554992,-2.278554992,1.805));
#604=DIRECTION('',(1.,-0.,0.));
#605=VECTOR('',#604,3.557109984);
#606=LINE('',#603,#605);
#607=EDGE_CURVE('',#600,#602,#606,.T.);
#608=ORIENTED_EDGE('',*,*,#607,.T.);
#609=CARTESIAN_POINT('',(1.778554992,2.278554992,1.805));
#610=VERTEX_POINT('',#609);
#611=CARTESIAN_POINT('',(1.778554992,-2.278554992,1.805));
#612=DIRECTION('',(-0.,1.,0.));
#613=VECTOR('',#612,4.557109984);
#614=LINE('',#611,#613);
#615=EDGE_CURVE('',#602,#610,#614,.T.);
#616=ORIENTED_EDGE('',*,*,#615,.T.);
#617=CARTESIAN_POINT('',(-1.778554992,2.278554992,1.805));
#618=VERTEX_POINT('',#617);
#619=CARTESIAN_POINT('',(1.778554992,2.278554992,1.805));
#620=DIRECTION('',(-1.,-0.,0.));
#621=VECTOR('',#620,3.557109984);
#622=LINE('',#619,#621);
#623=EDGE_CURVE('',#610,#618,#622,.T.);
#624=ORIENTED_EDGE('',*,*,#623,.T.);
#625=CARTESIAN_POINT('',(-1.778554992,2.278554992,1.805));
#626=DIRECTION('',(0.,-1.,0.));
#627=VECTOR('',#626,4.557109984);
#628=LINE('',#625,#627);
#629=EDGE_CURVE('',#618,#600,#628,.T.);
#630=ORIENTED_EDGE('',*,*,#629,.T.);
#631=EDGE_LOOP('',(#608,#616,#624,#630));
#632=FACE_BOUND('',#631,.T.);
#633=ADVANCED_FACE('',(#213,#366,#413,#485,#519,#587,#598,#632),#115,.T.);
#634=CARTESIAN_POINT('',(0.,2.431232478,1.415));
#635=DIRECTION('',(-0.,-0.984807753,-0.173648178));
#636=DIRECTION('',(0.979616066,-0.034882269,0.197827175));
#637=AXIS2_PLACEMENT_3D('',#634,#635,#636);
#638=PLANE('',#637);
#639=CARTESIAN_POINT('',(-1.778554993,2.377035767,1.722364818));
#640=VERTEX_POINT('',#639);
#641=CARTESIAN_POINT('',(1.778554992,2.377035767,1.722364818));
#642=VERTEX_POINT('',#641);
#643=CARTESIAN_POINT('',(-1.778554993,2.377035768,1.722364818));
#644=DIRECTION('',(1.,0.,-0.));
#645=VECTOR('',#644,3.557109985);
#646=LINE('',#643,#645);
#647=EDGE_CURVE('',#640,#642,#646,.T.);
#648=ORIENTED_EDGE('',*,*,#647,.T.);
#649=CARTESIAN_POINT('',(1.901519225,2.5,1.025));
#650=VERTEX_POINT('',#649);
#651=CARTESIAN_POINT('',(1.778554992,2.377035768,1.722364818));
#652=DIRECTION('',(0.17108787,0.17108787,-0.970287525));
#653=VECTOR('',#652,0.718719761);
#654=LINE('',#651,#653);
#655=EDGE_CURVE('',#642,#650,#654,.T.);
#656=ORIENTED_EDGE('',*,*,#655,.T.);
#657=CARTESIAN_POINT('',(-1.901519225,2.5,1.025));
#658=VERTEX_POINT('',#657);
#659=CARTESIAN_POINT('',(-1.901519225,2.5,1.025));
#660=DIRECTION('',(1.,0.,0.));
#661=VECTOR('',#660,3.80303845);
#662=LINE('',#659,#661);
#663=EDGE_CURVE('',#658,#650,#662,.T.);
#664=ORIENTED_EDGE('',*,*,#663,.F.);
#665=CARTESIAN_POINT('',(-1.901519225,2.500000001,1.025));
#666=DIRECTION('',(0.17108787,-0.17108787,0.970287525));
#667=VECTOR('',#666,0.718719761);
#668=LINE('',#665,#667);
#669=EDGE_CURVE('',#658,#640,#668,.T.);
#670=ORIENTED_EDGE('',*,*,#669,.T.);
#671=EDGE_LOOP('',(#648,#656,#664,#670));
#672=FACE_BOUND('',#671,.T.);
#673=ADVANCED_FACE('',(#672),#638,.F.);
#674=CARTESIAN_POINT('',(-2.,2.5,1.025));
#675=DIRECTION('',(0.,0.,1.));
#676=DIRECTION('',(0.624695048,-0.780868809,0.));
#677=AXIS2_PLACEMENT_3D('',#674,#675,#676);
#678=PLANE('',#677);
#679=CARTESIAN_POINT('',(2.,2.401519225,1.025));
#680=VERTEX_POINT('',#679);
#681=CARTESIAN_POINT('',(2.,-2.401519225,1.025));
#682=VERTEX_POINT('',#681);
#683=CARTESIAN_POINT('',(2.,2.401519225,1.025));
#684=DIRECTION('',(0.,-1.,0.));
#685=VECTOR('',#684,4.80303845);
#686=LINE('',#683,#685);
#687=EDGE_CURVE('',#680,#682,#686,.T.);
#688=ORIENTED_EDGE('',*,*,#687,.T.);
#689=CARTESIAN_POINT('',(1.901519225,-2.5,1.025));
#690=VERTEX_POINT('',#689);
#691=CARTESIAN_POINT('',(2.,-2.401519225,1.025));
#692=CARTESIAN_POINT('',(2.,-2.413298979,1.025));
#693=CARTESIAN_POINT('',(1.997886518,-2.425908134,1.025));
#694=CARTESIAN_POINT('',(1.993116184,-2.438045656,1.025));
#695=CARTESIAN_POINT('',(1.98834585,-2.450183179,1.025));
#696=CARTESIAN_POINT('',(1.980888896,-2.461777791,1.025));
#697=CARTESIAN_POINT('',(1.971333344,-2.471333344,1.025));
#698=CARTESIAN_POINT('',(1.961777791,-2.480888896,1.025));
#699=CARTESIAN_POINT('',(1.950183179,-2.48834585,1.025));
#700=CARTESIAN_POINT('',(1.938045656,-2.493116184,1.025));
#701=CARTESIAN_POINT('',(1.925908134,-2.497886518,1.025));
#702=CARTESIAN_POINT('',(1.913298979,-2.5,1.025));
#703=CARTESIAN_POINT('',(1.901519225,-2.5,1.025));
#704=B_SPLINE_CURVE_WITH_KNOTS('',3,(#691,#692,#693,#694,#695,#696,#697,#698,#699,#700,#701,#702,#703),.UNSPECIFIED.,.F.,.F.,(4,3,3,3,4),(135.86397061,157.931985305,180.,202.068014695,224.13602939),.UNSPECIFIED.);
#705=EDGE_CURVE('',#682,#690,#704,.T.);
#706=ORIENTED_EDGE('',*,*,#705,.T.);
#707=CARTESIAN_POINT('',(-1.901519225,-2.5,1.025));
#708=VERTEX_POINT('',#707);
#709=CARTESIAN_POINT('',(1.901519225,-2.5,1.025));
#710=DIRECTION('',(-1.,0.,0.));
#711=VECTOR('',#710,3.80303845);
#712=LINE('',#709,#711);
#713=EDGE_CURVE('',#690,#708,#712,.T.);
#714=ORIENTED_EDGE('',*,*,#713,.T.);
#715=CARTESIAN_POINT('',(-2.,-2.401519225,1.025));
#716=VERTEX_POINT('',#715);
#717=CARTESIAN_POINT('',(-1.901519225,-2.5,1.025));
#718=CARTESIAN_POINT('',(-1.913298979,-2.5,1.025));
#719=CARTESIAN_POINT('',(-1.925908134,-2.497886518,1.025));
#720=CARTESIAN_POINT('',(-1.938045656,-2.493116184,1.025));
#721=CARTESIAN_POINT('',(-1.950183179,-2.48834585,1.025));
#722=CARTESIAN_POINT('',(-1.961777791,-2.480888896,1.025));
#723=CARTESIAN_POINT('',(-1.971333344,-2.471333344,1.025));
#724=CARTESIAN_POINT('',(-1.980888896,-2.461777791,1.025));
#725=CARTESIAN_POINT('',(-1.98834585,-2.450183179,1.025));
#726=CARTESIAN_POINT('',(-1.993116184,-2.438045656,1.025));
#727=CARTESIAN_POINT('',(-1.997886518,-2.425908134,1.025));
#728=CARTESIAN_POINT('',(-2.,-2.413298979,1.025));
#729=CARTESIAN_POINT('',(-2.,-2.401519225,1.025));
#730=B_SPLINE_CURVE_WITH_KNOTS('',3,(#717,#718,#719,#720,#721,#722,#723,#724,#725,#726,#727,#728,#729),.UNSPECIFIED.,.F.,.F.,(4,3,3,3,4),(135.86397061,157.931985305,180.,202.068014695,224.13602939),.UNSPECIFIED.);
#731=EDGE_CURVE('',#708,#716,#730,.T.);
#732=ORIENTED_EDGE('',*,*,#731,.T.);
#733=CARTESIAN_POINT('',(-2.,2.401519225,1.025));
#734=VERTEX_POINT('',#733);
#735=CARTESIAN_POINT('',(-2.,-2.401519225,1.025));
#736=DIRECTION('',(-0.,1.,0.));
#737=VECTOR('',#736,4.80303845);
#738=LINE('',#735,#737);
#739=EDGE_CURVE('',#716,#734,#738,.T.);
#740=ORIENTED_EDGE('',*,*,#739,.T.);
#741=CARTESIAN_POINT('',(-2.,2.401519225,1.025));
#742=CARTESIAN_POINT('',(-2.,2.413298979,1.025));
#743=CARTESIAN_POINT('',(-1.997886518,2.425908134,1.025));
#744=CARTESIAN_POINT('',(-1.993116184,2.438045656,1.025));
#745=CARTESIAN_POINT('',(-1.98834585,2.450183179,1.025));
#746=CARTESIAN_POINT('',(-1.980888896,2.461777791,1.025));
#747=CARTESIAN_POINT('',(-1.971333344,2.471333344,1.025));
#748=CARTESIAN_POINT('',(-1.961777791,2.480888896,1.025));
#749=CARTESIAN_POINT('',(-1.950183179,2.48834585,1.025));
#750=CARTESIAN_POINT('',(-1.938045656,2.493116184,1.025));
#751=CARTESIAN_POINT('',(-1.925908134,2.497886518,1.025));
#752=CARTESIAN_POINT('',(-1.913298979,2.5,1.025));
#753=CARTESIAN_POINT('',(-1.901519225,2.5,1.025));
#754=B_SPLINE_CURVE_WITH_KNOTS('',3,(#741,#742,#743,#744,#745,#746,#747,#748,#749,#750,#751,#752,#753),.UNSPECIFIED.,.F.,.F.,(4,3,3,3,4),(135.86397061,157.931985305,180.,202.068014695,224.13602939),.UNSPECIFIED.);
#755=EDGE_CURVE('',#734,#658,#754,.T.);
#756=ORIENTED_EDGE('',*,*,#755,.T.);
#757=ORIENTED_EDGE('',*,*,#663,.T.);
#758=CARTESIAN_POINT('',(1.901519225,2.5,1.025));
#759=CARTESIAN_POINT('',(1.913298979,2.5,1.025));
#760=CARTESIAN_POINT('',(1.925908134,2.497886518,1.025));
#761=CARTESIAN_POINT('',(1.938045656,2.493116184,1.025));
#762=CARTESIAN_POINT('',(1.950183179,2.48834585,1.025));
#763=CARTESIAN_POINT('',(1.961777791,2.480888896,1.025));
#764=CARTESIAN_POINT('',(1.971333344,2.471333344,1.025));
#765=CARTESIAN_POINT('',(1.980888896,2.461777791,1.025));
#766=CARTESIAN_POINT('',(1.98834585,2.450183179,1.025));
#767=CARTESIAN_POINT('',(1.993116184,2.438045656,1.025));
#768=CARTESIAN_POINT('',(1.997886518,2.425908134,1.025));
#769=CARTESIAN_POINT('',(2.,2.413298979,1.025));
#770=CARTESIAN_POINT('',(2.,2.401519225,1.025));
#771=B_SPLINE_CURVE_WITH_KNOTS('',3,(#758,#759,#760,#761,#762,#763,#764,#765,#766,#767,#768,#769,#770),.UNSPECIFIED.,.F.,.F.,(4,3,3,3,4),(135.86397061,157.931985305,180.,202.068014695,224.13602939),.UNSPECIFIED.);
#772=EDGE_CURVE('',#650,#680,#771,.T.);
#773=ORIENTED_EDGE('',*,*,#772,.T.);
#774=EDGE_LOOP('',(#688,#706,#714,#732,#740,#756,#757,#773));
#775=FACE_BOUND('',#774,.T.);
#776=ADVANCED_FACE('',(#775),#678,.F.);
#777=CARTESIAN_POINT('',(1.931232478,0.,1.415));
#778=DIRECTION('',(-0.984807753,0.,-0.173648178));
#779=DIRECTION('',(-0.027917119,-0.986992178,0.15832585));
#780=AXIS2_PLACEMENT_3D('',#777,#778,#779);
#781=PLANE('',#780);
#782=CARTESIAN_POINT('',(1.877035767,2.278554993,1.722364818));
#783=VERTEX_POINT('',#782);
#784=CARTESIAN_POINT('',(1.877035767,-2.278554992,1.722364818));
#785=VERTEX_POINT('',#784);
#786=CARTESIAN_POINT('',(1.877035768,2.278554993,1.722364818));
#787=DIRECTION('',(0.,-1.,0.));
#788=VECTOR('',#787,4.557109985);
#789=LINE('',#786,#788);
#790=EDGE_CURVE('',#783,#785,#789,.T.);
#791=ORIENTED_EDGE('',*,*,#790,.T.);
#792=CARTESIAN_POINT('',(1.877035768,-2.278554992,1.722364818));
#793=DIRECTION('',(0.17108787,-0.17108787,-0.970287525));
#794=VECTOR('',#793,0.718719761);
#795=LINE('',#792,#794);
#796=EDGE_CURVE('',#785,#682,#795,.T.);
#797=ORIENTED_EDGE('',*,*,#796,.T.);
#798=ORIENTED_EDGE('',*,*,#687,.F.);
#799=CARTESIAN_POINT('',(2.000000001,2.401519225,1.025));
#800=DIRECTION('',(-0.17108787,-0.17108787,0.970287525));
#801=VECTOR('',#800,0.718719761);
#802=LINE('',#799,#801);
#803=EDGE_CURVE('',#680,#783,#802,.T.);
#804=ORIENTED_EDGE('',*,*,#803,.T.);
#805=EDGE_LOOP('',(#791,#797,#798,#804));
#806=FACE_BOUND('',#805,.T.);
#807=ADVANCED_FACE('',(#806),#781,.F.);
#808=CARTESIAN_POINT('',(-1.931232478,0.,1.415));
#809=DIRECTION('',(0.984807753,-0.,-0.173648178));
#810=DIRECTION('',(0.027917119,0.986992178,0.15832585));
#811=AXIS2_PLACEMENT_3D('',#808,#809,#810);
#812=PLANE('',#811);
#813=ORIENTED_EDGE('',*,*,#739,.F.);
#814=CARTESIAN_POINT('',(-1.877035767,-2.278554992,1.722364818));
#815=VERTEX_POINT('',#814);
#816=CARTESIAN_POINT('',(-2.000000001,-2.401519225,1.025));
#817=DIRECTION('',(0.17108787,0.17108787,0.970287525));
#818=VECTOR('',#817,0.718719761);
#819=LINE('',#816,#818);
#820=EDGE_CURVE('',#716,#815,#819,.T.);
#821=ORIENTED_EDGE('',*,*,#820,.T.);
#822=CARTESIAN_POINT('',(-1.877035767,2.278554992,1.722364818));
#823=VERTEX_POINT('',#822);
#824=CARTESIAN_POINT('',(-1.877035768,-2.278554992,1.722364818));
#825=DIRECTION('',(0.,1.,0.));
#826=VECTOR('',#825,4.557109984);
#827=LINE('',#824,#826);
#828=EDGE_CURVE('',#815,#823,#827,.T.);
#829=ORIENTED_EDGE('',*,*,#828,.T.);
#830=CARTESIAN_POINT('',(-1.877035768,2.278554992,1.722364818));
#831=DIRECTION('',(-0.17108787,0.17108787,-0.970287525));
#832=VECTOR('',#831,0.718719761);
#833=LINE('',#830,#832);
#834=EDGE_CURVE('',#823,#734,#833,.T.);
#835=ORIENTED_EDGE('',*,*,#834,.T.);
#836=EDGE_LOOP('',(#813,#821,#829,#835));
#837=FACE_BOUND('',#836,.T.);
#838=ADVANCED_FACE('',(#837),#812,.F.);
#839=CARTESIAN_POINT('',(0.,-2.431232478,1.415));
#840=DIRECTION('',(0.,0.984807753,-0.173648178));
#841=DIRECTION('',(-0.979616066,0.034882269,0.197827175));
#842=AXIS2_PLACEMENT_3D('',#839,#840,#841);
#843=PLANE('',#842);
#844=ORIENTED_EDGE('',*,*,#713,.F.);
#845=CARTESIAN_POINT('',(1.778554992,-2.377035767,1.722364818));
#846=VERTEX_POINT('',#845);
#847=CARTESIAN_POINT('',(1.901519225,-2.500000001,1.025));
#848=DIRECTION('',(-0.17108787,0.17108787,0.970287525));
#849=VECTOR('',#848,0.718719761);
#850=LINE('',#847,#849);
#851=EDGE_CURVE('',#690,#846,#850,.T.);
#852=ORIENTED_EDGE('',*,*,#851,.T.);
#853=CARTESIAN_POINT('',(-1.778554992,-2.377035767,1.722364818));
#854=VERTEX_POINT('',#853);
#855=CARTESIAN_POINT('',(1.778554992,-2.377035768,1.722364818));
#856=DIRECTION('',(-1.,0.,-0.));
#857=VECTOR('',#856,3.557109984);
#858=LINE('',#855,#857);
#859=EDGE_CURVE('',#846,#854,#858,.T.);
#860=ORIENTED_EDGE('',*,*,#859,.T.);
#861=CARTESIAN_POINT('',(-1.778554992,-2.377035768,1.722364818));
#862=DIRECTION('',(-0.17108787,-0.17108787,-0.970287525));
#863=VECTOR('',#862,0.718719761);
#864=LINE('',#861,#863);
#865=EDGE_CURVE('',#854,#708,#864,.T.);
#866=ORIENTED_EDGE('',*,*,#865,.T.);
#867=EDGE_LOOP('',(#844,#852,#860,#866));
#868=FACE_BOUND('',#867,.T.);
#869=ADVANCED_FACE('',(#868),#843,.F.);
#870=CARTESIAN_POINT('',(-1.35,1.9,1.815));
#871=DIRECTION('',(0.,0.,-1.));
#872=DIRECTION('',(-1.,0.,0.));
#873=AXIS2_PLACEMENT_3D('',#870,#871,#872);
#874=CYLINDRICAL_SURFACE('',#873,0.25);
#875=CARTESIAN_POINT('',(-1.6,1.9,1.8155));
#876=VERTEX_POINT('',#875);
#877=CARTESIAN_POINT('',(-1.6,1.9,1.804));
#878=DIRECTION('',(-0.,-0.,1.));
#879=VECTOR('',#878,0.012);
#880=LINE('',#877,#879);
#881=EDGE_CURVE('',#589,#876,#880,.T.);
#882=ORIENTED_EDGE('',*,*,#881,.T.);
#883=CARTESIAN_POINT('',(-1.35,1.9,1.815));
#884=DIRECTION('',(-0.,-0.,1.));
#885=DIRECTION('',(-1.,0.,0.));
#886=AXIS2_PLACEMENT_3D('',#883,#884,#885);
#887=CIRCLE('',#886,0.25);
#888=EDGE_CURVE('',#876,#876,#887,.T.);
#889=ORIENTED_EDGE('',*,*,#888,.F.);
#890=ORIENTED_EDGE('',*,*,#881,.F.);
#891=ORIENTED_EDGE('',*,*,#595,.T.);
#892=EDGE_LOOP('',(#882,#889,#890,#891));
#893=FACE_BOUND('',#892,.T.);
#894=ADVANCED_FACE('',(#893),#874,.T.);
#895=CARTESIAN_POINT('',(0.,0.,1.815));
#896=DIRECTION('',(0.,0.,1.));
#897=DIRECTION('',(1.,0.,0.));
#898=AXIS2_PLACEMENT_3D('',#895,#896,#897);
#899=PLANE('',#898);
#900=ORIENTED_EDGE('',*,*,#888,.T.);
#901=EDGE_LOOP('',(#900));
#902=FACE_BOUND('',#901,.T.);
#903=ADVANCED_FACE('',(#902),#899,.T.);
#904=DRAUGHTING_PRE_DEFINED_COLOUR('white');
#905=FILL_AREA_STYLE_COLOUR('',#904);
#906=FILL_AREA_STYLE('',(#905));
#907=SURFACE_STYLE_FILL_AREA(#906);
#908=SURFACE_SIDE_STYLE('',(#907));
#909=SURFACE_STYLE_USAGE(.BOTH.,#908);
#910=PRESENTATION_STYLE_ASSIGNMENT((#909));
#911=OVER_RIDING_STYLED_ITEM('',(#910),#903,#110);
#912=CARTESIAN_POINT('',(-1.778554992,0.,1.705));
#913=DIRECTION('',(0.,-1.,0.));
#914=DIRECTION('',(1.,0.,0.));
#915=AXIS2_PLACEMENT_3D('',#912,#913,#914);
#916=CYLINDRICAL_SURFACE('',#915,0.1);
#917=ORIENTED_EDGE('',*,*,#828,.F.);
#918=CARTESIAN_POINT('',(-1.778554992,-2.278554992,1.705));
#919=DIRECTION('',(-0.,1.,-0.));
#920=DIRECTION('',(0.,0.,-1.));
#921=AXIS2_PLACEMENT_3D('',#918,#919,#920);
#922=CIRCLE('',#921,0.1);
#923=EDGE_CURVE('',#815,#600,#922,.T.);
#924=ORIENTED_EDGE('',*,*,#923,.T.);
#925=ORIENTED_EDGE('',*,*,#629,.F.);
#926=CARTESIAN_POINT('',(-1.778554992,2.278554992,1.705));
#927=DIRECTION('',(0.,-1.,0.));
#928=DIRECTION('',(0.,0.,-1.));
#929=AXIS2_PLACEMENT_3D('',#926,#927,#928);
#930=CIRCLE('',#929,0.1);
#931=EDGE_CURVE('',#618,#823,#930,.T.);
#932=ORIENTED_EDGE('',*,*,#931,.T.);
#933=EDGE_LOOP('',(#917,#924,#925,#932));
#934=FACE_BOUND('',#933,.T.);
#935=ADVANCED_FACE('',(#934),#916,.T.);
#936=CARTESIAN_POINT('',(-1.779105119,2.279105119,1.701880076));
#937=DIRECTION('',(0.17108787,-0.17108787,0.970287525));
#938=DIRECTION('',(0.,-0.984807753,-0.173648178));
#939=AXIS2_PLACEMENT_3D('',#936,#937,#938);
#940=CYLINDRICAL_SURFACE('',#939,0.1);
#941=ORIENTED_EDGE('',*,*,#755,.F.);
#942=ORIENTED_EDGE('',*,*,#834,.F.);
#943=CARTESIAN_POINT('',(-1.778554992,2.278554992,1.705));
#944=DIRECTION('',(0.17108787,-0.17108787,0.970287525));
#945=DIRECTION('',(0.,-0.984807753,-0.173648178));
#946=AXIS2_PLACEMENT_3D('',#943,#944,#945);
#947=CIRCLE('',#946,0.1);
#948=EDGE_CURVE('',#640,#823,#947,.T.);
#949=ORIENTED_EDGE('',*,*,#948,.F.);
#950=ORIENTED_EDGE('',*,*,#669,.F.);
#951=EDGE_LOOP('',(#941,#942,#949,#950));
#952=FACE_BOUND('',#951,.T.);
#953=ADVANCED_FACE('',(#952),#940,.T.);
#954=CARTESIAN_POINT('',(-1.778554992,2.278554992,1.705));
#955=DIRECTION('',(0.,-0.984807753,-0.173648178));
#956=DIRECTION('',(0.,0.173648178,-0.984807753));
#957=AXIS2_PLACEMENT_3D('',#954,#955,#956);
#958=SPHERICAL_SURFACE('',#957,0.1);
#959=ORIENTED_EDGE('',*,*,#948,.T.);
#960=ORIENTED_EDGE('',*,*,#931,.F.);
#961=CARTESIAN_POINT('',(-1.778554992,2.278554992,1.705));
#962=DIRECTION('',(1.,-0.,-0.));
#963=DIRECTION('',(0.,0.,1.));
#964=AXIS2_PLACEMENT_3D('',#961,#962,#963);
#965=CIRCLE('',#964,0.1);
#966=EDGE_CURVE('',#640,#618,#965,.T.);
#967=ORIENTED_EDGE('',*,*,#966,.F.);
#968=EDGE_LOOP('',(#959,#960,#967));
#969=FACE_BOUND('',#968,.T.);
#970=ADVANCED_FACE('',(#969),#958,.T.);
#971=CARTESIAN_POINT('',(0.,2.278554992,1.705));
#972=DIRECTION('',(-1.,0.,0.));
#973=DIRECTION('',(0.,-1.,0.));
#974=AXIS2_PLACEMENT_3D('',#971,#972,#973);
#975=CYLINDRICAL_SURFACE('',#974,0.1);
#976=ORIENTED_EDGE('',*,*,#623,.F.);
#977=CARTESIAN_POINT('',(1.778554992,2.278554992,1.705));
#978=DIRECTION('',(-1.,0.,0.));
#979=DIRECTION('',(0.,0.,1.));
#980=AXIS2_PLACEMENT_3D('',#977,#978,#979);
#981=CIRCLE('',#980,0.1);
#982=EDGE_CURVE('',#610,#642,#981,.T.);
#983=ORIENTED_EDGE('',*,*,#982,.T.);
#984=ORIENTED_EDGE('',*,*,#647,.F.);
#985=ORIENTED_EDGE('',*,*,#966,.T.);
#986=EDGE_LOOP('',(#976,#983,#984,#985));
#987=FACE_BOUND('',#986,.T.);
#988=ADVANCED_FACE('',(#987),#975,.T.);
#989=CARTESIAN_POINT('',(0.,-2.278554992,1.705));
#990=DIRECTION('',(1.,0.,0.));
#991=DIRECTION('',(-0.,1.,0.));
#992=AXIS2_PLACEMENT_3D('',#989,#990,#991);
#993=CYLINDRICAL_SURFACE('',#992,0.1);
#994=ORIENTED_EDGE('',*,*,#859,.F.);
#995=CARTESIAN_POINT('',(1.778554992,-2.278554992,1.705));
#996=DIRECTION('',(-1.,-0.,-0.));
#997=DIRECTION('',(0.,0.,-1.));
#998=AXIS2_PLACEMENT_3D('',#995,#996,#997);
#999=CIRCLE('',#998,0.1);
#1000=EDGE_CURVE('',#846,#602,#999,.T.);
#1001=ORIENTED_EDGE('',*,*,#1000,.T.);
#1002=ORIENTED_EDGE('',*,*,#607,.F.);
#1003=CARTESIAN_POINT('',(-1.778554992,-2.278554992,1.705));
#1004=DIRECTION('',(-1.,0.,0.));
#1005=DIRECTION('',(0.,0.,1.));
#1006=AXIS2_PLACEMENT_3D('',#1003,#1004,#1005);
#1007=CIRCLE('',#1006,0.1);
#1008=EDGE_CURVE('',#854,#600,#1007,.T.);
#1009=ORIENTED_EDGE('',*,*,#1008,.F.);
#1010=EDGE_LOOP('',(#994,#1001,#1002,#1009));
#1011=FACE_BOUND('',#1010,.T.);
#1012=ADVANCED_FACE('',(#1011),#993,.T.);
#1013=CARTESIAN_POINT('',(-1.778554992,-2.278554992,1.705));
#1014=DIRECTION('',(0.,0.984807753,-0.173648178));
#1015=DIRECTION('',(0.,0.173648178,0.984807753));
#1016=AXIS2_PLACEMENT_3D('',#1013,#1014,#1015);
#1017=SPHERICAL_SURFACE('',#1016,0.1);
#1018=ORIENTED_EDGE('',*,*,#1008,.T.);
#1019=ORIENTED_EDGE('',*,*,#923,.F.);
#1020=CARTESIAN_POINT('',(-1.778554992,-2.278554992,1.705));
#1021=DIRECTION('',(-0.17108787,-0.17108787,-0.970287525));
#1022=DIRECTION('',(0.,-0.984807753,0.173648178));
#1023=AXIS2_PLACEMENT_3D('',#1020,#1021,#1022);
#1024=CIRCLE('',#1023,0.1);
#1025=EDGE_CURVE('',#854,#815,#1024,.T.);
#1026=ORIENTED_EDGE('',*,*,#1025,.F.);
#1027=EDGE_LOOP('',(#1018,#1019,#1026));
#1028=FACE_BOUND('',#1027,.T.);
#1029=ADVANCED_FACE('',(#1028),#1017,.T.);
#1030=CARTESIAN_POINT('',(-1.764469589,-2.264469589,1.784882289));
#1031=DIRECTION('',(0.17108787,0.17108787,0.970287525));
#1032=DIRECTION('',(-0.,-0.984807753,0.173648178));
#1033=AXIS2_PLACEMENT_3D('',#1030,#1031,#1032);
#1034=CYLINDRICAL_SURFACE('',#1033,0.1);
#1035=ORIENTED_EDGE('',*,*,#731,.F.);
#1036=ORIENTED_EDGE('',*,*,#865,.F.);
#1037=ORIENTED_EDGE('',*,*,#1025,.T.);
#1038=ORIENTED_EDGE('',*,*,#820,.F.);
#1039=EDGE_LOOP('',(#1035,#1036,#1037,#1038));
#1040=FACE_BOUND('',#1039,.T.);
#1041=ADVANCED_FACE('',(#1040),#1034,.T.);
#1042=CARTESIAN_POINT('',(1.764469589,2.264469589,1.784882289));
#1043=DIRECTION('',(-0.17108787,-0.17108787,0.970287525));
#1044=DIRECTION('',(-0.,-0.984807753,-0.173648178));
#1045=AXIS2_PLACEMENT_3D('',#1042,#1043,#1044);
#1046=CYLINDRICAL_SURFACE('',#1045,0.1);
#1047=ORIENTED_EDGE('',*,*,#772,.F.);
#1048=ORIENTED_EDGE('',*,*,#655,.F.);
#1049=CARTESIAN_POINT('',(1.778554992,2.278554992,1.705));
#1050=DIRECTION('',(-0.17108787,-0.17108787,0.970287525));
#1051=DIRECTION('',(0.984807753,0.,0.173648178));
#1052=AXIS2_PLACEMENT_3D('',#1049,#1050,#1051);
#1053=CIRCLE('',#1052,0.1);
#1054=EDGE_CURVE('',#783,#642,#1053,.T.);
#1055=ORIENTED_EDGE('',*,*,#1054,.F.);
#1056=ORIENTED_EDGE('',*,*,#803,.F.);
#1057=EDGE_LOOP('',(#1047,#1048,#1055,#1056));
#1058=FACE_BOUND('',#1057,.T.);
#1059=ADVANCED_FACE('',(#1058),#1046,.T.);
#1060=CARTESIAN_POINT('',(1.778554992,2.278554992,1.705));
#1061=DIRECTION('',(-0.984807753,0.,-0.173648178));
#1062=DIRECTION('',(-0.173648178,0.,0.984807753));
#1063=AXIS2_PLACEMENT_3D('',#1060,#1061,#1062);
#1064=SPHERICAL_SURFACE('',#1063,0.1);
#1065=ORIENTED_EDGE('',*,*,#1054,.T.);
#1066=ORIENTED_EDGE('',*,*,#982,.F.);
#1067=CARTESIAN_POINT('',(1.778554992,2.278554992,1.705));
#1068=DIRECTION('',(-0.,-1.,-0.));
#1069=DIRECTION('',(0.,-0.,1.));
#1070=AXIS2_PLACEMENT_3D('',#1067,#1068,#1069);
#1071=CIRCLE('',#1070,0.1);
#1072=EDGE_CURVE('',#783,#610,#1071,.T.);
#1073=ORIENTED_EDGE('',*,*,#1072,.F.);
#1074=EDGE_LOOP('',(#1065,#1066,#1073));
#1075=FACE_BOUND('',#1074,.T.);
#1076=ADVANCED_FACE('',(#1075),#1064,.T.);
#1077=CARTESIAN_POINT('',(1.778554992,0.,1.705));
#1078=DIRECTION('',(0.,1.,0.));
#1079=DIRECTION('',(-1.,0.,0.));
#1080=AXIS2_PLACEMENT_3D('',#1077,#1078,#1079);
#1081=CYLINDRICAL_SURFACE('',#1080,0.1);
#1082=ORIENTED_EDGE('',*,*,#1072,.T.);
#1083=ORIENTED_EDGE('',*,*,#615,.F.);
#1084=CARTESIAN_POINT('',(1.778554992,-2.278554992,1.705));
#1085=DIRECTION('',(0.,-1.,0.));
#1086=DIRECTION('',(0.,0.,-1.));
#1087=AXIS2_PLACEMENT_3D('',#1084,#1085,#1086);
#1088=CIRCLE('',#1087,0.1);
#1089=EDGE_CURVE('',#785,#602,#1088,.T.);
#1090=ORIENTED_EDGE('',*,*,#1089,.F.);
#1091=ORIENTED_EDGE('',*,*,#790,.F.);
#1092=EDGE_LOOP('',(#1082,#1083,#1090,#1091));
#1093=FACE_BOUND('',#1092,.T.);
#1094=ADVANCED_FACE('',(#1093),#1081,.T.);
#1095=CARTESIAN_POINT('',(1.778554992,-2.278554992,1.705));
#1096=DIRECTION('',(-0.984807753,0.,-0.173648178));
#1097=DIRECTION('',(-0.173648178,0.,0.984807753));
#1098=AXIS2_PLACEMENT_3D('',#1095,#1096,#1097);
#1099=SPHERICAL_SURFACE('',#1098,0.1);
#1100=ORIENTED_EDGE('',*,*,#1089,.T.);
#1101=ORIENTED_EDGE('',*,*,#1000,.F.);
#1102=CARTESIAN_POINT('',(1.778554992,-2.278554992,1.705));
#1103=DIRECTION('',(0.17108787,-0.17108787,-0.970287525));
#1104=DIRECTION('',(-0.,-0.984807753,0.173648178));
#1105=AXIS2_PLACEMENT_3D('',#1102,#1103,#1104);
#1106=CIRCLE('',#1105,0.1);
#1107=EDGE_CURVE('',#785,#846,#1106,.T.);
#1108=ORIENTED_EDGE('',*,*,#1107,.F.);
#1109=EDGE_LOOP('',(#1100,#1101,#1108));
#1110=FACE_BOUND('',#1109,.T.);
#1111=ADVANCED_FACE('',(#1110),#1099,.T.);
#1112=CARTESIAN_POINT('',(1.779105119,-2.279105119,1.701880076));
#1113=DIRECTION('',(-0.17108787,0.17108787,0.970287525));
#1114=DIRECTION('',(0.,-0.984807753,0.173648178));
#1115=AXIS2_PLACEMENT_3D('',#1112,#1113,#1114);
#1116=CYLINDRICAL_SURFACE('',#1115,0.1);
#1117=ORIENTED_EDGE('',*,*,#705,.F.);
#1118=ORIENTED_EDGE('',*,*,#796,.F.);
#1119=ORIENTED_EDGE('',*,*,#1107,.T.);
#1120=ORIENTED_EDGE('',*,*,#851,.F.);
#1121=EDGE_LOOP('',(#1117,#1118,#1119,#1120));
#1122=FACE_BOUND('',#1121,.T.);
#1123=ADVANCED_FACE('',(#1122),#1116,.T.);
#1124=CARTESIAN_POINT('',(0.029345625,-1.600409245,1.815));
#1125=CARTESIAN_POINT('',(0.029345625,-1.600409245,1.805));
#1126=CARTESIAN_POINT('',(0.015348778,-1.643353554,1.815));
#1127=CARTESIAN_POINT('',(0.015348778,-1.643353554,1.805));
#1128=CARTESIAN_POINT('',(-0.007236865,-1.676039484,1.815));
#1129=CARTESIAN_POINT('',(-0.007236865,-1.676039484,1.805));
#1130=CARTESIAN_POINT('',(-0.038411631,-1.698466383,1.815));
#1131=CARTESIAN_POINT('',(-0.038411631,-1.698466383,1.805));
#1132=CARTESIAN_POINT('',(-0.069586397,-1.720892957,1.815));
#1133=CARTESIAN_POINT('',(-0.069586397,-1.720892957,1.805));
#1134=CARTESIAN_POINT('',(-0.106805167,-1.732106406,1.815));
#1135=CARTESIAN_POINT('',(-0.106805167,-1.732106406,1.805));
#1136=CARTESIAN_POINT('',(-0.150067941,-1.732106406,1.815));
#1137=CARTESIAN_POINT('',(-0.150067941,-1.732106406,1.805));
#1138=CARTESIAN_POINT('',(-0.209872681,-1.732106406,1.815));
#1139=CARTESIAN_POINT('',(-0.209872681,-1.732106406,1.805));
#1140=CARTESIAN_POINT('',(-0.260133878,-1.71095174,1.815));
#1141=CARTESIAN_POINT('',(-0.260133878,-1.71095174,1.805));
#1142=CARTESIAN_POINT('',(-0.30085186,-1.668643711,1.815));
#1143=CARTESIAN_POINT('',(-0.30085186,-1.668643711,1.805));
#1144=CARTESIAN_POINT('',(-0.341569842,-1.626335031,1.815));
#1145=CARTESIAN_POINT('',(-0.341569842,-1.626335031,1.805));
#1146=CARTESIAN_POINT('',(-0.361929159,-1.570665782,1.815));
#1147=CARTESIAN_POINT('',(-0.361929159,-1.570665782,1.805));
#1148=CARTESIAN_POINT('',(-0.361929159,-1.501636293,1.815));
#1149=CARTESIAN_POINT('',(-0.361929159,-1.501636293,1.805));
#1150=CARTESIAN_POINT('',(-0.361929159,-1.432606152,1.815));
#1151=CARTESIAN_POINT('',(-0.361929159,-1.432606152,1.805));
#1152=CARTESIAN_POINT('',(-0.341490307,-1.376937229,1.815));
#1153=CARTESIAN_POINT('',(-0.341490307,-1.376937229,1.805));
#1154=CARTESIAN_POINT('',(-0.300613255,-1.334628549,1.815));
#1155=CARTESIAN_POINT('',(-0.300613255,-1.334628549,1.805));
#1156=CARTESIAN_POINT('',(-0.259736204,-1.292319868,1.815));
#1157=CARTESIAN_POINT('',(-0.259736204,-1.292319868,1.805));
#1158=CARTESIAN_POINT('',(-0.208759191,-1.271165528,1.815));
#1159=CARTESIAN_POINT('',(-0.208759191,-1.271165528,1.805));
#1160=CARTESIAN_POINT('',(-0.147682219,-1.271165854,1.815));
#1161=CARTESIAN_POINT('',(-0.147682219,-1.271165854,1.805));
#1162=CARTESIAN_POINT('',(-0.102192466,-1.271165528,1.815));
#1163=CARTESIAN_POINT('',(-0.102192466,-1.271165528,1.805));
#1164=CARTESIAN_POINT('',(-0.064099138,-1.282696791,1.815));
#1165=CARTESIAN_POINT('',(-0.064099138,-1.282696791,1.805));
#1166=CARTESIAN_POINT('',(-0.033401255,-1.305760296,1.815));
#1167=CARTESIAN_POINT('',(-0.033401255,-1.305760296,1.805));
#1168=CARTESIAN_POINT('',(-0.002703699,-1.328822823,1.815));
#1169=CARTESIAN_POINT('',(-0.002703699,-1.328822823,1.805));
#1170=CARTESIAN_POINT('',(0.01821171,-1.361667823,1.815));
#1171=CARTESIAN_POINT('',(0.01821171,-1.361667823,1.805));
#1172=CARTESIAN_POINT('',(0.029345625,-1.404294644,1.815));
#1173=CARTESIAN_POINT('',(0.029345625,-1.404294644,1.805));
#1174=B_SPLINE_SURFACE_WITH_KNOTS('',3,1,((#1124,#1125),(#1126,#1127),(#1128,#1129),(#1130,#1131),(#1132,#1133),(#1134,#1135),(#1136,#1137),(#1138,#1139),(#1140,#1141),(#1142,#1143),(#1144,#1145),(#1146,#1147),(#1148,#1149),(#1150,#1151),(#1152,#1153),(#1154,#1155),(#1156,#1157),(#1158,#1159),(#1160,#1161),(#1162,#1163),(#1164,#1165),(#1166,#1167),(#1168,#1169),(#1170,#1171),(#1172,#1173)),.UNSPECIFIED.,.F.,.F.,.U.,(4,3,3,3,3,3,3,3,4),(2,2),(0.4211414,0.476401049,0.531660424,0.608048787,0.684437762,0.760827458,0.837217154,0.894111728,0.951005046),(0.,1.),.UNSPECIFIED.);
#1175=ORIENTED_EDGE('',*,*,#550,.F.);
#1176=CARTESIAN_POINT('',(0.029345625,-1.600409245,1.815));
#1177=VERTEX_POINT('',#1176);
#1178=CARTESIAN_POINT('',(0.029345625,-1.600409245,1.815));
#1179=DIRECTION('',(0.,0.,-1.));
#1180=VECTOR('',#1179,0.01);
#1181=LINE('',#1178,#1180);
#1182=EDGE_CURVE('',#1177,#521,#1181,.T.);
#1183=ORIENTED_EDGE('',*,*,#1182,.F.);
#1184=CARTESIAN_POINT('',(0.029345625,-1.404294644,1.815));
#1185=VERTEX_POINT('',#1184);
#1186=CARTESIAN_POINT('',(0.029345625,-1.600409245,1.815));
#1187=CARTESIAN_POINT('',(0.015348778,-1.643353554,1.815));
#1188=CARTESIAN_POINT('',(-0.007236865,-1.676039484,1.815));
#1189=CARTESIAN_POINT('',(-0.038411631,-1.698466383,1.815));
#1190=CARTESIAN_POINT('',(-0.069586397,-1.720892957,1.815));
#1191=CARTESIAN_POINT('',(-0.106805167,-1.732106406,1.815));
#1192=CARTESIAN_POINT('',(-0.150067941,-1.732106406,1.815));
#1193=CARTESIAN_POINT('',(-0.209872681,-1.732106406,1.815));
#1194=CARTESIAN_POINT('',(-0.260133878,-1.71095174,1.815));
#1195=CARTESIAN_POINT('',(-0.30085186,-1.668643711,1.815));
#1196=CARTESIAN_POINT('',(-0.341569842,-1.626335031,1.815));
#1197=CARTESIAN_POINT('',(-0.361929159,-1.570665782,1.815));
#1198=CARTESIAN_POINT('',(-0.361929159,-1.501636293,1.815));
#1199=CARTESIAN_POINT('',(-0.361929159,-1.432606152,1.815));
#1200=CARTESIAN_POINT('',(-0.341490307,-1.376937229,1.815));
#1201=CARTESIAN_POINT('',(-0.300613255,-1.334628549,1.815));
#1202=CARTESIAN_POINT('',(-0.259736204,-1.292319868,1.815));
#1203=CARTESIAN_POINT('',(-0.208759191,-1.271165528,1.815));
#1204=CARTESIAN_POINT('',(-0.147682219,-1.271165854,1.815));
#1205=CARTESIAN_POINT('',(-0.102192466,-1.271165528,1.815));
#1206=CARTESIAN_POINT('',(-0.064099138,-1.282696791,1.815));
#1207=CARTESIAN_POINT('',(-0.033401255,-1.305760296,1.815));
#1208=CARTESIAN_POINT('',(-0.002703699,-1.328822823,1.815));
#1209=CARTESIAN_POINT('',(0.01821171,-1.361667823,1.815));
#1210=CARTESIAN_POINT('',(0.029345625,-1.404294644,1.815));
#1211=B_SPLINE_CURVE_WITH_KNOTS('',3,(#1186,#1187,#1188,#1189,#1190,#1191,#1192,#1193,#1194,#1195,#1196,#1197,#1198,#1199,#1200,#1201,#1202,#1203,#1204,#1205,#1206,#1207,#1208,#1209,#1210),.UNSPECIFIED.,.F.,.F.,(4,3,3,3,3,3,3,3,4),(0.4211414,0.476401049,0.531660424,0.608048787,0.684437762,0.760827458,0.837217154,0.894111728,0.951005046),.UNSPECIFIED.);
#1212=EDGE_CURVE('',#1177,#1185,#1211,.T.);
#1213=ORIENTED_EDGE('',*,*,#1212,.T.);
#1214=CARTESIAN_POINT('',(0.029345625,-1.404294644,1.815));
#1215=DIRECTION('',(0.,0.,-1.));
#1216=VECTOR('',#1215,0.01);
#1217=LINE('',#1214,#1216);
#1218=EDGE_CURVE('',#1185,#523,#1217,.T.);
#1219=ORIENTED_EDGE('',*,*,#1218,.T.);
#1220=EDGE_LOOP('',(#1175,#1183,#1213,#1219));
#1221=FACE_BOUND('',#1220,.T.);
#1222=ADVANCED_FACE('',(#1221),#1174,.T.);
#1223=CARTESIAN_POINT('',(0.085173943,-1.325085333,1.815));
#1224=CARTESIAN_POINT('',(0.085173943,-1.325085333,1.805));
#1225=CARTESIAN_POINT('',(0.109350285,-1.307907414,1.815));
#1226=CARTESIAN_POINT('',(0.109350285,-1.307907414,1.805));
#1227=CARTESIAN_POINT('',(0.138298399,-1.299318617,1.815));
#1228=CARTESIAN_POINT('',(0.138298399,-1.299318617,1.805));
#1229=CARTESIAN_POINT('',(0.172017957,-1.299318617,1.815));
#1230=CARTESIAN_POINT('',(0.172017957,-1.299318617,1.805));
#1231=CARTESIAN_POINT('',(0.222915434,-1.299318617,1.815));
#1232=CARTESIAN_POINT('',(0.222915434,-1.299318617,1.805));
#1233=CARTESIAN_POINT('',(0.265700999,-1.3176097,1.815));
#1234=CARTESIAN_POINT('',(0.265700999,-1.3176097,1.805));
#1235=CARTESIAN_POINT('',(0.300374976,-1.354192516,1.815));
#1236=CARTESIAN_POINT('',(0.300374976,-1.354192516,1.805));
#1237=CARTESIAN_POINT('',(0.335048954,-1.390775006,1.815));
#1238=CARTESIAN_POINT('',(0.335048954,-1.390775006,1.805));
#1239=CARTESIAN_POINT('',(0.352385943,-1.439445505,1.815));
#1240=CARTESIAN_POINT('',(0.352385943,-1.439445505,1.805));
#1241=CARTESIAN_POINT('',(0.352385943,-1.500204664,1.815));
#1242=CARTESIAN_POINT('',(0.352385943,-1.500204664,1.805));
#1243=CARTESIAN_POINT('',(0.352385943,-1.561281311,1.815));
#1244=CARTESIAN_POINT('',(0.352385943,-1.561281311,1.805));
#1245=CARTESIAN_POINT('',(0.334651279,-1.610429345,1.815));
#1246=CARTESIAN_POINT('',(0.334651279,-1.610429345,1.805));
#1247=CARTESIAN_POINT('',(0.299181952,-1.647648441,1.815));
#1248=CARTESIAN_POINT('',(0.299181952,-1.647648441,1.805));
#1249=CARTESIAN_POINT('',(0.263712951,-1.684866885,1.815));
#1250=CARTESIAN_POINT('',(0.263712951,-1.684866885,1.805));
#1251=CARTESIAN_POINT('',(0.220529386,-1.703476433,1.815));
#1252=CARTESIAN_POINT('',(0.220529386,-1.703476433,1.805));
#1253=CARTESIAN_POINT('',(0.169631909,-1.703476759,1.815));
#1254=CARTESIAN_POINT('',(0.169631909,-1.703476759,1.805));
#1255=CARTESIAN_POINT('',(0.13718491,-1.703476433,1.815));
#1256=CARTESIAN_POINT('',(0.13718491,-1.703476433,1.805));
#1257=CARTESIAN_POINT('',(0.108952611,-1.694966845,1.815));
#1258=CARTESIAN_POINT('',(0.108952611,-1.694966845,1.805));
#1259=CARTESIAN_POINT('',(0.084935338,-1.677948322,1.815));
#1260=CARTESIAN_POINT('',(0.084935338,-1.677948322,1.805));
#1261=CARTESIAN_POINT('',(0.060918066,-1.660929473,1.815));
#1262=CARTESIAN_POINT('',(0.060918066,-1.660929473,1.805));
#1263=CARTESIAN_POINT('',(0.042388053,-1.635082897,1.815));
#1264=CARTESIAN_POINT('',(0.042388053,-1.635082897,1.805));
#1265=CARTESIAN_POINT('',(0.029345625,-1.600409245,1.815));
#1266=CARTESIAN_POINT('',(0.029345625,-1.600409245,1.805));
#1267=B_SPLINE_SURFACE_WITH_KNOTS('',3,1,((#1223,#1224),(#1225,#1226),(#1227,#1228),(#1229,#1230),(#1231,#1232),(#1233,#1234),(#1235,#1236),(#1237,#1238),(#1239,#1240),(#1241,#1242),(#1243,#1244),(#1245,#1246),(#1247,#1248),(#1249,#1250),(#1251,#1252),(#1253,#1254),(#1255,#1256),(#1257,#1258),(#1259,#1260),(#1261,#1262),(#1263,#1264),(#1265,#1266)),.UNSPECIFIED.,.F.,.F.,.U.,(4,3,3,3,3,3,3,4),(2,2),(0.,0.046855857,0.117581721,0.188307254,0.259402352,0.330496487,0.375818799,0.4211414),(0.,1.),.UNSPECIFIED.);
#1268=ORIENTED_EDGE('',*,*,#584,.F.);
#1269=CARTESIAN_POINT('',(0.085173943,-1.325085333,1.815));
#1270=VERTEX_POINT('',#1269);
#1271=CARTESIAN_POINT('',(0.085173943,-1.325085333,1.815));
#1272=DIRECTION('',(0.,0.,-1.));
#1273=VECTOR('',#1272,0.01);
#1274=LINE('',#1271,#1273);
#1275=EDGE_CURVE('',#1270,#553,#1274,.T.);
#1276=ORIENTED_EDGE('',*,*,#1275,.F.);
#1277=CARTESIAN_POINT('',(0.085173943,-1.325085333,1.815));
#1278=CARTESIAN_POINT('',(0.109350285,-1.307907414,1.815));
#1279=CARTESIAN_POINT('',(0.138298399,-1.299318617,1.815));
#1280=CARTESIAN_POINT('',(0.172017957,-1.299318617,1.815));
#1281=CARTESIAN_POINT('',(0.222915434,-1.299318617,1.815));
#1282=CARTESIAN_POINT('',(0.265700999,-1.3176097,1.815));
#1283=CARTESIAN_POINT('',(0.300374976,-1.354192516,1.815));
#1284=CARTESIAN_POINT('',(0.335048954,-1.390775006,1.815));
#1285=CARTESIAN_POINT('',(0.352385943,-1.439445505,1.815));
#1286=CARTESIAN_POINT('',(0.352385943,-1.500204664,1.815));
#1287=CARTESIAN_POINT('',(0.352385943,-1.561281311,1.815));
#1288=CARTESIAN_POINT('',(0.334651279,-1.610429345,1.815));
#1289=CARTESIAN_POINT('',(0.299181952,-1.647648441,1.815));
#1290=CARTESIAN_POINT('',(0.263712951,-1.684866885,1.815));
#1291=CARTESIAN_POINT('',(0.220529386,-1.703476433,1.815));
#1292=CARTESIAN_POINT('',(0.169631909,-1.703476759,1.815));
#1293=CARTESIAN_POINT('',(0.13718491,-1.703476433,1.815));
#1294=CARTESIAN_POINT('',(0.108952611,-1.694966845,1.815));
#1295=CARTESIAN_POINT('',(0.084935338,-1.677948322,1.815));
#1296=CARTESIAN_POINT('',(0.060918066,-1.660929473,1.815));
#1297=CARTESIAN_POINT('',(0.042388053,-1.635082897,1.815));
#1298=CARTESIAN_POINT('',(0.029345625,-1.600409245,1.815));
#1299=B_SPLINE_CURVE_WITH_KNOTS('',3,(#1277,#1278,#1279,#1280,#1281,#1282,#1283,#1284,#1285,#1286,#1287,#1288,#1289,#1290,#1291,#1292,#1293,#1294,#1295,#1296,#1297,#1298),.UNSPECIFIED.,.F.,.F.,(4,3,3,3,3,3,3,4),(0.,0.046855857,0.117581721,0.188307254,0.259402352,0.330496487,0.375818799,0.4211414),.UNSPECIFIED.);
#1300=EDGE_CURVE('',#1270,#1177,#1299,.T.);
#1301=ORIENTED_EDGE('',*,*,#1300,.T.);
#1302=ORIENTED_EDGE('',*,*,#1182,.T.);
#1303=EDGE_LOOP('',(#1268,#1276,#1301,#1302));
#1304=FACE_BOUND('',#1303,.T.);
#1305=ADVANCED_FACE('',(#1304),#1267,.T.);
#1306=CARTESIAN_POINT('',(0.249557034,-1.582515512,1.815));
#1307=CARTESIAN_POINT('',(0.249557034,-1.582515512,1.805));
#1308=CARTESIAN_POINT('',(0.271029514,-1.560724892,1.815));
#1309=CARTESIAN_POINT('',(0.271029514,-1.560724892,1.805));
#1310=CARTESIAN_POINT('',(0.281765754,-1.533606082,1.815));
#1311=CARTESIAN_POINT('',(0.281765754,-1.533606082,1.805));
#1312=CARTESIAN_POINT('',(0.281765754,-1.501159083,1.815));
#1313=CARTESIAN_POINT('',(0.281765754,-1.501159083,1.805));
#1314=CARTESIAN_POINT('',(0.281765754,-1.468393618,1.815));
#1315=CARTESIAN_POINT('',(0.281765754,-1.468393618,1.805));
#1316=CARTESIAN_POINT('',(0.271268119,-1.441195274,1.815));
#1317=CARTESIAN_POINT('',(0.271268119,-1.441195274,1.805));
#1318=CARTESIAN_POINT('',(0.250272849,-1.419563724,1.815));
#1319=CARTESIAN_POINT('',(0.250272849,-1.419563724,1.805));
#1320=CARTESIAN_POINT('',(0.229277578,-1.397932174,1.815));
#1321=CARTESIAN_POINT('',(0.229277578,-1.397932174,1.805));
#1322=CARTESIAN_POINT('',(0.204146816,-1.387116399,1.815));
#1323=CARTESIAN_POINT('',(0.204146816,-1.387116399,1.805));
#1324=CARTESIAN_POINT('',(0.174880889,-1.387116725,1.815));
#1325=CARTESIAN_POINT('',(0.174880889,-1.387116725,1.805));
#1326=CARTESIAN_POINT('',(0.141797285,-1.387116399,1.815));
#1327=CARTESIAN_POINT('',(0.141797285,-1.387116399,1.805));
#1328=CARTESIAN_POINT('',(0.11475801,-1.397773104,1.815));
#1329=CARTESIAN_POINT('',(0.11475801,-1.397773104,1.805));
#1330=CARTESIAN_POINT('',(0.09376274,-1.41908684,1.815));
#1331=CARTESIAN_POINT('',(0.09376274,-1.41908684,1.805));
#1332=B_SPLINE_SURFACE_WITH_KNOTS('',3,1,((#1306,#1307),(#1308,#1309),(#1310,#1311),(#1312,#1313),(#1314,#1315),(#1316,#1317),(#1318,#1319),(#1320,#1321),(#1322,#1323),(#1324,#1325),(#1326,#1327),(#1328,#1329),(#1330,#1331)),.UNSPECIFIED.,.F.,.F.,.U.,(4,3,3,3,4),(2,2),(0.484213934,0.608166017,0.733334683,0.858503349,1.),(0.,1.),.UNSPECIFIED.);
#1333=CARTESIAN_POINT('',(0.249557034,-1.582515512,1.805));
#1334=VERTEX_POINT('',#1333);
#1335=CARTESIAN_POINT('',(0.09376274,-1.41908684,1.805));
#1336=VERTEX_POINT('',#1335);
#1337=CARTESIAN_POINT('',(0.249557034,-1.582515512,1.805));
#1338=CARTESIAN_POINT('',(0.271029514,-1.560724892,1.805));
#1339=CARTESIAN_POINT('',(0.281765754,-1.533606082,1.805));
#1340=CARTESIAN_POINT('',(0.281765754,-1.501159083,1.805));
#1341=CARTESIAN_POINT('',(0.281765754,-1.468393618,1.805));
#1342=CARTESIAN_POINT('',(0.271268119,-1.441195274,1.805));
#1343=CARTESIAN_POINT('',(0.250272849,-1.419563724,1.805));
#1344=CARTESIAN_POINT('',(0.229277578,-1.397932174,1.805));
#1345=CARTESIAN_POINT('',(0.204146816,-1.387116399,1.805));
#1346=CARTESIAN_POINT('',(0.174880889,-1.387116725,1.805));
#1347=CARTESIAN_POINT('',(0.141797285,-1.387116399,1.805));
#1348=CARTESIAN_POINT('',(0.11475801,-1.397773104,1.805));
#1349=CARTESIAN_POINT('',(0.09376274,-1.41908684,1.805));
#1350=B_SPLINE_CURVE_WITH_KNOTS('',3,(#1337,#1338,#1339,#1340,#1341,#1342,#1343,#1344,#1345,#1346,#1347,#1348,#1349),.UNSPECIFIED.,.F.,.F.,(4,3,3,3,4),(0.484213934,0.608166017,0.733334683,0.858503349,1.),.UNSPECIFIED.);
#1351=EDGE_CURVE('',#1334,#1336,#1350,.T.);
#1352=ORIENTED_EDGE('',*,*,#1351,.F.);
#1353=CARTESIAN_POINT('',(0.249557034,-1.582515512,1.815));
#1354=VERTEX_POINT('',#1353);
#1355=CARTESIAN_POINT('',(0.249557034,-1.582515512,1.815));
#1356=DIRECTION('',(0.,0.,-1.));
#1357=VECTOR('',#1356,0.01);
#1358=LINE('',#1355,#1357);
#1359=EDGE_CURVE('',#1354,#1334,#1358,.T.);
#1360=ORIENTED_EDGE('',*,*,#1359,.F.);
#1361=CARTESIAN_POINT('',(0.09376274,-1.41908684,1.815));
#1362=VERTEX_POINT('',#1361);
#1363=CARTESIAN_POINT('',(0.249557034,-1.582515512,1.815));
#1364=CARTESIAN_POINT('',(0.271029514,-1.560724892,1.815));
#1365=CARTESIAN_POINT('',(0.281765754,-1.533606082,1.815));
#1366=CARTESIAN_POINT('',(0.281765754,-1.501159083,1.815));
#1367=CARTESIAN_POINT('',(0.281765754,-1.468393618,1.815));
#1368=CARTESIAN_POINT('',(0.271268119,-1.441195274,1.815));
#1369=CARTESIAN_POINT('',(0.250272849,-1.419563724,1.815));
#1370=CARTESIAN_POINT('',(0.229277578,-1.397932174,1.815));
#1371=CARTESIAN_POINT('',(0.204146816,-1.387116399,1.815));
#1372=CARTESIAN_POINT('',(0.174880889,-1.387116725,1.815));
#1373=CARTESIAN_POINT('',(0.141797285,-1.387116399,1.815));
#1374=CARTESIAN_POINT('',(0.11475801,-1.397773104,1.815));
#1375=CARTESIAN_POINT('',(0.09376274,-1.41908684,1.815));
#1376=B_SPLINE_CURVE_WITH_KNOTS('',3,(#1363,#1364,#1365,#1366,#1367,#1368,#1369,#1370,#1371,#1372,#1373,#1374,#1375),.UNSPECIFIED.,.F.,.F.,(4,3,3,3,4),(0.484213934,0.608166017,0.733334683,0.858503349,1.),.UNSPECIFIED.);
#1377=EDGE_CURVE('',#1354,#1362,#1376,.T.);
#1378=ORIENTED_EDGE('',*,*,#1377,.T.);
#1379=CARTESIAN_POINT('',(0.09376274,-1.41908684,1.815));
#1380=DIRECTION('',(0.,0.,-1.));
#1381=VECTOR('',#1380,0.01);
#1382=LINE('',#1379,#1381);
#1383=EDGE_CURVE('',#1362,#1336,#1382,.T.);
#1384=ORIENTED_EDGE('',*,*,#1383,.T.);
#1385=EDGE_LOOP('',(#1352,#1360,#1378,#1384));
#1386=FACE_BOUND('',#1385,.T.);
#1387=ADVANCED_FACE('',(#1386),#1332,.T.);
#1388=CARTESIAN_POINT('',(-0.219256827,-1.376857694,1.815));
#1389=CARTESIAN_POINT('',(-0.219256827,-1.376857694,1.805));
#1390=CARTESIAN_POINT('',(-0.24216061,-1.388468493,1.815));
#1391=CARTESIAN_POINT('',(-0.24216061,-1.388468493,1.805));
#1392=CARTESIAN_POINT('',(-0.259895273,-1.405725947,1.815));
#1393=CARTESIAN_POINT('',(-0.259895273,-1.405725947,1.805));
#1394=CARTESIAN_POINT('',(-0.272460817,-1.428630056,1.815));
#1395=CARTESIAN_POINT('',(-0.272460817,-1.428630056,1.805));
#1396=CARTESIAN_POINT('',(-0.285026035,-1.451533513,1.815));
#1397=CARTESIAN_POINT('',(-0.285026035,-1.451533513,1.805));
#1398=CARTESIAN_POINT('',(-0.291308644,-1.476187065,1.815));
#1399=CARTESIAN_POINT('',(-0.291308644,-1.476187065,1.805));
#1400=CARTESIAN_POINT('',(-0.291308644,-1.502590386,1.815));
#1401=CARTESIAN_POINT('',(-0.291308644,-1.502590386,1.805));
#1402=CARTESIAN_POINT('',(-0.291308644,-1.543626508,1.815));
#1403=CARTESIAN_POINT('',(-0.291308644,-1.543626508,1.805));
#1404=CARTESIAN_POINT('',(-0.278107147,-1.577505136,1.815));
#1405=CARTESIAN_POINT('',(-0.278107147,-1.577505136,1.805));
#1406=CARTESIAN_POINT('',(-0.251704152,-1.604226597,1.815));
#1407=CARTESIAN_POINT('',(-0.251704152,-1.604226597,1.805));
#1408=CARTESIAN_POINT('',(-0.225300831,-1.630947732,1.815));
#1409=CARTESIAN_POINT('',(-0.225300831,-1.630947732,1.805));
#1410=CARTESIAN_POINT('',(-0.191740342,-1.644308299,1.815));
#1411=CARTESIAN_POINT('',(-0.191740342,-1.644308299,1.805));
#1412=CARTESIAN_POINT('',(-0.151022361,-1.644308299,1.815));
#1413=CARTESIAN_POINT('',(-0.151022361,-1.644308299,1.805));
#1414=CARTESIAN_POINT('',(-0.109668099,-1.644308299,1.815));
#1415=CARTESIAN_POINT('',(-0.109668099,-1.644308299,1.805));
#1416=CARTESIAN_POINT('',(-0.075471331,-1.630550057,1.815));
#1417=CARTESIAN_POINT('',(-0.075471331,-1.630550057,1.805));
#1418=CARTESIAN_POINT('',(-0.048432057,-1.603033573,1.815));
#1419=CARTESIAN_POINT('',(-0.048432057,-1.603033573,1.805));
#1420=B_SPLINE_SURFACE_WITH_KNOTS('',3,1,((#1388,#1389),(#1390,#1391),(#1392,#1393),(#1394,#1395),(#1396,#1397),(#1398,#1399),(#1400,#1401),(#1402,#1403),(#1404,#1405),(#1406,#1407),(#1408,#1409),(#1410,#1411),(#1412,#1413),(#1414,#1415),(#1416,#1417),(#1418,#1419)),.UNSPECIFIED.,.F.,.F.,.U.,(4,3,3,3,3,4),(2,2),(0.,0.081355967,0.162709665,0.28914983,0.415589985,0.544005958),(0.,1.),.UNSPECIFIED.);
#1421=CARTESIAN_POINT('',(-0.219256827,-1.376857694,1.805));
#1422=VERTEX_POINT('',#1421);
#1423=CARTESIAN_POINT('',(-0.048432057,-1.603033573,1.805));
#1424=VERTEX_POINT('',#1423);
#1425=CARTESIAN_POINT('',(-0.219256827,-1.376857694,1.805));
#1426=CARTESIAN_POINT('',(-0.24216061,-1.388468493,1.805));
#1427=CARTESIAN_POINT('',(-0.259895273,-1.405725947,1.805));
#1428=CARTESIAN_POINT('',(-0.272460817,-1.428630056,1.805));
#1429=CARTESIAN_POINT('',(-0.285026035,-1.451533513,1.805));
#1430=CARTESIAN_POINT('',(-0.291308644,-1.476187065,1.805));
#1431=CARTESIAN_POINT('',(-0.291308644,-1.502590386,1.805));
#1432=CARTESIAN_POINT('',(-0.291308644,-1.543626508,1.805));
#1433=CARTESIAN_POINT('',(-0.278107147,-1.577505136,1.805));
#1434=CARTESIAN_POINT('',(-0.251704152,-1.604226597,1.805));
#1435=CARTESIAN_POINT('',(-0.225300831,-1.630947732,1.805));
#1436=CARTESIAN_POINT('',(-0.191740342,-1.644308299,1.805));
#1437=CARTESIAN_POINT('',(-0.151022361,-1.644308299,1.805));
#1438=CARTESIAN_POINT('',(-0.109668099,-1.644308299,1.805));
#1439=CARTESIAN_POINT('',(-0.075471331,-1.630550057,1.805));
#1440=CARTESIAN_POINT('',(-0.048432057,-1.603033573,1.805));
#1441=B_SPLINE_CURVE_WITH_KNOTS('',3,(#1425,#1426,#1427,#1428,#1429,#1430,#1431,#1432,#1433,#1434,#1435,#1436,#1437,#1438,#1439,#1440),.UNSPECIFIED.,.F.,.F.,(4,3,3,3,3,4),(0.,0.081355967,0.162709665,0.28914983,0.415589985,0.544005958),.UNSPECIFIED.);
#1442=EDGE_CURVE('',#1422,#1424,#1441,.T.);
#1443=ORIENTED_EDGE('',*,*,#1442,.F.);
#1444=CARTESIAN_POINT('',(-0.219256827,-1.376857694,1.815));
#1445=VERTEX_POINT('',#1444);
#1446=CARTESIAN_POINT('',(-0.219256827,-1.376857694,1.815));
#1447=DIRECTION('',(0.,0.,-1.));
#1448=VECTOR('',#1447,0.01);
#1449=LINE('',#1446,#1448);
#1450=EDGE_CURVE('',#1445,#1422,#1449,.T.);
#1451=ORIENTED_EDGE('',*,*,#1450,.F.);
#1452=CARTESIAN_POINT('',(-0.048432057,-1.603033573,1.815));
#1453=VERTEX_POINT('',#1452);
#1454=CARTESIAN_POINT('',(-0.219256827,-1.376857694,1.815));
#1455=CARTESIAN_POINT('',(-0.24216061,-1.388468493,1.815));
#1456=CARTESIAN_POINT('',(-0.259895273,-1.405725947,1.815));
#1457=CARTESIAN_POINT('',(-0.272460817,-1.428630056,1.815));
#1458=CARTESIAN_POINT('',(-0.285026035,-1.451533513,1.815));
#1459=CARTESIAN_POINT('',(-0.291308644,-1.476187065,1.815));
#1460=CARTESIAN_POINT('',(-0.291308644,-1.502590386,1.815));
#1461=CARTESIAN_POINT('',(-0.291308644,-1.543626508,1.815));
#1462=CARTESIAN_POINT('',(-0.278107147,-1.577505136,1.815));
#1463=CARTESIAN_POINT('',(-0.251704152,-1.604226597,1.815));
#1464=CARTESIAN_POINT('',(-0.225300831,-1.630947732,1.815));
#1465=CARTESIAN_POINT('',(-0.191740342,-1.644308299,1.815));
#1466=CARTESIAN_POINT('',(-0.151022361,-1.644308299,1.815));
#1467=CARTESIAN_POINT('',(-0.109668099,-1.644308299,1.815));
#1468=CARTESIAN_POINT('',(-0.075471331,-1.630550057,1.815));
#1469=CARTESIAN_POINT('',(-0.048432057,-1.603033573,1.815));
#1470=B_SPLINE_CURVE_WITH_KNOTS('',3,(#1454,#1455,#1456,#1457,#1458,#1459,#1460,#1461,#1462,#1463,#1464,#1465,#1466,#1467,#1468,#1469),.UNSPECIFIED.,.F.,.F.,(4,3,3,3,3,4),(0.,0.081355967,0.162709665,0.28914983,0.415589985,0.544005958),.UNSPECIFIED.);
#1471=EDGE_CURVE('',#1445,#1453,#1470,.T.);
#1472=ORIENTED_EDGE('',*,*,#1471,.T.);
#1473=CARTESIAN_POINT('',(-0.048432057,-1.603033573,1.815));
#1474=DIRECTION('',(0.,0.,-1.));
#1475=VECTOR('',#1474,0.01);
#1476=LINE('',#1473,#1475);
#1477=EDGE_CURVE('',#1453,#1424,#1476,.T.);
#1478=ORIENTED_EDGE('',*,*,#1477,.T.);
#1479=EDGE_LOOP('',(#1443,#1451,#1472,#1478));
#1480=FACE_BOUND('',#1479,.T.);
#1481=ADVANCED_FACE('',(#1480),#1420,.T.);
#1482=CARTESIAN_POINT('',(0.09376274,-1.41908684,1.815));
#1483=CARTESIAN_POINT('',(0.09376274,-1.41908684,1.805));
#1484=CARTESIAN_POINT('',(0.072767469,-1.440399924,1.815));
#1485=CARTESIAN_POINT('',(0.072767469,-1.440399924,1.805));
#1486=CARTESIAN_POINT('',(0.06227016,-1.468075479,1.815));
#1487=CARTESIAN_POINT('',(0.06227016,-1.468075479,1.805));
#1488=CARTESIAN_POINT('',(0.06227016,-1.502113177,1.815));
#1489=CARTESIAN_POINT('',(0.06227016,-1.502113177,1.805));
#1490=CARTESIAN_POINT('',(0.06227016,-1.535196455,1.815));
#1491=CARTESIAN_POINT('',(0.06227016,-1.535196455,1.805));
#1492=CARTESIAN_POINT('',(0.072687934,-1.562315265,1.815));
#1493=CARTESIAN_POINT('',(0.072687934,-1.562315265,1.805));
#1494=CARTESIAN_POINT('',(0.093524135,-1.583469931,1.815));
#1495=CARTESIAN_POINT('',(0.093524135,-1.583469931,1.805));
#1496=CARTESIAN_POINT('',(0.114360335,-1.604623946,1.815));
#1497=CARTESIAN_POINT('',(0.114360335,-1.604623946,1.805));
#1498=CARTESIAN_POINT('',(0.139888772,-1.615201116,1.815));
#1499=CARTESIAN_POINT('',(0.139888772,-1.615201116,1.805));
#1500=CARTESIAN_POINT('',(0.170109118,-1.615201116,1.815));
#1501=CARTESIAN_POINT('',(0.170109118,-1.615201116,1.805));
#1502=CARTESIAN_POINT('',(0.201602024,-1.615201116,1.815));
#1503=CARTESIAN_POINT('',(0.201602024,-1.615201116,1.805));
#1504=CARTESIAN_POINT('',(0.228084554,-1.604305806,1.815));
#1505=CARTESIAN_POINT('',(0.228084554,-1.604305806,1.805));
#1506=CARTESIAN_POINT('',(0.249557034,-1.582515512,1.815));
#1507=CARTESIAN_POINT('',(0.249557034,-1.582515512,1.805));
#1508=B_SPLINE_SURFACE_WITH_KNOTS('',3,1,((#1482,#1483),(#1484,#1485),(#1486,#1487),(#1488,#1489),(#1490,#1491),(#1492,#1493),(#1494,#1495),(#1496,#1497),(#1498,#1499),(#1500,#1501),(#1502,#1503),(#1504,#1505),(#1506,#1507)),.UNSPECIFIED.,.F.,.F.,.U.,(4,3,3,3,4),(2,2),(0.,0.122375836,0.241320244,0.360262793,0.484213934),(0.,1.),.UNSPECIFIED.);
#1509=CARTESIAN_POINT('',(0.09376274,-1.41908684,1.805));
#1510=CARTESIAN_POINT('',(0.072767469,-1.440399924,1.805));
#1511=CARTESIAN_POINT('',(0.06227016,-1.468075479,1.805));
#1512=CARTESIAN_POINT('',(0.06227016,-1.502113177,1.805));
#1513=CARTESIAN_POINT('',(0.06227016,-1.535196455,1.805));
#1514=CARTESIAN_POINT('',(0.072687934,-1.562315265,1.805));
#1515=CARTESIAN_POINT('',(0.093524135,-1.583469931,1.805));
#1516=CARTESIAN_POINT('',(0.114360335,-1.604623946,1.805));
#1517=CARTESIAN_POINT('',(0.139888772,-1.615201116,1.805));
#1518=CARTESIAN_POINT('',(0.170109118,-1.615201116,1.805));
#1519=CARTESIAN_POINT('',(0.201602024,-1.615201116,1.805));
#1520=CARTESIAN_POINT('',(0.228084554,-1.604305806,1.805));
#1521=CARTESIAN_POINT('',(0.249557034,-1.582515512,1.805));
#1522=B_SPLINE_CURVE_WITH_KNOTS('',3,(#1509,#1510,#1511,#1512,#1513,#1514,#1515,#1516,#1517,#1518,#1519,#1520,#1521),.UNSPECIFIED.,.F.,.F.,(4,3,3,3,4),(0.,0.122375836,0.241320244,0.360262793,0.484213934),.UNSPECIFIED.);
#1523=EDGE_CURVE('',#1336,#1334,#1522,.T.);
#1524=ORIENTED_EDGE('',*,*,#1523,.F.);
#1525=ORIENTED_EDGE('',*,*,#1383,.F.);
#1526=CARTESIAN_POINT('',(0.09376274,-1.41908684,1.815));
#1527=CARTESIAN_POINT('',(0.072767469,-1.440399924,1.815));
#1528=CARTESIAN_POINT('',(0.06227016,-1.468075479,1.815));
#1529=CARTESIAN_POINT('',(0.06227016,-1.502113177,1.815));
#1530=CARTESIAN_POINT('',(0.06227016,-1.535196455,1.815));
#1531=CARTESIAN_POINT('',(0.072687934,-1.562315265,1.815));
#1532=CARTESIAN_POINT('',(0.093524135,-1.583469931,1.815));
#1533=CARTESIAN_POINT('',(0.114360335,-1.604623946,1.815));
#1534=CARTESIAN_POINT('',(0.139888772,-1.615201116,1.815));
#1535=CARTESIAN_POINT('',(0.170109118,-1.615201116,1.815));
#1536=CARTESIAN_POINT('',(0.201602024,-1.615201116,1.815));
#1537=CARTESIAN_POINT('',(0.228084554,-1.604305806,1.815));
#1538=CARTESIAN_POINT('',(0.249557034,-1.582515512,1.815));
#1539=B_SPLINE_CURVE_WITH_KNOTS('',3,(#1526,#1527,#1528,#1529,#1530,#1531,#1532,#1533,#1534,#1535,#1536,#1537,#1538),.UNSPECIFIED.,.F.,.F.,(4,3,3,3,4),(0.,0.122375836,0.241320244,0.360262793,0.484213934),.UNSPECIFIED.);
#1540=EDGE_CURVE('',#1362,#1354,#1539,.T.);
#1541=ORIENTED_EDGE('',*,*,#1540,.T.);
#1542=ORIENTED_EDGE('',*,*,#1359,.T.);
#1543=EDGE_LOOP('',(#1524,#1525,#1541,#1542));
#1544=FACE_BOUND('',#1543,.T.);
#1545=ADVANCED_FACE('',(#1544),#1508,.T.);
#1546=CARTESIAN_POINT('',(-0.048432057,-1.603033573,1.815));
#1547=CARTESIAN_POINT('',(-0.048432057,-1.603033573,1.805));
#1548=CARTESIAN_POINT('',(-0.021392782,-1.575516762,1.815));
#1549=CARTESIAN_POINT('',(-0.021392782,-1.575516762,1.805));
#1550=CARTESIAN_POINT('',(-0.007873145,-1.54108139,1.815));
#1551=CARTESIAN_POINT('',(-0.007873145,-1.54108139,1.805));
#1552=CARTESIAN_POINT('',(-0.007873145,-1.499727454,1.815));
#1553=CARTESIAN_POINT('',(-0.007873145,-1.499727454,1.805));
#1554=CARTESIAN_POINT('',(-0.007873145,-1.459327286,1.815));
#1555=CARTESIAN_POINT('',(-0.007873145,-1.459327286,1.805));
#1556=CARTESIAN_POINT('',(-0.021233712,-1.425846333,1.815));
#1557=CARTESIAN_POINT('',(-0.021233712,-1.425846333,1.805));
#1558=CARTESIAN_POINT('',(-0.047954847,-1.399284268,1.815));
#1559=CARTESIAN_POINT('',(-0.047954847,-1.399284268,1.805));
#1560=CARTESIAN_POINT('',(-0.074675982,-1.372722203,1.815));
#1561=CARTESIAN_POINT('',(-0.074675982,-1.372722203,1.805));
#1562=CARTESIAN_POINT('',(-0.108077726,-1.359441171,1.815));
#1563=CARTESIAN_POINT('',(-0.108077726,-1.359441171,1.805));
#1564=CARTESIAN_POINT('',(-0.148159428,-1.359441171,1.815));
#1565=CARTESIAN_POINT('',(-0.148159428,-1.359441171,1.805));
#1566=CARTESIAN_POINT('',(-0.172653911,-1.359441171,1.815));
#1567=CARTESIAN_POINT('',(-0.172653911,-1.359441171,1.805));
#1568=CARTESIAN_POINT('',(-0.196353043,-1.36524657,1.815));
#1569=CARTESIAN_POINT('',(-0.196353043,-1.36524657,1.805));
#1570=CARTESIAN_POINT('',(-0.219256827,-1.376857694,1.815));
#1571=CARTESIAN_POINT('',(-0.219256827,-1.376857694,1.805));
#1572=B_SPLINE_SURFACE_WITH_KNOTS('',3,1,((#1546,#1547),(#1548,#1549),(#1550,#1551),(#1552,#1553),(#1554,#1555),(#1556,#1557),(#1558,#1559),(#1560,#1561),(#1562,#1563),(#1564,#1565),(#1566,#1567),(#1568,#1569),(#1570,#1571)),.UNSPECIFIED.,.F.,.F.,.U.,(4,3,3,3,4),(2,2),(0.544005958,0.672422705,0.797877709,0.923332713,1.),(0.,1.),.UNSPECIFIED.);
#1573=CARTESIAN_POINT('',(-0.048432057,-1.603033573,1.805));
#1574=CARTESIAN_POINT('',(-0.021392782,-1.575516762,1.805));
#1575=CARTESIAN_POINT('',(-0.007873145,-1.54108139,1.805));
#1576=CARTESIAN_POINT('',(-0.007873145,-1.499727454,1.805));
#1577=CARTESIAN_POINT('',(-0.007873145,-1.459327286,1.805));
#1578=CARTESIAN_POINT('',(-0.021233712,-1.425846333,1.805));
#1579=CARTESIAN_POINT('',(-0.047954847,-1.399284268,1.805));
#1580=CARTESIAN_POINT('',(-0.074675982,-1.372722203,1.805));
#1581=CARTESIAN_POINT('',(-0.108077726,-1.359441171,1.805));
#1582=CARTESIAN_POINT('',(-0.148159428,-1.359441171,1.805));
#1583=CARTESIAN_POINT('',(-0.172653911,-1.359441171,1.805));
#1584=CARTESIAN_POINT('',(-0.196353043,-1.36524657,1.805));
#1585=CARTESIAN_POINT('',(-0.219256827,-1.376857694,1.805));
#1586=B_SPLINE_CURVE_WITH_KNOTS('',3,(#1573,#1574,#1575,#1576,#1577,#1578,#1579,#1580,#1581,#1582,#1583,#1584,#1585),.UNSPECIFIED.,.F.,.F.,(4,3,3,3,4),(0.544005958,0.672422705,0.797877709,0.923332713,1.),.UNSPECIFIED.);
#1587=EDGE_CURVE('',#1424,#1422,#1586,.T.);
#1588=ORIENTED_EDGE('',*,*,#1587,.F.);
#1589=ORIENTED_EDGE('',*,*,#1477,.F.);
#1590=CARTESIAN_POINT('',(-0.048432057,-1.603033573,1.815));
#1591=CARTESIAN_POINT('',(-0.021392782,-1.575516762,1.815));
#1592=CARTESIAN_POINT('',(-0.007873145,-1.54108139,1.815));
#1593=CARTESIAN_POINT('',(-0.007873145,-1.499727454,1.815));
#1594=CARTESIAN_POINT('',(-0.007873145,-1.459327286,1.815));
#1595=CARTESIAN_POINT('',(-0.021233712,-1.425846333,1.815));
#1596=CARTESIAN_POINT('',(-0.047954847,-1.399284268,1.815));
#1597=CARTESIAN_POINT('',(-0.074675982,-1.372722203,1.815));
#1598=CARTESIAN_POINT('',(-0.108077726,-1.359441171,1.815));
#1599=CARTESIAN_POINT('',(-0.148159428,-1.359441171,1.815));
#1600=CARTESIAN_POINT('',(-0.172653911,-1.359441171,1.815));
#1601=CARTESIAN_POINT('',(-0.196353043,-1.36524657,1.815));
#1602=CARTESIAN_POINT('',(-0.219256827,-1.376857694,1.815));
#1603=B_SPLINE_CURVE_WITH_KNOTS('',3,(#1590,#1591,#1592,#1593,#1594,#1595,#1596,#1597,#1598,#1599,#1600,#1601,#1602),.UNSPECIFIED.,.F.,.F.,(4,3,3,3,4),(0.544005958,0.672422705,0.797877709,0.923332713,1.),.UNSPECIFIED.);
#1604=EDGE_CURVE('',#1453,#1445,#1603,.T.);
#1605=ORIENTED_EDGE('',*,*,#1604,.T.);
#1606=ORIENTED_EDGE('',*,*,#1450,.T.);
#1607=EDGE_LOOP('',(#1588,#1589,#1605,#1606));
#1608=FACE_BOUND('',#1607,.T.);
#1609=ADVANCED_FACE('',(#1608),#1572,.T.);
#1610=CARTESIAN_POINT('',(0.029345625,-1.404294644,1.815));
#1611=CARTESIAN_POINT('',(0.029345625,-1.404294644,1.805));
#1612=CARTESIAN_POINT('',(0.04238805,-1.368666253,1.815));
#1613=CARTESIAN_POINT('',(0.04238805,-1.368666253,1.805));
#1614=CARTESIAN_POINT('',(0.060997594,-1.342263261,1.815));
#1615=CARTESIAN_POINT('',(0.060997594,-1.342263261,1.805));
#1616=CARTESIAN_POINT('',(0.08517393,-1.325085342,1.815));
#1617=CARTESIAN_POINT('',(0.08517393,-1.325085342,1.805));
#1618=B_SPLINE_SURFACE_WITH_KNOTS('',3,1,((#1610,#1611),(#1612,#1613),(#1614,#1615),(#1616,#1617)),.UNSPECIFIED.,.F.,.F.,.U.,(4,4),(2,2),(0.951005046,0.999999991),(0.,1.),.UNSPECIFIED.);
#1619=ORIENTED_EDGE('',*,*,#559,.F.);
#1620=ORIENTED_EDGE('',*,*,#1218,.F.);
#1621=CARTESIAN_POINT('',(0.029345625,-1.404294644,1.815));
#1622=CARTESIAN_POINT('',(0.042388053,-1.368666247,1.815));
#1623=CARTESIAN_POINT('',(0.060997601,-1.342263252,1.815));
#1624=CARTESIAN_POINT('',(0.085173943,-1.325085333,1.815));
#1625=B_SPLINE_CURVE_WITH_KNOTS('',3,(#1621,#1622,#1623,#1624),.UNSPECIFIED.,.F.,.F.,(4,4),(0.951005046,1.),.UNSPECIFIED.);
#1626=EDGE_CURVE('',#1185,#1270,#1625,.T.);
#1627=ORIENTED_EDGE('',*,*,#1626,.T.);
#1628=ORIENTED_EDGE('',*,*,#1275,.T.);
#1629=EDGE_LOOP('',(#1619,#1620,#1627,#1628));
#1630=FACE_BOUND('',#1629,.T.);
#1631=ADVANCED_FACE('',(#1630),#1618,.T.);
#1632=CARTESIAN_POINT('',(0.,-0.000000087,1.815));
#1633=DIRECTION('',(0.,0.,1.));
#1634=DIRECTION('',(-0.,-1.,0.));
#1635=AXIS2_PLACEMENT_3D('',#1632,#1633,#1634);
#1636=PLANE('',#1635);
#1637=ORIENTED_EDGE('',*,*,#1471,.F.);
#1638=ORIENTED_EDGE('',*,*,#1604,.F.);
#1639=EDGE_LOOP('',(#1637,#1638));
#1640=FACE_BOUND('',#1639,.T.);
#1641=ORIENTED_EDGE('',*,*,#1377,.F.);
#1642=ORIENTED_EDGE('',*,*,#1540,.F.);
#1643=EDGE_LOOP('',(#1641,#1642));
#1644=FACE_BOUND('',#1643,.T.);
#1645=ORIENTED_EDGE('',*,*,#1212,.F.);
#1646=ORIENTED_EDGE('',*,*,#1300,.F.);
#1647=ORIENTED_EDGE('',*,*,#1626,.F.);
#1648=EDGE_LOOP('',(#1645,#1646,#1647));
#1649=FACE_BOUND('',#1648,.T.);
#1650=ADVANCED_FACE('',(#1640,#1644,#1649),#1636,.T.);
#1651=OVER_RIDING_STYLED_ITEM('',(#910),#1650,#110);
#1652=CARTESIAN_POINT('',(-1.862464955,2.362464955,1.805));
#1653=DIRECTION('',(0.,0.,1.));
#1654=DIRECTION('',(0.619103739,-0.785309213,0.));
#1655=AXIS2_PLACEMENT_3D('',#1652,#1653,#1654);
#1656=PLANE('',#1655);
#1657=ORIENTED_EDGE('',*,*,#1442,.T.);
#1658=ORIENTED_EDGE('',*,*,#1587,.T.);
#1659=EDGE_LOOP('',(#1657,#1658));
#1660=FACE_BOUND('',#1659,.T.);
#1661=ADVANCED_FACE('',(#1660),#1656,.T.);
#1662=CARTESIAN_POINT('',(-1.862464955,2.362464955,1.805));
#1663=DIRECTION('',(0.,0.,1.));
#1664=DIRECTION('',(0.619103739,-0.785309213,0.));
#1665=AXIS2_PLACEMENT_3D('',#1662,#1663,#1664);
#1666=PLANE('',#1665);
#1667=ORIENTED_EDGE('',*,*,#1351,.T.);
#1668=ORIENTED_EDGE('',*,*,#1523,.T.);
#1669=EDGE_LOOP('',(#1667,#1668));
#1670=FACE_BOUND('',#1669,.T.);
#1671=ADVANCED_FACE('',(#1670),#1666,.T.);
#1672=CARTESIAN_POINT('',(-0.096864114,-1.201022549,1.815));
#1673=DIRECTION('',(0.,-1.,0.));
#1674=DIRECTION('',(0.,0.,-1.));
#1675=AXIS2_PLACEMENT_3D('',#1672,#1673,#1674);
#1676=PLANE('',#1675);
#1677=ORIENTED_EDGE('',*,*,#494,.F.);
#1678=CARTESIAN_POINT('',(-0.053680711,-1.201022549,1.815));
#1679=VERTEX_POINT('',#1678);
#1680=CARTESIAN_POINT('',(-0.053680711,-1.201022549,1.815));
#1681=DIRECTION('',(0.,0.,-1.));
#1682=VECTOR('',#1681,0.01);
#1683=LINE('',#1680,#1682);
#1684=EDGE_CURVE('',#1679,#487,#1683,.T.);
#1685=ORIENTED_EDGE('',*,*,#1684,.F.);
#1686=CARTESIAN_POINT('',(-0.140047516,-1.201022549,1.815));
#1687=VERTEX_POINT('',#1686);
#1688=CARTESIAN_POINT('',(-0.053680711,-1.201022549,1.815));
#1689=DIRECTION('',(-1.,0.,0.));
#1690=VECTOR('',#1689,0.086366804);
#1691=LINE('',#1688,#1690);
#1692=EDGE_CURVE('',#1679,#1687,#1691,.T.);
#1693=ORIENTED_EDGE('',*,*,#1692,.T.);
#1694=CARTESIAN_POINT('',(-0.140047516,-1.201022549,1.815));
#1695=DIRECTION('',(0.,0.,-1.));
#1696=VECTOR('',#1695,0.01);
#1697=LINE('',#1694,#1696);
#1698=EDGE_CURVE('',#1687,#489,#1697,.T.);
#1699=ORIENTED_EDGE('',*,*,#1698,.T.);
#1700=EDGE_LOOP('',(#1677,#1685,#1693,#1699));
#1701=FACE_BOUND('',#1700,.T.);
#1702=ADVANCED_FACE('',(#1701),#1676,.T.);
#1703=CARTESIAN_POINT('',(-0.053680711,-1.06908662,1.815));
#1704=DIRECTION('',(1.,0.,0.));
#1705=DIRECTION('',(0.,0.,-1.));
#1706=AXIS2_PLACEMENT_3D('',#1703,#1704,#1705);
#1707=PLANE('',#1706);
#1708=ORIENTED_EDGE('',*,*,#516,.F.);
#1709=CARTESIAN_POINT('',(-0.053680711,-0.937150691,1.815));
#1710=VERTEX_POINT('',#1709);
#1711=CARTESIAN_POINT('',(-0.053680711,-0.937150691,1.815));
#1712=DIRECTION('',(0.,0.,-1.));
#1713=VECTOR('',#1712,0.01);
#1714=LINE('',#1711,#1713);
#1715=EDGE_CURVE('',#1710,#505,#1714,.T.);
#1716=ORIENTED_EDGE('',*,*,#1715,.F.);
#1717=CARTESIAN_POINT('',(-0.053680711,-0.937150691,1.815));
#1718=DIRECTION('',(0.,-1.,0.));
#1719=VECTOR('',#1718,0.263871858);
#1720=LINE('',#1717,#1719);
#1721=EDGE_CURVE('',#1710,#1679,#1720,.T.);
#1722=ORIENTED_EDGE('',*,*,#1721,.T.);
#1723=ORIENTED_EDGE('',*,*,#1684,.T.);
#1724=EDGE_LOOP('',(#1708,#1716,#1722,#1723));
#1725=FACE_BOUND('',#1724,.T.);
#1726=ADVANCED_FACE('',(#1725),#1707,.T.);
#1727=CARTESIAN_POINT('',(-0.096864114,-0.937150691,1.815));
#1728=DIRECTION('',(0.,1.,0.));
#1729=DIRECTION('',(0.,0.,1.));
#1730=AXIS2_PLACEMENT_3D('',#1727,#1728,#1729);
#1731=PLANE('',#1730);
#1732=ORIENTED_EDGE('',*,*,#510,.F.);
#1733=CARTESIAN_POINT('',(-0.140047516,-0.937150691,1.815));
#1734=VERTEX_POINT('',#1733);
#1735=CARTESIAN_POINT('',(-0.140047516,-0.937150691,1.815));
#1736=DIRECTION('',(0.,0.,-1.));
#1737=VECTOR('',#1736,0.01);
#1738=LINE('',#1735,#1737);
#1739=EDGE_CURVE('',#1734,#497,#1738,.T.);
#1740=ORIENTED_EDGE('',*,*,#1739,.F.);
#1741=CARTESIAN_POINT('',(-0.140047516,-0.937150691,1.815));
#1742=DIRECTION('',(1.,0.,-0.));
#1743=VECTOR('',#1742,0.086366804);
#1744=LINE('',#1741,#1743);
#1745=EDGE_CURVE('',#1734,#1710,#1744,.T.);
#1746=ORIENTED_EDGE('',*,*,#1745,.T.);
#1747=ORIENTED_EDGE('',*,*,#1715,.T.);
#1748=EDGE_LOOP('',(#1732,#1740,#1746,#1747));
#1749=FACE_BOUND('',#1748,.T.);
#1750=ADVANCED_FACE('',(#1749),#1731,.T.);
#1751=CARTESIAN_POINT('',(-0.140047516,-1.06908662,1.815));
#1752=DIRECTION('',(-1.,0.,0.));
#1753=DIRECTION('',(0.,0.,1.));
#1754=AXIS2_PLACEMENT_3D('',#1751,#1752,#1753);
#1755=PLANE('',#1754);
#1756=ORIENTED_EDGE('',*,*,#502,.F.);
#1757=ORIENTED_EDGE('',*,*,#1698,.F.);
#1758=CARTESIAN_POINT('',(-0.140047516,-1.201022549,1.815));
#1759=DIRECTION('',(0.,1.,0.));
#1760=VECTOR('',#1759,0.263871858);
#1761=LINE('',#1758,#1760);
#1762=EDGE_CURVE('',#1687,#1734,#1761,.T.);
#1763=ORIENTED_EDGE('',*,*,#1762,.T.);
#1764=ORIENTED_EDGE('',*,*,#1739,.T.);
#1765=EDGE_LOOP('',(#1756,#1757,#1763,#1764));
#1766=FACE_BOUND('',#1765,.T.);
#1767=ADVANCED_FACE('',(#1766),#1755,.T.);
#1768=CARTESIAN_POINT('',(0.,-0.000000087,1.815));
#1769=DIRECTION('',(0.,0.,1.));
#1770=DIRECTION('',(-0.,-1.,0.));
#1771=AXIS2_PLACEMENT_3D('',#1768,#1769,#1770);
#1772=PLANE('',#1771);
#1773=ORIENTED_EDGE('',*,*,#1692,.F.);
#1774=ORIENTED_EDGE('',*,*,#1721,.F.);
#1775=ORIENTED_EDGE('',*,*,#1745,.F.);
#1776=ORIENTED_EDGE('',*,*,#1762,.F.);
#1777=EDGE_LOOP('',(#1773,#1774,#1775,#1776));
#1778=FACE_BOUND('',#1777,.T.);
#1779=ADVANCED_FACE('',(#1778),#1772,.T.);
#1780=OVER_RIDING_STYLED_ITEM('',(#910),#1779,#110);
#1781=CARTESIAN_POINT('',(0.342842727,-0.700000131,1.815));
#1782=CARTESIAN_POINT('',(0.342842727,-0.700000131,1.805));
#1783=CARTESIAN_POINT('',(0.337116863,-0.734355969,1.815));
#1784=CARTESIAN_POINT('',(0.337116863,-0.734355969,1.805));
#1785=CARTESIAN_POINT('',(0.326221227,-0.763144686,1.815));
#1786=CARTESIAN_POINT('',(0.326221227,-0.763144686,1.805));
#1787=CARTESIAN_POINT('',(0.310156797,-0.786366935,1.815));
#1788=CARTESIAN_POINT('',(0.310156797,-0.786366935,1.805));
#1789=CARTESIAN_POINT('',(0.294092367,-0.809588858,1.815));
#1790=CARTESIAN_POINT('',(0.294092367,-0.809588858,1.805));
#1791=CARTESIAN_POINT('',(0.271585933,-0.828277615,1.815));
#1792=CARTESIAN_POINT('',(0.271585933,-0.828277615,1.805));
#1793=CARTESIAN_POINT('',(0.242638146,-0.842433695,1.815));
#1794=CARTESIAN_POINT('',(0.242638146,-0.842433695,1.805));
#1795=CARTESIAN_POINT('',(0.213690032,-0.856589449,1.815));
#1796=CARTESIAN_POINT('',(0.213690032,-0.856589449,1.805));
#1797=CARTESIAN_POINT('',(0.181879313,-0.863667407,1.815));
#1798=CARTESIAN_POINT('',(0.181879313,-0.863667407,1.805));
#1799=CARTESIAN_POINT('',(0.147205335,-0.863667407,1.815));
#1800=CARTESIAN_POINT('',(0.147205335,-0.863667407,1.805));
#1801=CARTESIAN_POINT('',(0.087718735,-0.863667407,1.815));
#1802=CARTESIAN_POINT('',(0.087718735,-0.863667407,1.805));
#1803=CARTESIAN_POINT('',(0.037378003,-0.844739882,1.815));
#1804=CARTESIAN_POINT('',(0.037378003,-0.844739882,1.805));
#1805=CARTESIAN_POINT('',(-0.003817189,-0.806884996,1.815));
#1806=CARTESIAN_POINT('',(-0.003817189,-0.806884996,1.805));
#1807=CARTESIAN_POINT('',(-0.04501238,-0.769029783,1.815));
#1808=CARTESIAN_POINT('',(-0.04501238,-0.769029783,1.805));
#1809=CARTESIAN_POINT('',(-0.065609976,-0.700636247,1.815));
#1810=CARTESIAN_POINT('',(-0.065609976,-0.700636247,1.805));
#1811=CARTESIAN_POINT('',(-0.065609976,-0.601704225,1.815));
#1812=CARTESIAN_POINT('',(-0.065609976,-0.601704225,1.805));
#1813=B_SPLINE_SURFACE_WITH_KNOTS('',3,1,((#1781,#1782),(#1783,#1784),(#1785,#1786),(#1787,#1788),(#1789,#1790),(#1791,#1792),(#1793,#1794),(#1795,#1796),(#1797,#1798),(#1799,#1800),(#1801,#1802),(#1803,#1804),(#1805,#1806),(#1807,#1808),(#1809,#1810),(#1811,#1812)),.UNSPECIFIED.,.F.,.F.,.U.,(4,3,3,3,3,4),(2,2),(0.100027428,0.239966565,0.379904374,0.519842832,0.759920943,1.),(0.,1.),.UNSPECIFIED.);
#1814=ORIENTED_EDGE('',*,*,#435,.F.);
#1815=CARTESIAN_POINT('',(0.342842727,-0.700000131,1.815));
#1816=VERTEX_POINT('',#1815);
#1817=CARTESIAN_POINT('',(0.342842727,-0.700000131,1.815));
#1818=DIRECTION('',(0.,0.,-1.));
#1819=VECTOR('',#1818,0.01);
#1820=LINE('',#1817,#1819);
#1821=EDGE_CURVE('',#1816,#415,#1820,.T.);
#1822=ORIENTED_EDGE('',*,*,#1821,.F.);
#1823=CARTESIAN_POINT('',(-0.065609976,-0.601704225,1.815));
#1824=VERTEX_POINT('',#1823);
#1825=CARTESIAN_POINT('',(0.342842727,-0.700000131,1.815));
#1826=CARTESIAN_POINT('',(0.337116863,-0.734355969,1.815));
#1827=CARTESIAN_POINT('',(0.326221227,-0.763144686,1.815));
#1828=CARTESIAN_POINT('',(0.310156797,-0.786366935,1.815));
#1829=CARTESIAN_POINT('',(0.294092367,-0.809588858,1.815));
#1830=CARTESIAN_POINT('',(0.271585933,-0.828277615,1.815));
#1831=CARTESIAN_POINT('',(0.242638146,-0.842433695,1.815));
#1832=CARTESIAN_POINT('',(0.213690032,-0.856589449,1.815));
#1833=CARTESIAN_POINT('',(0.181879313,-0.863667407,1.815));
#1834=CARTESIAN_POINT('',(0.147205335,-0.863667407,1.815));
#1835=CARTESIAN_POINT('',(0.087718735,-0.863667407,1.815));
#1836=CARTESIAN_POINT('',(0.037378003,-0.844739882,1.815));
#1837=CARTESIAN_POINT('',(-0.003817189,-0.806884996,1.815));
#1838=CARTESIAN_POINT('',(-0.04501238,-0.769029783,1.815));
#1839=CARTESIAN_POINT('',(-0.065609976,-0.700636247,1.815));
#1840=CARTESIAN_POINT('',(-0.065609976,-0.601704225,1.815));
#1841=B_SPLINE_CURVE_WITH_KNOTS('',3,(#1825,#1826,#1827,#1828,#1829,#1830,#1831,#1832,#1833,#1834,#1835,#1836,#1837,#1838,#1839,#1840),.UNSPECIFIED.,.F.,.F.,(4,3,3,3,3,4),(0.100027428,0.239966565,0.379904374,0.519842832,0.759920943,1.),.UNSPECIFIED.);
#1842=EDGE_CURVE('',#1816,#1824,#1841,.T.);
#1843=ORIENTED_EDGE('',*,*,#1842,.T.);
#1844=CARTESIAN_POINT('',(-0.065609976,-0.601704225,1.815));
#1845=DIRECTION('',(0.,0.,-1.));
#1846=VECTOR('',#1845,0.01);
#1847=LINE('',#1844,#1846);
#1848=EDGE_CURVE('',#1824,#417,#1847,.T.);
#1849=ORIENTED_EDGE('',*,*,#1848,.T.);
#1850=EDGE_LOOP('',(#1814,#1822,#1843,#1849));
#1851=FACE_BOUND('',#1850,.T.);
#1852=ADVANCED_FACE('',(#1851),#1813,.T.);
#1853=CARTESIAN_POINT('',(0.349523011,-0.593592475,1.815));
#1854=CARTESIAN_POINT('',(0.349523011,-0.593592475,1.805));
#1855=CARTESIAN_POINT('',(0.349523011,-0.640036321,1.815));
#1856=CARTESIAN_POINT('',(0.349523011,-0.640036321,1.805));
#1857=CARTESIAN_POINT('',(0.347296032,-0.675505649,1.815));
#1858=CARTESIAN_POINT('',(0.347296032,-0.675505649,1.805));
#1859=CARTESIAN_POINT('',(0.342842727,-0.700000131,1.815));
#1860=CARTESIAN_POINT('',(0.342842727,-0.700000131,1.805));
#1861=B_SPLINE_SURFACE_WITH_KNOTS('',3,1,((#1853,#1854),(#1855,#1856),(#1857,#1858),(#1859,#1860)),.UNSPECIFIED.,.F.,.F.,.U.,(4,4),(2,2),(0.,0.100027428),(0.,1.),.UNSPECIFIED.);
#1862=ORIENTED_EDGE('',*,*,#482,.F.);
#1863=CARTESIAN_POINT('',(0.349523011,-0.593592475,1.815));
#1864=VERTEX_POINT('',#1863);
#1865=CARTESIAN_POINT('',(0.349523011,-0.593592475,1.815));
#1866=DIRECTION('',(0.,0.,-1.));
#1867=VECTOR('',#1866,0.01);
#1868=LINE('',#1865,#1867);
#1869=EDGE_CURVE('',#1864,#470,#1868,.T.);
#1870=ORIENTED_EDGE('',*,*,#1869,.F.);
#1871=CARTESIAN_POINT('',(0.349523011,-0.593592475,1.815));
#1872=CARTESIAN_POINT('',(0.349523011,-0.640036321,1.815));
#1873=CARTESIAN_POINT('',(0.347296032,-0.675505649,1.815));
#1874=CARTESIAN_POINT('',(0.342842727,-0.700000131,1.815));
#1875=B_SPLINE_CURVE_WITH_KNOTS('',3,(#1871,#1872,#1873,#1874),.UNSPECIFIED.,.F.,.F.,(4,4),(0.,0.100027428),.UNSPECIFIED.);
#1876=EDGE_CURVE('',#1864,#1816,#1875,.T.);
#1877=ORIENTED_EDGE('',*,*,#1876,.T.);
#1878=ORIENTED_EDGE('',*,*,#1821,.T.);
#1879=EDGE_LOOP('',(#1862,#1870,#1877,#1878));
#1880=FACE_BOUND('',#1879,.T.);
#1881=ADVANCED_FACE('',(#1880),#1861,.T.);
#1882=CARTESIAN_POINT('',(0.349523011,-0.461656546,1.815));
#1883=DIRECTION('',(1.,-0.,0.));
#1884=DIRECTION('',(0.,1.,0.));
#1885=AXIS2_PLACEMENT_3D('',#1882,#1883,#1884);
#1886=PLANE('',#1885);
#1887=ORIENTED_EDGE('',*,*,#475,.F.);
#1888=CARTESIAN_POINT('',(0.349523011,-0.329720617,1.815));
#1889=VERTEX_POINT('',#1888);
#1890=CARTESIAN_POINT('',(0.349523011,-0.329720617,1.815));
#1891=DIRECTION('',(0.,0.,-1.));
#1892=VECTOR('',#1891,0.01);
#1893=LINE('',#1890,#1892);
#1894=EDGE_CURVE('',#1889,#462,#1893,.T.);
#1895=ORIENTED_EDGE('',*,*,#1894,.F.);
#1896=CARTESIAN_POINT('',(0.349523011,-0.329720617,1.815));
#1897=DIRECTION('',(-0.,-1.,0.));
#1898=VECTOR('',#1897,0.263871858);
#1899=LINE('',#1896,#1898);
#1900=EDGE_CURVE('',#1889,#1864,#1899,.T.);
#1901=ORIENTED_EDGE('',*,*,#1900,.T.);
#1902=ORIENTED_EDGE('',*,*,#1869,.T.);
#1903=EDGE_LOOP('',(#1887,#1895,#1901,#1902));
#1904=FACE_BOUND('',#1903,.T.);
#1905=ADVANCED_FACE('',(#1904),#1886,.T.);
#1906=CARTESIAN_POINT('',(-0.000238442,-0.329720617,1.815));
#1907=DIRECTION('',(-0.,1.,0.));
#1908=DIRECTION('',(-1.,-0.,0.));
#1909=AXIS2_PLACEMENT_3D('',#1906,#1907,#1908);
#1910=PLANE('',#1909);
#1911=ORIENTED_EDGE('',*,*,#467,.F.);
#1912=CARTESIAN_POINT('',(-0.349999894,-0.329720617,1.815));
#1913=VERTEX_POINT('',#1912);
#1914=CARTESIAN_POINT('',(-0.349999894,-0.329720617,1.815));
#1915=DIRECTION('',(0.,0.,-1.));
#1916=VECTOR('',#1915,0.01);
#1917=LINE('',#1914,#1916);
#1918=EDGE_CURVE('',#1913,#454,#1917,.T.);
#1919=ORIENTED_EDGE('',*,*,#1918,.F.);
#1920=CARTESIAN_POINT('',(-0.349999894,-0.329720617,1.815));
#1921=DIRECTION('',(1.,0.,0.));
#1922=VECTOR('',#1921,0.699522905);
#1923=LINE('',#1920,#1922);
#1924=EDGE_CURVE('',#1913,#1889,#1923,.T.);
#1925=ORIENTED_EDGE('',*,*,#1924,.T.);
#1926=ORIENTED_EDGE('',*,*,#1894,.T.);
#1927=EDGE_LOOP('',(#1911,#1919,#1925,#1926));
#1928=FACE_BOUND('',#1927,.T.);
#1929=ADVANCED_FACE('',(#1928),#1910,.T.);
#1930=CARTESIAN_POINT('',(-0.349999894,-0.376005557,1.815));
#1931=DIRECTION('',(-1.,0.,0.));
#1932=DIRECTION('',(0.,0.,1.));
#1933=AXIS2_PLACEMENT_3D('',#1930,#1931,#1932);
#1934=PLANE('',#1933);
#1935=ORIENTED_EDGE('',*,*,#459,.F.);
#1936=CARTESIAN_POINT('',(-0.349999894,-0.422290496,1.815));
#1937=VERTEX_POINT('',#1936);
#1938=CARTESIAN_POINT('',(-0.349999894,-0.422290496,1.815));
#1939=DIRECTION('',(0.,0.,-1.));
#1940=VECTOR('',#1939,0.01);
#1941=LINE('',#1938,#1940);
#1942=EDGE_CURVE('',#1937,#446,#1941,.T.);
#1943=ORIENTED_EDGE('',*,*,#1942,.F.);
#1944=CARTESIAN_POINT('',(-0.349999894,-0.422290496,1.815));
#1945=DIRECTION('',(0.,1.,0.));
#1946=VECTOR('',#1945,0.092569878);
#1947=LINE('',#1944,#1946);
#1948=EDGE_CURVE('',#1937,#1913,#1947,.T.);
#1949=ORIENTED_EDGE('',*,*,#1948,.T.);
#1950=ORIENTED_EDGE('',*,*,#1918,.T.);
#1951=EDGE_LOOP('',(#1935,#1943,#1949,#1950));
#1952=FACE_BOUND('',#1951,.T.);
#1953=ADVANCED_FACE('',(#1952),#1934,.T.);
#1954=CARTESIAN_POINT('',(-0.207804935,-0.422290496,1.815));
#1955=DIRECTION('',(0.,-1.,0.));
#1956=DIRECTION('',(0.,0.,-1.));
#1957=AXIS2_PLACEMENT_3D('',#1954,#1955,#1956);
#1958=PLANE('',#1957);
#1959=ORIENTED_EDGE('',*,*,#451,.F.);
#1960=CARTESIAN_POINT('',(-0.065609976,-0.422290496,1.815));
#1961=VERTEX_POINT('',#1960);
#1962=CARTESIAN_POINT('',(-0.065609976,-0.422290496,1.815));
#1963=DIRECTION('',(0.,0.,-1.));
#1964=VECTOR('',#1963,0.01);
#1965=LINE('',#1962,#1964);
#1966=EDGE_CURVE('',#1961,#438,#1965,.T.);
#1967=ORIENTED_EDGE('',*,*,#1966,.F.);
#1968=CARTESIAN_POINT('',(-0.065609976,-0.422290496,1.815));
#1969=DIRECTION('',(-1.,0.,0.));
#1970=VECTOR('',#1969,0.284389919);
#1971=LINE('',#1968,#1970);
#1972=EDGE_CURVE('',#1961,#1937,#1971,.T.);
#1973=ORIENTED_EDGE('',*,*,#1972,.T.);
#1974=ORIENTED_EDGE('',*,*,#1942,.T.);
#1975=EDGE_LOOP('',(#1959,#1967,#1973,#1974));
#1976=FACE_BOUND('',#1975,.T.);
#1977=ADVANCED_FACE('',(#1976),#1958,.T.);
#1978=CARTESIAN_POINT('',(0.016939477,-0.603135854,1.815));
#1979=CARTESIAN_POINT('',(0.016939477,-0.603135854,1.805));
#1980=CARTESIAN_POINT('',(0.016939477,-0.662940268,1.815));
#1981=CARTESIAN_POINT('',(0.016939477,-0.662940268,1.805));
#1982=CARTESIAN_POINT('',(0.028073392,-0.705407855,1.815));
#1983=CARTESIAN_POINT('',(0.028073392,-0.705407855,1.805));
#1984=CARTESIAN_POINT('',(0.050340896,-0.730538617,1.815));
#1985=CARTESIAN_POINT('',(0.050340896,-0.730538617,1.805));
#1986=CARTESIAN_POINT('',(0.072608725,-0.755669216,1.815));
#1987=CARTESIAN_POINT('',(0.072608725,-0.755669216,1.805));
#1988=CARTESIAN_POINT('',(0.103942235,-0.768234597,1.815));
#1989=CARTESIAN_POINT('',(0.103942235,-0.768234597,1.805));
#1990=CARTESIAN_POINT('',(0.144342403,-0.768234597,1.815));
#1991=CARTESIAN_POINT('',(0.144342403,-0.768234597,1.805));
#1992=CARTESIAN_POINT('',(0.17360833,-0.768234597,1.815));
#1993=CARTESIAN_POINT('',(0.17360833,-0.768234597,1.805));
#1994=CARTESIAN_POINT('',(0.198659557,-0.760838662,1.815));
#1995=CARTESIAN_POINT('',(0.198659557,-0.760838662,1.805));
#1996=CARTESIAN_POINT('',(0.219495757,-0.746046465,1.815));
#1997=CARTESIAN_POINT('',(0.219495757,-0.746046465,1.805));
#1998=CARTESIAN_POINT('',(0.240331958,-0.731254432,1.815));
#1999=CARTESIAN_POINT('',(0.240331958,-0.731254432,1.805));
#2000=CARTESIAN_POINT('',(0.2540902,-0.711770162,1.815));
#2001=CARTESIAN_POINT('',(0.2540902,-0.711770162,1.805));
#2002=CARTESIAN_POINT('',(0.260770484,-0.68759382,1.815));
#2003=CARTESIAN_POINT('',(0.260770484,-0.68759382,1.805));
#2004=B_SPLINE_SURFACE_WITH_KNOTS('',3,1,((#1978,#1979),(#1980,#1981),(#1982,#1983),(#1984,#1985),(#1986,#1987),(#1988,#1989),(#1990,#1991),(#1992,#1993),(#1994,#1995),(#1996,#1997),(#1998,#1999),(#2000,#2001),(#2002,#2003)),.UNSPECIFIED.,.F.,.F.,.U.,(4,3,3,3,4),(2,2),(0.,0.255456459,0.510913634,0.6959671,0.881019882),(0.,1.),.UNSPECIFIED.);
#2005=CARTESIAN_POINT('',(0.016939477,-0.603135854,1.805));
#2006=VERTEX_POINT('',#2005);
#2007=CARTESIAN_POINT('',(0.260770484,-0.68759382,1.805));
#2008=VERTEX_POINT('',#2007);
#2009=CARTESIAN_POINT('',(0.016939477,-0.603135854,1.805));
#2010=CARTESIAN_POINT('',(0.016939477,-0.662940268,1.805));
#2011=CARTESIAN_POINT('',(0.028073392,-0.705407855,1.805));
#2012=CARTESIAN_POINT('',(0.050340896,-0.730538617,1.805));
#2013=CARTESIAN_POINT('',(0.072608725,-0.755669216,1.805));
#2014=CARTESIAN_POINT('',(0.103942235,-0.768234597,1.805));
#2015=CARTESIAN_POINT('',(0.144342403,-0.768234597,1.805));
#2016=CARTESIAN_POINT('',(0.17360833,-0.768234597,1.805));
#2017=CARTESIAN_POINT('',(0.198659557,-0.760838662,1.805));
#2018=CARTESIAN_POINT('',(0.219495757,-0.746046465,1.805));
#2019=CARTESIAN_POINT('',(0.240331958,-0.731254432,1.805));
#2020=CARTESIAN_POINT('',(0.2540902,-0.711770162,1.805));
#2021=CARTESIAN_POINT('',(0.260770484,-0.68759382,1.805));
#2022=B_SPLINE_CURVE_WITH_KNOTS('',3,(#2009,#2010,#2011,#2012,#2013,#2014,#2015,#2016,#2017,#2018,#2019,#2020,#2021),.UNSPECIFIED.,.F.,.F.,(4,3,3,3,4),(0.,0.255456459,0.510913634,0.6959671,0.881019882),.UNSPECIFIED.);
#2023=EDGE_CURVE('',#2006,#2008,#2022,.T.);
#2024=ORIENTED_EDGE('',*,*,#2023,.F.);
#2025=CARTESIAN_POINT('',(0.016939477,-0.603135854,1.815));
#2026=VERTEX_POINT('',#2025);
#2027=CARTESIAN_POINT('',(0.016939477,-0.603135854,1.815));
#2028=DIRECTION('',(0.,0.,-1.));
#2029=VECTOR('',#2028,0.01);
#2030=LINE('',#2027,#2029);
#2031=EDGE_CURVE('',#2026,#2006,#2030,.T.);
#2032=ORIENTED_EDGE('',*,*,#2031,.F.);
#2033=CARTESIAN_POINT('',(0.260770484,-0.68759382,1.815));
#2034=VERTEX_POINT('',#2033);
#2035=CARTESIAN_POINT('',(0.016939477,-0.603135854,1.815));
#2036=CARTESIAN_POINT('',(0.016939477,-0.662940268,1.815));
#2037=CARTESIAN_POINT('',(0.028073392,-0.705407855,1.815));
#2038=CARTESIAN_POINT('',(0.050340896,-0.730538617,1.815));
#2039=CARTESIAN_POINT('',(0.072608725,-0.755669216,1.815));
#2040=CARTESIAN_POINT('',(0.103942235,-0.768234597,1.815));
#2041=CARTESIAN_POINT('',(0.144342403,-0.768234597,1.815));
#2042=CARTESIAN_POINT('',(0.17360833,-0.768234597,1.815));
#2043=CARTESIAN_POINT('',(0.198659557,-0.760838662,1.815));
#2044=CARTESIAN_POINT('',(0.219495757,-0.746046465,1.815));
#2045=CARTESIAN_POINT('',(0.240331958,-0.731254432,1.815));
#2046=CARTESIAN_POINT('',(0.2540902,-0.711770162,1.815));
#2047=CARTESIAN_POINT('',(0.260770484,-0.68759382,1.815));
#2048=B_SPLINE_CURVE_WITH_KNOTS('',3,(#2035,#2036,#2037,#2038,#2039,#2040,#2041,#2042,#2043,#2044,#2045,#2046,#2047),.UNSPECIFIED.,.F.,.F.,(4,3,3,3,4),(0.,0.255456459,0.510913634,0.6959671,0.881019882),.UNSPECIFIED.);
#2049=EDGE_CURVE('',#2026,#2034,#2048,.T.);
#2050=ORIENTED_EDGE('',*,*,#2049,.T.);
#2051=CARTESIAN_POINT('',(0.260770484,-0.68759382,1.815));
#2052=DIRECTION('',(0.,0.,-1.));
#2053=VECTOR('',#2052,0.01);
#2054=LINE('',#2051,#2053);
#2055=EDGE_CURVE('',#2034,#2008,#2054,.T.);
#2056=ORIENTED_EDGE('',*,*,#2055,.T.);
#2057=EDGE_LOOP('',(#2024,#2032,#2050,#2056));
#2058=FACE_BOUND('',#2057,.T.);
#2059=ADVANCED_FACE('',(#2058),#2004,.T.);
#2060=CARTESIAN_POINT('',(0.016939477,-0.512713175,1.815));
#2061=DIRECTION('',(1.,0.,0.));
#2062=DIRECTION('',(-0.,1.,0.));
#2063=AXIS2_PLACEMENT_3D('',#2060,#2061,#2062);
#2064=PLANE('',#2063);
#2065=CARTESIAN_POINT('',(0.016939477,-0.422290496,1.805));
#2066=VERTEX_POINT('',#2065);
#2067=CARTESIAN_POINT('',(0.016939477,-0.422290496,1.805));
#2068=DIRECTION('',(0.,-1.,0.));
#2069=VECTOR('',#2068,0.180845358);
#2070=LINE('',#2067,#2069);
#2071=EDGE_CURVE('',#2066,#2006,#2070,.T.);
#2072=ORIENTED_EDGE('',*,*,#2071,.F.);
#2073=CARTESIAN_POINT('',(0.016939477,-0.422290496,1.815));
#2074=VERTEX_POINT('',#2073);
#2075=CARTESIAN_POINT('',(0.016939477,-0.422290496,1.815));
#2076=DIRECTION('',(0.,0.,-1.));
#2077=VECTOR('',#2076,0.01);
#2078=LINE('',#2075,#2077);
#2079=EDGE_CURVE('',#2074,#2066,#2078,.T.);
#2080=ORIENTED_EDGE('',*,*,#2079,.F.);
#2081=CARTESIAN_POINT('',(0.016939477,-0.422290496,1.815));
#2082=DIRECTION('',(0.,-1.,0.));
#2083=VECTOR('',#2082,0.180845358);
#2084=LINE('',#2081,#2083);
#2085=EDGE_CURVE('',#2074,#2026,#2084,.T.);
#2086=ORIENTED_EDGE('',*,*,#2085,.T.);
#2087=ORIENTED_EDGE('',*,*,#2031,.T.);
#2088=EDGE_LOOP('',(#2072,#2080,#2086,#2087));
#2089=FACE_BOUND('',#2088,.T.);
#2090=ADVANCED_FACE('',(#2089),#2064,.T.);
#2091=CARTESIAN_POINT('',(0.141956517,-0.422290496,1.815));
#2092=DIRECTION('',(0.,-1.,0.));
#2093=DIRECTION('',(0.,0.,-1.));
#2094=AXIS2_PLACEMENT_3D('',#2091,#2092,#2093);
#2095=PLANE('',#2094);
#2096=CARTESIAN_POINT('',(0.266973558,-0.422290496,1.805));
#2097=VERTEX_POINT('',#2096);
#2098=CARTESIAN_POINT('',(0.266973558,-0.422290496,1.805));
#2099=DIRECTION('',(-1.,0.,0.));
#2100=VECTOR('',#2099,0.250034081);
#2101=LINE('',#2098,#2100);
#2102=EDGE_CURVE('',#2097,#2066,#2101,.T.);
#2103=ORIENTED_EDGE('',*,*,#2102,.F.);
#2104=CARTESIAN_POINT('',(0.266973558,-0.422290496,1.815));
#2105=VERTEX_POINT('',#2104);
#2106=CARTESIAN_POINT('',(0.266973558,-0.422290496,1.815));
#2107=DIRECTION('',(0.,0.,-1.));
#2108=VECTOR('',#2107,0.01);
#2109=LINE('',#2106,#2108);
#2110=EDGE_CURVE('',#2105,#2097,#2109,.T.);
#2111=ORIENTED_EDGE('',*,*,#2110,.F.);
#2112=CARTESIAN_POINT('',(0.266973558,-0.422290496,1.815));
#2113=DIRECTION('',(-1.,0.,0.));
#2114=VECTOR('',#2113,0.250034081);
#2115=LINE('',#2112,#2114);
#2116=EDGE_CURVE('',#2105,#2074,#2115,.T.);
#2117=ORIENTED_EDGE('',*,*,#2116,.T.);
#2118=ORIENTED_EDGE('',*,*,#2079,.T.);
#2119=EDGE_LOOP('',(#2103,#2111,#2117,#2118));
#2120=FACE_BOUND('',#2119,.T.);
#2121=ADVANCED_FACE('',(#2120),#2095,.T.);
#2122=CARTESIAN_POINT('',(0.266973558,-0.511758837,1.815));
#2123=DIRECTION('',(-1.,0.,0.));
#2124=DIRECTION('',(-0.,-1.,0.));
#2125=AXIS2_PLACEMENT_3D('',#2122,#2123,#2124);
#2126=PLANE('',#2125);
#2127=CARTESIAN_POINT('',(0.266973558,-0.601227178,1.805));
#2128=VERTEX_POINT('',#2127);
#2129=CARTESIAN_POINT('',(0.266973558,-0.601227178,1.805));
#2130=DIRECTION('',(0.,1.,0.));
#2131=VECTOR('',#2130,0.178936683);
#2132=LINE('',#2129,#2131);
#2133=EDGE_CURVE('',#2128,#2097,#2132,.T.);
#2134=ORIENTED_EDGE('',*,*,#2133,.F.);
#2135=CARTESIAN_POINT('',(0.266973558,-0.601227178,1.815));
#2136=VERTEX_POINT('',#2135);
#2137=CARTESIAN_POINT('',(0.266973558,-0.601227178,1.815));
#2138=DIRECTION('',(0.,0.,-1.));
#2139=VECTOR('',#2138,0.01);
#2140=LINE('',#2137,#2139);
#2141=EDGE_CURVE('',#2136,#2128,#2140,.T.);
#2142=ORIENTED_EDGE('',*,*,#2141,.F.);
#2143=CARTESIAN_POINT('',(0.266973558,-0.601227178,1.815));
#2144=DIRECTION('',(0.,1.,0.));
#2145=VECTOR('',#2144,0.178936683);
#2146=LINE('',#2143,#2145);
#2147=EDGE_CURVE('',#2136,#2105,#2146,.T.);
#2148=ORIENTED_EDGE('',*,*,#2147,.T.);
#2149=ORIENTED_EDGE('',*,*,#2110,.T.);
#2150=EDGE_LOOP('',(#2134,#2142,#2148,#2149));
#2151=FACE_BOUND('',#2150,.T.);
#2152=ADVANCED_FACE('',(#2151),#2126,.T.);
#2153=CARTESIAN_POINT('',(0.260770484,-0.68759382,1.815));
#2154=CARTESIAN_POINT('',(0.260770484,-0.68759382,1.805));
#2155=CARTESIAN_POINT('',(0.264905649,-0.672006274,1.815));
#2156=CARTESIAN_POINT('',(0.264905649,-0.672006274,1.805));
#2157=CARTESIAN_POINT('',(0.266973558,-0.643217556,1.815));
#2158=CARTESIAN_POINT('',(0.266973558,-0.643217556,1.805));
#2159=CARTESIAN_POINT('',(0.266973558,-0.601227178,1.815));
#2160=CARTESIAN_POINT('',(0.266973558,-0.601227178,1.805));
#2161=B_SPLINE_SURFACE_WITH_KNOTS('',3,1,((#2153,#2154),(#2155,#2156),(#2157,#2158),(#2159,#2160)),.UNSPECIFIED.,.F.,.F.,.U.,(4,4),(2,2),(0.881019882,1.),(0.,1.),.UNSPECIFIED.);
#2162=CARTESIAN_POINT('',(0.260770484,-0.68759382,1.805));
#2163=CARTESIAN_POINT('',(0.264905649,-0.672006274,1.805));
#2164=CARTESIAN_POINT('',(0.266973558,-0.643217556,1.805));
#2165=CARTESIAN_POINT('',(0.266973558,-0.601227178,1.805));
#2166=B_SPLINE_CURVE_WITH_KNOTS('',3,(#2162,#2163,#2164,#2165),.UNSPECIFIED.,.F.,.F.,(4,4),(0.881019882,1.),.UNSPECIFIED.);
#2167=EDGE_CURVE('',#2008,#2128,#2166,.T.);
#2168=ORIENTED_EDGE('',*,*,#2167,.F.);
#2169=ORIENTED_EDGE('',*,*,#2055,.F.);
#2170=CARTESIAN_POINT('',(0.260770484,-0.68759382,1.815));
#2171=CARTESIAN_POINT('',(0.264905649,-0.672006274,1.815));
#2172=CARTESIAN_POINT('',(0.266973558,-0.643217556,1.815));
#2173=CARTESIAN_POINT('',(0.266973558,-0.601227178,1.815));
#2174=B_SPLINE_CURVE_WITH_KNOTS('',3,(#2170,#2171,#2172,#2173),.UNSPECIFIED.,.F.,.F.,(4,4),(0.881019882,1.),.UNSPECIFIED.);
#2175=EDGE_CURVE('',#2034,#2136,#2174,.T.);
#2176=ORIENTED_EDGE('',*,*,#2175,.T.);
#2177=ORIENTED_EDGE('',*,*,#2141,.T.);
#2178=EDGE_LOOP('',(#2168,#2169,#2176,#2177));
#2179=FACE_BOUND('',#2178,.T.);
#2180=ADVANCED_FACE('',(#2179),#2161,.T.);
#2181=CARTESIAN_POINT('',(-0.065609976,-0.51199736,1.815));
#2182=DIRECTION('',(-1.,0.,0.));
#2183=DIRECTION('',(-0.,-1.,0.));
#2184=AXIS2_PLACEMENT_3D('',#2181,#2182,#2183);
#2185=PLANE('',#2184);
#2186=ORIENTED_EDGE('',*,*,#443,.F.);
#2187=ORIENTED_EDGE('',*,*,#1848,.F.);
#2188=CARTESIAN_POINT('',(-0.065609976,-0.601704225,1.815));
#2189=DIRECTION('',(0.,1.,0.));
#2190=VECTOR('',#2189,0.179413729);
#2191=LINE('',#2188,#2190);
#2192=EDGE_CURVE('',#1824,#1961,#2191,.T.);
#2193=ORIENTED_EDGE('',*,*,#2192,.T.);
#2194=ORIENTED_EDGE('',*,*,#1966,.T.);
#2195=EDGE_LOOP('',(#2186,#2187,#2193,#2194));
#2196=FACE_BOUND('',#2195,.T.);
#2197=ADVANCED_FACE('',(#2196),#2185,.T.);
#2198=CARTESIAN_POINT('',(0.,-0.000000087,1.815));
#2199=DIRECTION('',(0.,0.,1.));
#2200=DIRECTION('',(-0.,-1.,0.));
#2201=AXIS2_PLACEMENT_3D('',#2198,#2199,#2200);
#2202=PLANE('',#2201);
#2203=ORIENTED_EDGE('',*,*,#2049,.F.);
#2204=ORIENTED_EDGE('',*,*,#2085,.F.);
#2205=ORIENTED_EDGE('',*,*,#2116,.F.);
#2206=ORIENTED_EDGE('',*,*,#2147,.F.);
#2207=ORIENTED_EDGE('',*,*,#2175,.F.);
#2208=EDGE_LOOP('',(#2203,#2204,#2205,#2206,#2207));
#2209=FACE_BOUND('',#2208,.T.);
#2210=ORIENTED_EDGE('',*,*,#1842,.F.);
#2211=ORIENTED_EDGE('',*,*,#1876,.F.);
#2212=ORIENTED_EDGE('',*,*,#1900,.F.);
#2213=ORIENTED_EDGE('',*,*,#1924,.F.);
#2214=ORIENTED_EDGE('',*,*,#1948,.F.);
#2215=ORIENTED_EDGE('',*,*,#1972,.F.);
#2216=ORIENTED_EDGE('',*,*,#2192,.F.);
#2217=EDGE_LOOP('',(#2210,#2211,#2212,#2213,#2214,#2215,#2216));
#2218=FACE_BOUND('',#2217,.T.);
#2219=ADVANCED_FACE('',(#2209,#2218),#2202,.T.);
#2220=OVER_RIDING_STYLED_ITEM('',(#910),#2219,#110);
#2221=CARTESIAN_POINT('',(-1.862464955,2.362464955,1.805));
#2222=DIRECTION('',(0.,0.,1.));
#2223=DIRECTION('',(0.619103739,-0.785309213,0.));
#2224=AXIS2_PLACEMENT_3D('',#2221,#2222,#2223);
#2225=PLANE('',#2224);
#2226=ORIENTED_EDGE('',*,*,#2023,.T.);
#2227=ORIENTED_EDGE('',*,*,#2167,.T.);
#2228=ORIENTED_EDGE('',*,*,#2133,.T.);
#2229=ORIENTED_EDGE('',*,*,#2102,.T.);
#2230=ORIENTED_EDGE('',*,*,#2071,.T.);
#2231=EDGE_LOOP('',(#2226,#2227,#2228,#2229,#2230));
#2232=FACE_BOUND('',#2231,.T.);
#2233=ADVANCED_FACE('',(#2232),#2225,.T.);
#2234=CARTESIAN_POINT('',(0.148398033,-0.086128215,1.815));
#2235=CARTESIAN_POINT('',(0.148398033,-0.086128215,1.805));
#2236=CARTESIAN_POINT('',(0.190865784,-0.066882551,1.815));
#2237=CARTESIAN_POINT('',(0.190865784,-0.066882551,1.805));
#2238=CARTESIAN_POINT('',(0.223789993,-0.03872995,1.815));
#2239=CARTESIAN_POINT('',(0.223789993,-0.03872995,1.805));
#2240=CARTESIAN_POINT('',(0.247171312,-0.00167025,1.815));
#2241=CARTESIAN_POINT('',(0.247171312,-0.00167025,1.805));
#2242=CARTESIAN_POINT('',(0.270552305,0.035389613,1.815));
#2243=CARTESIAN_POINT('',(0.270552305,0.035389613,1.805));
#2244=CARTESIAN_POINT('',(0.282242964,0.076982479,1.815));
#2245=CARTESIAN_POINT('',(0.282242964,0.076982479,1.805));
#2246=CARTESIAN_POINT('',(0.282242964,0.123108186,1.815));
#2247=CARTESIAN_POINT('',(0.282242964,0.123108186,1.805));
#2248=CARTESIAN_POINT('',(0.282242964,0.188638952,1.815));
#2249=CARTESIAN_POINT('',(0.282242964,0.188638952,1.805));
#2250=CARTESIAN_POINT('',(0.25973653,0.245023689,1.815));
#2251=CARTESIAN_POINT('',(0.25973653,0.245023689,1.805));
#2252=CARTESIAN_POINT('',(0.214723987,0.292263048,1.815));
#2253=CARTESIAN_POINT('',(0.214723987,0.292263048,1.805));
#2254=CARTESIAN_POINT('',(0.169711444,0.339502243,1.815));
#2255=CARTESIAN_POINT('',(0.169711444,0.339502243,1.805));
#2256=CARTESIAN_POINT('',(0.094558089,0.363121841,1.815));
#2257=CARTESIAN_POINT('',(0.094558089,0.363121841,1.805));
#2258=CARTESIAN_POINT('',(-0.010736077,0.363121841,1.815));
#2259=CARTESIAN_POINT('',(-0.010736077,0.363121841,1.805));
#2260=CARTESIAN_POINT('',(-0.095034973,0.363121841,1.815));
#2261=CARTESIAN_POINT('',(-0.095034973,0.363121841,1.805));
#2262=CARTESIAN_POINT('',(-0.161440461,0.340456663,1.815));
#2263=CARTESIAN_POINT('',(-0.161440461,0.340456663,1.805));
#2264=CARTESIAN_POINT('',(-0.209952216,0.29512598,1.815));
#2265=CARTESIAN_POINT('',(-0.209952216,0.29512598,1.805));
#2266=B_SPLINE_SURFACE_WITH_KNOTS('',3,1,((#2234,#2235),(#2236,#2237),(#2238,#2239),(#2240,#2241),(#2242,#2243),(#2244,#2245),(#2246,#2247),(#2248,#2249),(#2250,#2251),(#2252,#2253),(#2254,#2255),(#2256,#2257),(#2258,#2259),(#2260,#2261),(#2262,#2263),(#2264,#2265)),.UNSPECIFIED.,.F.,.F.,.U.,(4,3,3,3,3,4),(2,2),(0.488681933,0.574203681,0.65972536,0.781225963,0.902726347,1.),(0.,1.),.UNSPECIFIED.);
#2267=CARTESIAN_POINT('',(0.148398033,-0.086128215,1.805));
#2268=VERTEX_POINT('',#2267);
#2269=CARTESIAN_POINT('',(-0.209952216,0.29512598,1.805));
#2270=VERTEX_POINT('',#2269);
#2271=CARTESIAN_POINT('',(0.148398033,-0.086128215,1.805));
#2272=CARTESIAN_POINT('',(0.190865784,-0.066882551,1.805));
#2273=CARTESIAN_POINT('',(0.223789993,-0.03872995,1.805));
#2274=CARTESIAN_POINT('',(0.247171312,-0.00167025,1.805));
#2275=CARTESIAN_POINT('',(0.270552305,0.035389613,1.805));
#2276=CARTESIAN_POINT('',(0.282242964,0.076982479,1.805));
#2277=CARTESIAN_POINT('',(0.282242964,0.123108186,1.805));
#2278=CARTESIAN_POINT('',(0.282242964,0.188638952,1.805));
#2279=CARTESIAN_POINT('',(0.25973653,0.245023689,1.805));
#2280=CARTESIAN_POINT('',(0.214723987,0.292263048,1.805));
#2281=CARTESIAN_POINT('',(0.169711444,0.339502243,1.805));
#2282=CARTESIAN_POINT('',(0.094558089,0.363121841,1.805));
#2283=CARTESIAN_POINT('',(-0.010736077,0.363121841,1.805));
#2284=CARTESIAN_POINT('',(-0.095034973,0.363121841,1.805));
#2285=CARTESIAN_POINT('',(-0.161440461,0.340456663,1.805));
#2286=CARTESIAN_POINT('',(-0.209952216,0.29512598,1.805));
#2287=B_SPLINE_CURVE_WITH_KNOTS('',3,(#2271,#2272,#2273,#2274,#2275,#2276,#2277,#2278,#2279,#2280,#2281,#2282,#2283,#2284,#2285,#2286),.UNSPECIFIED.,.F.,.F.,(4,3,3,3,3,4),(0.488681933,0.574203681,0.65972536,0.781225963,0.902726347,1.),.UNSPECIFIED.);
#2288=EDGE_CURVE('',#2268,#2270,#2287,.T.);
#2289=ORIENTED_EDGE('',*,*,#2288,.F.);
#2290=CARTESIAN_POINT('',(0.148398033,-0.086128215,1.815));
#2291=VERTEX_POINT('',#2290);
#2292=CARTESIAN_POINT('',(0.148398033,-0.086128215,1.815));
#2293=DIRECTION('',(0.,0.,-1.));
#2294=VECTOR('',#2293,0.01);
#2295=LINE('',#2292,#2294);
#2296=EDGE_CURVE('',#2291,#2268,#2295,.T.);
#2297=ORIENTED_EDGE('',*,*,#2296,.F.);
#2298=CARTESIAN_POINT('',(-0.209952216,0.29512598,1.815));
#2299=VERTEX_POINT('',#2298);
#2300=CARTESIAN_POINT('',(0.148398033,-0.086128215,1.815));
#2301=CARTESIAN_POINT('',(0.190865784,-0.066882551,1.815));
#2302=CARTESIAN_POINT('',(0.223789993,-0.03872995,1.815));
#2303=CARTESIAN_POINT('',(0.247171312,-0.00167025,1.815));
#2304=CARTESIAN_POINT('',(0.270552305,0.035389613,1.815));
#2305=CARTESIAN_POINT('',(0.282242964,0.076982479,1.815));
#2306=CARTESIAN_POINT('',(0.282242964,0.123108186,1.815));
#2307=CARTESIAN_POINT('',(0.282242964,0.188638952,1.815));
#2308=CARTESIAN_POINT('',(0.25973653,0.245023689,1.815));
#2309=CARTESIAN_POINT('',(0.214723987,0.292263048,1.815));
#2310=CARTESIAN_POINT('',(0.169711444,0.339502243,1.815));
#2311=CARTESIAN_POINT('',(0.094558089,0.363121841,1.815));
#2312=CARTESIAN_POINT('',(-0.010736077,0.363121841,1.815));
#2313=CARTESIAN_POINT('',(-0.095034973,0.363121841,1.815));
#2314=CARTESIAN_POINT('',(-0.161440461,0.340456663,1.815));
#2315=CARTESIAN_POINT('',(-0.209952216,0.29512598,1.815));
#2316=B_SPLINE_CURVE_WITH_KNOTS('',3,(#2300,#2301,#2302,#2303,#2304,#2305,#2306,#2307,#2308,#2309,#2310,#2311,#2312,#2313,#2314,#2315),.UNSPECIFIED.,.F.,.F.,(4,3,3,3,3,4),(0.488681933,0.574203681,0.65972536,0.781225963,0.902726347,1.),.UNSPECIFIED.);
#2317=EDGE_CURVE('',#2291,#2299,#2316,.T.);
#2318=ORIENTED_EDGE('',*,*,#2317,.T.);
#2319=CARTESIAN_POINT('',(-0.209952216,0.29512598,1.815));
#2320=DIRECTION('',(0.,0.,-1.));
#2321=VECTOR('',#2320,0.01);
#2322=LINE('',#2319,#2321);
#2323=EDGE_CURVE('',#2299,#2270,#2322,.T.);
#2324=ORIENTED_EDGE('',*,*,#2323,.T.);
#2325=EDGE_LOOP('',(#2289,#2297,#2318,#2324));
#2326=FACE_BOUND('',#2325,.T.);
#2327=ADVANCED_FACE('',(#2326),#2266,.T.);
#2328=CARTESIAN_POINT('',(0.361929159,0.123585395,1.815));
#2329=CARTESIAN_POINT('',(0.361929159,0.123585395,1.805));
#2330=CARTESIAN_POINT('',(0.361929159,0.059009211,1.815));
#2331=CARTESIAN_POINT('',(0.361929159,0.059009211,1.805));
#2332=CARTESIAN_POINT('',(0.346501009,0.00079517,1.815));
#2333=CARTESIAN_POINT('',(0.346501009,0.00079517,1.805));
#2334=CARTESIAN_POINT('',(0.315644382,-0.051056726,1.815));
#2335=CARTESIAN_POINT('',(0.315644382,-0.051056726,1.805));
#2336=CARTESIAN_POINT('',(0.284787756,-0.10290846,1.815));
#2337=CARTESIAN_POINT('',(0.284787756,-0.10290846,1.805));
#2338=CARTESIAN_POINT('',(0.241763261,-0.14243358,1.815));
#2339=CARTESIAN_POINT('',(0.241763261,-0.14243358,1.805));
#2340=CARTESIAN_POINT('',(0.186571223,-0.169632088,1.815));
#2341=CARTESIAN_POINT('',(0.186571223,-0.169632088,1.805));
#2342=CARTESIAN_POINT('',(0.131379184,-0.196830432,1.815));
#2343=CARTESIAN_POINT('',(0.131379184,-0.196830432,1.805));
#2344=CARTESIAN_POINT('',(0.068791374,-0.210429604,1.815));
#2345=CARTESIAN_POINT('',(0.068791374,-0.210429604,1.805));
#2346=CARTESIAN_POINT('',(-0.001192861,-0.210429604,1.815));
#2347=CARTESIAN_POINT('',(-0.001192861,-0.210429604,1.805));
#2348=CARTESIAN_POINT('',(-0.07213119,-0.210429604,1.815));
#2349=CARTESIAN_POINT('',(-0.07213119,-0.210429604,1.805));
#2350=CARTESIAN_POINT('',(-0.135594211,-0.196114618,1.815));
#2351=CARTESIAN_POINT('',(-0.135594211,-0.196114618,1.805));
#2352=CARTESIAN_POINT('',(-0.191581273,-0.167484807,1.815));
#2353=CARTESIAN_POINT('',(-0.191581273,-0.167484807,1.805));
#2354=CARTESIAN_POINT('',(-0.24756866,-0.138854833,1.815));
#2355=CARTESIAN_POINT('',(-0.24756866,-0.138854833,1.805));
#2356=CARTESIAN_POINT('',(-0.289956876,-0.098295922,1.815));
#2357=CARTESIAN_POINT('',(-0.289956876,-0.098295922,1.805));
#2358=CARTESIAN_POINT('',(-0.318745594,-0.045807908,1.815));
#2359=CARTESIAN_POINT('',(-0.318745594,-0.045807908,1.805));
#2360=CARTESIAN_POINT('',(-0.347534637,0.006680268,1.815));
#2361=CARTESIAN_POINT('',(-0.347534637,0.006680268,1.805));
#2362=CARTESIAN_POINT('',(-0.361929159,0.063303772,1.815));
#2363=CARTESIAN_POINT('',(-0.361929159,0.063303772,1.805));
#2364=CARTESIAN_POINT('',(-0.361929159,0.124062605,1.815));
#2365=CARTESIAN_POINT('',(-0.361929159,0.124062605,1.805));
#2366=B_SPLINE_SURFACE_WITH_KNOTS('',3,1,((#2328,#2329),(#2330,#2331),(#2332,#2333),(#2334,#2335),(#2336,#2337),(#2338,#2339),(#2340,#2341),(#2342,#2343),(#2344,#2345),(#2346,#2347),(#2348,#2349),(#2350,#2351),(#2352,#2353),(#2354,#2355),(#2356,#2357),(#2358,#2359),(#2360,#2361),(#2362,#2363),(#2364,#2365)),.UNSPECIFIED.,.F.,.F.,.U.,(4,3,3,3,3,3,4),(2,2),(0.475504929,0.562328934,0.649152737,0.735976438,0.823983805,0.911991682,1.),(0.,1.),.UNSPECIFIED.);
#2367=ORIENTED_EDGE('',*,*,#391,.F.);
#2368=CARTESIAN_POINT('',(0.361929159,0.123585395,1.815));
#2369=VERTEX_POINT('',#2368);
#2370=CARTESIAN_POINT('',(0.361929159,0.123585395,1.815));
#2371=DIRECTION('',(0.,0.,-1.));
#2372=VECTOR('',#2371,0.01);
#2373=LINE('',#2370,#2372);
#2374=EDGE_CURVE('',#2369,#368,#2373,.T.);
#2375=ORIENTED_EDGE('',*,*,#2374,.F.);
#2376=CARTESIAN_POINT('',(-0.361929159,0.124062605,1.815));
#2377=VERTEX_POINT('',#2376);
#2378=CARTESIAN_POINT('',(0.361929159,0.123585395,1.815));
#2379=CARTESIAN_POINT('',(0.361929159,0.059009211,1.815));
#2380=CARTESIAN_POINT('',(0.346501009,0.00079517,1.815));
#2381=CARTESIAN_POINT('',(0.315644382,-0.051056726,1.815));
#2382=CARTESIAN_POINT('',(0.284787756,-0.10290846,1.815));
#2383=CARTESIAN_POINT('',(0.241763261,-0.14243358,1.815));
#2384=CARTESIAN_POINT('',(0.186571223,-0.169632088,1.815));
#2385=CARTESIAN_POINT('',(0.131379184,-0.196830432,1.815));
#2386=CARTESIAN_POINT('',(0.068791374,-0.210429604,1.815));
#2387=CARTESIAN_POINT('',(-0.001192861,-0.210429604,1.815));
#2388=CARTESIAN_POINT('',(-0.07213119,-0.210429604,1.815));
#2389=CARTESIAN_POINT('',(-0.135594211,-0.196114618,1.815));
#2390=CARTESIAN_POINT('',(-0.191581273,-0.167484807,1.815));
#2391=CARTESIAN_POINT('',(-0.24756866,-0.138854833,1.815));
#2392=CARTESIAN_POINT('',(-0.289956876,-0.098295922,1.815));
#2393=CARTESIAN_POINT('',(-0.318745594,-0.045807908,1.815));
#2394=CARTESIAN_POINT('',(-0.347534637,0.006680268,1.815));
#2395=CARTESIAN_POINT('',(-0.361929159,0.063303772,1.815));
#2396=CARTESIAN_POINT('',(-0.361929159,0.124062605,1.815));
#2397=B_SPLINE_CURVE_WITH_KNOTS('',3,(#2378,#2379,#2380,#2381,#2382,#2383,#2384,#2385,#2386,#2387,#2388,#2389,#2390,#2391,#2392,#2393,#2394,#2395,#2396),.UNSPECIFIED.,.F.,.F.,(4,3,3,3,3,3,4),(0.475504929,0.562328934,0.649152737,0.735976438,0.823983805,0.911991682,1.),.UNSPECIFIED.);
#2398=EDGE_CURVE('',#2369,#2377,#2397,.T.);
#2399=ORIENTED_EDGE('',*,*,#2398,.T.);
#2400=CARTESIAN_POINT('',(-0.361929159,0.124062605,1.815));
#2401=DIRECTION('',(0.,0.,-1.));
#2402=VECTOR('',#2401,0.01);
#2403=LINE('',#2400,#2402);
#2404=EDGE_CURVE('',#2377,#370,#2403,.T.);
#2405=ORIENTED_EDGE('',*,*,#2404,.T.);
#2406=EDGE_LOOP('',(#2367,#2375,#2399,#2405));
#2407=FACE_BOUND('',#2406,.T.);
#2408=ADVANCED_FACE('',(#2407),#2366,.T.);
#2409=CARTESIAN_POINT('',(-0.361929159,0.124062605,1.815));
#2410=CARTESIAN_POINT('',(-0.361929159,0.124062605,1.805));
#2411=CARTESIAN_POINT('',(-0.361929159,0.189911186,1.815));
#2412=CARTESIAN_POINT('',(-0.361929159,0.189911186,1.805));
#2413=CARTESIAN_POINT('',(-0.346023473,0.248761669,1.815));
#2414=CARTESIAN_POINT('',(-0.346023473,0.248761669,1.805));
#2415=CARTESIAN_POINT('',(-0.314212427,0.300613402,1.815));
#2416=CARTESIAN_POINT('',(-0.314212427,0.300613402,1.805));
#2417=CARTESIAN_POINT('',(-0.282401708,0.352465299,1.815));
#2418=CARTESIAN_POINT('',(-0.282401708,0.352465299,1.805));
#2419=CARTESIAN_POINT('',(-0.238979538,0.391751814,1.815));
#2420=CARTESIAN_POINT('',(-0.238979538,0.391751814,1.805));
#2421=CARTESIAN_POINT('',(-0.183946569,0.418472949,1.815));
#2422=CARTESIAN_POINT('',(-0.183946569,0.418472949,1.805));
#2423=CARTESIAN_POINT('',(-0.128913927,0.445194084,1.815));
#2424=CARTESIAN_POINT('',(-0.128913927,0.445194084,1.805));
#2425=CARTESIAN_POINT('',(-0.070699886,0.458554651,1.815));
#2426=CARTESIAN_POINT('',(-0.070699886,0.458554651,1.805));
#2427=CARTESIAN_POINT('',(-0.009304448,0.458554651,1.815));
#2428=CARTESIAN_POINT('',(-0.009304448,0.458554651,1.805));
#2429=CARTESIAN_POINT('',(0.106805493,0.458554651,1.815));
#2430=CARTESIAN_POINT('',(0.106805493,0.458554651,1.805));
#2431=CARTESIAN_POINT('',(0.197705138,0.427380048,1.815));
#2432=CARTESIAN_POINT('',(0.197705138,0.427380048,1.805));
#2433=CARTESIAN_POINT('',(0.263394811,0.365030517,1.815));
#2434=CARTESIAN_POINT('',(0.263394811,0.365030517,1.805));
#2435=CARTESIAN_POINT('',(0.329084485,0.302681148,1.815));
#2436=CARTESIAN_POINT('',(0.329084485,0.302681148,1.805));
#2437=CARTESIAN_POINT('',(0.361929159,0.222199441,1.815));
#2438=CARTESIAN_POINT('',(0.361929159,0.222199441,1.805));
#2439=CARTESIAN_POINT('',(0.361929159,0.123585395,1.815));
#2440=CARTESIAN_POINT('',(0.361929159,0.123585395,1.805));
#2441=B_SPLINE_SURFACE_WITH_KNOTS('',3,1,((#2409,#2410),(#2411,#2412),(#2413,#2414),(#2415,#2416),(#2417,#2418),(#2419,#2420),(#2421,#2422),(#2423,#2424),(#2425,#2426),(#2427,#2428),(#2429,#2430),(#2431,#2432),(#2433,#2434),(#2435,#2436),(#2437,#2438),(#2439,#2440)),.UNSPECIFIED.,.F.,.F.,.U.,(4,3,3,3,3,4),(2,2),(0.,0.07010932,0.140218603,0.21032755,0.342916322,0.475504929),(0.,1.),.UNSPECIFIED.);
#2442=ORIENTED_EDGE('',*,*,#410,.F.);
#2443=ORIENTED_EDGE('',*,*,#2404,.F.);
#2444=CARTESIAN_POINT('',(-0.361929159,0.124062605,1.815));
#2445=CARTESIAN_POINT('',(-0.361929159,0.189911186,1.815));
#2446=CARTESIAN_POINT('',(-0.346023473,0.248761669,1.815));
#2447=CARTESIAN_POINT('',(-0.314212427,0.300613402,1.815));
#2448=CARTESIAN_POINT('',(-0.282401708,0.352465299,1.815));
#2449=CARTESIAN_POINT('',(-0.238979538,0.391751814,1.815));
#2450=CARTESIAN_POINT('',(-0.183946569,0.418472949,1.815));
#2451=CARTESIAN_POINT('',(-0.128913927,0.445194084,1.815));
#2452=CARTESIAN_POINT('',(-0.070699886,0.458554651,1.815));
#2453=CARTESIAN_POINT('',(-0.009304448,0.458554651,1.815));
#2454=CARTESIAN_POINT('',(0.106805493,0.458554651,1.815));
#2455=CARTESIAN_POINT('',(0.197705138,0.427380048,1.815));
#2456=CARTESIAN_POINT('',(0.263394811,0.365030517,1.815));
#2457=CARTESIAN_POINT('',(0.329084485,0.302681148,1.815));
#2458=CARTESIAN_POINT('',(0.361929159,0.222199441,1.815));
#2459=CARTESIAN_POINT('',(0.361929159,0.123585395,1.815));
#2460=B_SPLINE_CURVE_WITH_KNOTS('',3,(#2444,#2445,#2446,#2447,#2448,#2449,#2450,#2451,#2452,#2453,#2454,#2455,#2456,#2457,#2458,#2459),.UNSPECIFIED.,.F.,.F.,(4,3,3,3,3,4),(0.,0.07010932,0.140218603,0.21032755,0.342916322,0.475504929),.UNSPECIFIED.);
#2461=EDGE_CURVE('',#2377,#2369,#2460,.T.);
#2462=ORIENTED_EDGE('',*,*,#2461,.T.);
#2463=ORIENTED_EDGE('',*,*,#2374,.T.);
#2464=EDGE_LOOP('',(#2442,#2443,#2462,#2463));
#2465=FACE_BOUND('',#2464,.T.);
#2466=ADVANCED_FACE('',(#2465),#2441,.T.);
#2467=CARTESIAN_POINT('',(-0.209952216,0.29512598,1.815));
#2468=CARTESIAN_POINT('',(-0.209952216,0.29512598,1.805));
#2469=CARTESIAN_POINT('',(-0.25846397,0.249795297,1.815));
#2470=CARTESIAN_POINT('',(-0.25846397,0.249795297,1.805));
#2471=CARTESIAN_POINT('',(-0.282719848,0.192933351,1.815));
#2472=CARTESIAN_POINT('',(-0.282719848,0.192933351,1.805));
#2473=CARTESIAN_POINT('',(-0.282719848,0.124539815,1.815));
#2474=CARTESIAN_POINT('',(-0.282719848,0.124539815,1.805));
#2475=CARTESIAN_POINT('',(-0.282719848,0.054873883,1.815));
#2476=CARTESIAN_POINT('',(-0.282719848,0.054873883,1.805));
#2477=CARTESIAN_POINT('',(-0.258225366,-0.002465436,1.815));
#2478=CARTESIAN_POINT('',(-0.258225366,-0.002465436,1.805));
#2479=CARTESIAN_POINT('',(-0.209236401,-0.047477979,1.815));
#2480=CARTESIAN_POINT('',(-0.209236401,-0.047477979,1.805));
#2481=CARTESIAN_POINT('',(-0.160247437,-0.092490359,1.815));
#2482=CARTESIAN_POINT('',(-0.160247437,-0.092490359,1.805));
#2483=CARTESIAN_POINT('',(-0.090740738,-0.114996794,1.815));
#2484=CARTESIAN_POINT('',(-0.090740738,-0.114996794,1.805));
#2485=CARTESIAN_POINT('',(-0.000715652,-0.114996794,1.815));
#2486=CARTESIAN_POINT('',(-0.000715652,-0.114996794,1.805));
#2487=CARTESIAN_POINT('',(0.05622583,-0.114996794,1.815));
#2488=CARTESIAN_POINT('',(0.05622583,-0.114996794,1.805));
#2489=CARTESIAN_POINT('',(0.105930609,-0.10537388,1.815));
#2490=CARTESIAN_POINT('',(0.105930609,-0.10537388,1.805));
#2491=CARTESIAN_POINT('',(0.148398033,-0.086128215,1.815));
#2492=CARTESIAN_POINT('',(0.148398033,-0.086128215,1.805));
#2493=B_SPLINE_SURFACE_WITH_KNOTS('',3,1,((#2467,#2468),(#2469,#2470),(#2471,#2472),(#2473,#2474),(#2475,#2476),(#2477,#2478),(#2479,#2480),(#2481,#2482),(#2483,#2484),(#2485,#2486),(#2487,#2488),(#2489,#2490),(#2491,#2492)),.UNSPECIFIED.,.F.,.F.,.U.,(4,3,3,3,4),(2,2),(0.,0.132740643,0.267950798,0.403160729,0.488681933),(0.,1.),.UNSPECIFIED.);
#2494=CARTESIAN_POINT('',(-0.209952216,0.29512598,1.805));
#2495=CARTESIAN_POINT('',(-0.25846397,0.249795297,1.805));
#2496=CARTESIAN_POINT('',(-0.282719848,0.192933351,1.805));
#2497=CARTESIAN_POINT('',(-0.282719848,0.124539815,1.805));
#2498=CARTESIAN_POINT('',(-0.282719848,0.054873883,1.805));
#2499=CARTESIAN_POINT('',(-0.258225366,-0.002465436,1.805));
#2500=CARTESIAN_POINT('',(-0.209236401,-0.047477979,1.805));
#2501=CARTESIAN_POINT('',(-0.160247437,-0.092490359,1.805));
#2502=CARTESIAN_POINT('',(-0.090740738,-0.114996794,1.805));
#2503=CARTESIAN_POINT('',(-0.000715652,-0.114996794,1.805));
#2504=CARTESIAN_POINT('',(0.05622583,-0.114996794,1.805));
#2505=CARTESIAN_POINT('',(0.105930609,-0.10537388,1.805));
#2506=CARTESIAN_POINT('',(0.148398033,-0.086128215,1.805));
#2507=B_SPLINE_CURVE_WITH_KNOTS('',3,(#2494,#2495,#2496,#2497,#2498,#2499,#2500,#2501,#2502,#2503,#2504,#2505,#2506),.UNSPECIFIED.,.F.,.F.,(4,3,3,3,4),(0.,0.132740643,0.267950798,0.403160729,0.488681933),.UNSPECIFIED.);
#2508=EDGE_CURVE('',#2270,#2268,#2507,.T.);
#2509=ORIENTED_EDGE('',*,*,#2508,.F.);
#2510=ORIENTED_EDGE('',*,*,#2323,.F.);
#2511=CARTESIAN_POINT('',(-0.209952216,0.29512598,1.815));
#2512=CARTESIAN_POINT('',(-0.25846397,0.249795297,1.815));
#2513=CARTESIAN_POINT('',(-0.282719848,0.192933351,1.815));
#2514=CARTESIAN_POINT('',(-0.282719848,0.124539815,1.815));
#2515=CARTESIAN_POINT('',(-0.282719848,0.054873883,1.815));
#2516=CARTESIAN_POINT('',(-0.258225366,-0.002465436,1.815));
#2517=CARTESIAN_POINT('',(-0.209236401,-0.047477979,1.815));
#2518=CARTESIAN_POINT('',(-0.160247437,-0.092490359,1.815));
#2519=CARTESIAN_POINT('',(-0.090740738,-0.114996794,1.815));
#2520=CARTESIAN_POINT('',(-0.000715652,-0.114996794,1.815));
#2521=CARTESIAN_POINT('',(0.05622583,-0.114996794,1.815));
#2522=CARTESIAN_POINT('',(0.105930609,-0.10537388,1.815));
#2523=CARTESIAN_POINT('',(0.148398033,-0.086128215,1.815));
#2524=B_SPLINE_CURVE_WITH_KNOTS('',3,(#2511,#2512,#2513,#2514,#2515,#2516,#2517,#2518,#2519,#2520,#2521,#2522,#2523),.UNSPECIFIED.,.F.,.F.,(4,3,3,3,4),(0.,0.132740643,0.267950798,0.403160729,0.488681933),.UNSPECIFIED.);
#2525=EDGE_CURVE('',#2299,#2291,#2524,.T.);
#2526=ORIENTED_EDGE('',*,*,#2525,.T.);
#2527=ORIENTED_EDGE('',*,*,#2296,.T.);
#2528=EDGE_LOOP('',(#2509,#2510,#2526,#2527));
#2529=FACE_BOUND('',#2528,.T.);
#2530=ADVANCED_FACE('',(#2529),#2493,.T.);
#2531=CARTESIAN_POINT('',(0.,-0.000000087,1.815));
#2532=DIRECTION('',(0.,0.,1.));
#2533=DIRECTION('',(-0.,-1.,0.));
#2534=AXIS2_PLACEMENT_3D('',#2531,#2532,#2533);
#2535=PLANE('',#2534);
#2536=ORIENTED_EDGE('',*,*,#2398,.F.);
#2537=ORIENTED_EDGE('',*,*,#2461,.F.);
#2538=EDGE_LOOP('',(#2536,#2537));
#2539=FACE_BOUND('',#2538,.T.);
#2540=ORIENTED_EDGE('',*,*,#2317,.F.);
#2541=ORIENTED_EDGE('',*,*,#2525,.F.);
#2542=EDGE_LOOP('',(#2540,#2541));
#2543=FACE_BOUND('',#2542,.T.);
#2544=ADVANCED_FACE('',(#2539,#2543),#2535,.T.);
#2545=OVER_RIDING_STYLED_ITEM('',(#910),#2544,#110);
#2546=CARTESIAN_POINT('',(-1.862464955,2.362464955,1.805));
#2547=DIRECTION('',(0.,0.,1.));
#2548=DIRECTION('',(0.619103739,-0.785309213,0.));
#2549=AXIS2_PLACEMENT_3D('',#2546,#2547,#2548);
#2550=PLANE('',#2549);
#2551=ORIENTED_EDGE('',*,*,#2288,.T.);
#2552=ORIENTED_EDGE('',*,*,#2508,.T.);
#2553=EDGE_LOOP('',(#2551,#2552));
#2554=FACE_BOUND('',#2553,.T.);
#2555=ADVANCED_FACE('',(#2554),#2550,.T.);
#2556=CARTESIAN_POINT('',(0.149113848,0.622222091,1.815));
#2557=DIRECTION('',(-0.997179294,-0.075056348,0.));
#2558=DIRECTION('',(0.075056348,-0.997179294,0.));
#2559=AXIS2_PLACEMENT_3D('',#2556,#2557,#2558);
#2560=PLANE('',#2559);
#2561=ORIENTED_EDGE('',*,*,#222,.F.);
#2562=CARTESIAN_POINT('',(0.15245399,0.577845828,1.815));
#2563=VERTEX_POINT('',#2562);
#2564=CARTESIAN_POINT('',(0.15245399,0.577845828,1.815));
#2565=DIRECTION('',(0.,0.,-1.));
#2566=VECTOR('',#2565,0.01);
#2567=LINE('',#2564,#2566);
#2568=EDGE_CURVE('',#2563,#215,#2567,.T.);
#2569=ORIENTED_EDGE('',*,*,#2568,.F.);
#2570=CARTESIAN_POINT('',(0.145773706,0.666598354,1.815));
#2571=VERTEX_POINT('',#2570);
#2572=CARTESIAN_POINT('',(0.15245399,0.577845828,1.815));
#2573=DIRECTION('',(-0.075056348,0.997179294,0.));
#2574=VECTOR('',#2573,0.08900358);
#2575=LINE('',#2572,#2574);
#2576=EDGE_CURVE('',#2563,#2571,#2575,.T.);
#2577=ORIENTED_EDGE('',*,*,#2576,.T.);
#2578=CARTESIAN_POINT('',(0.145773706,0.666598354,1.815));
#2579=DIRECTION('',(0.,0.,-1.));
#2580=VECTOR('',#2579,0.01);
#2581=LINE('',#2578,#2580);
#2582=EDGE_CURVE('',#2571,#217,#2581,.T.);
#2583=ORIENTED_EDGE('',*,*,#2582,.T.);
#2584=EDGE_LOOP('',(#2561,#2569,#2577,#2583));
#2585=FACE_BOUND('',#2584,.T.);
#2586=ADVANCED_FACE('',(#2585),#2560,.T.);
#2587=CARTESIAN_POINT('',(0.016462267,0.987729915,1.815));
#2588=CARTESIAN_POINT('',(0.016462267,0.987729915,1.805));
#2589=CARTESIAN_POINT('',(0.033958326,1.021131496,1.815));
#2590=CARTESIAN_POINT('',(0.033958326,1.021131496,1.805));
#2591=CARTESIAN_POINT('',(0.055669411,1.046023572,1.815));
#2592=CARTESIAN_POINT('',(0.055669411,1.046023572,1.805));
#2593=CARTESIAN_POINT('',(0.081595196,1.062406141,1.815));
#2594=CARTESIAN_POINT('',(0.081595196,1.062406141,1.805));
#2595=CARTESIAN_POINT('',(0.107520982,1.078788792,1.815));
#2596=CARTESIAN_POINT('',(0.107520982,1.078788792,1.805));
#2597=CARTESIAN_POINT('',(0.13654863,1.086980077,1.815));
#2598=CARTESIAN_POINT('',(0.13654863,1.086980077,1.805));
#2599=CARTESIAN_POINT('',(0.168677815,1.086980077,1.815));
#2600=CARTESIAN_POINT('',(0.168677815,1.086980077,1.805));
#2601=CARTESIAN_POINT('',(0.203987746,1.086980077,1.815));
#2602=CARTESIAN_POINT('',(0.203987746,1.086980077,1.805));
#2603=CARTESIAN_POINT('',(0.236991816,1.076959651,1.815));
#2604=CARTESIAN_POINT('',(0.236991816,1.076959651,1.805));
#2605=CARTESIAN_POINT('',(0.267689372,1.0569188,1.815));
#2606=CARTESIAN_POINT('',(0.267689372,1.0569188,1.805));
#2607=CARTESIAN_POINT('',(0.298386929,1.036877868,1.815));
#2608=CARTESIAN_POINT('',(0.298386929,1.036877868,1.805));
#2609=CARTESIAN_POINT('',(0.321688387,1.007611859,1.815));
#2610=CARTESIAN_POINT('',(0.321688387,1.007611859,1.805));
#2611=CARTESIAN_POINT('',(0.337593746,0.96912053,1.815));
#2612=CARTESIAN_POINT('',(0.337593746,0.96912053,1.805));
#2613=CARTESIAN_POINT('',(0.353499106,0.930629282,1.815));
#2614=CARTESIAN_POINT('',(0.353499106,0.930629282,1.805));
#2615=CARTESIAN_POINT('',(0.361451949,0.887843555,1.815));
#2616=CARTESIAN_POINT('',(0.361451949,0.887843555,1.805));
#2617=CARTESIAN_POINT('',(0.361451949,0.840763348,1.815));
#2618=CARTESIAN_POINT('',(0.361451949,0.840763348,1.805));
#2619=CARTESIAN_POINT('',(0.361451949,0.788911532,1.815));
#2620=CARTESIAN_POINT('',(0.361451949,0.788911532,1.805));
#2621=CARTESIAN_POINT('',(0.353101757,0.743183256,1.815));
#2622=CARTESIAN_POINT('',(0.353101757,0.743183256,1.805));
#2623=CARTESIAN_POINT('',(0.336401048,0.703578601,1.815));
#2624=CARTESIAN_POINT('',(0.336401048,0.703578601,1.805));
#2625=CARTESIAN_POINT('',(0.319700013,0.663973945,1.815));
#2626=CARTESIAN_POINT('',(0.319700013,0.663973945,1.805));
#2627=CARTESIAN_POINT('',(0.295126322,0.633514994,1.815));
#2628=CARTESIAN_POINT('',(0.295126322,0.633514994,1.805));
#2629=CARTESIAN_POINT('',(0.262678997,0.612201665,1.815));
#2630=CARTESIAN_POINT('',(0.262678997,0.612201665,1.805));
#2631=CARTESIAN_POINT('',(0.230231998,0.590888418,1.815));
#2632=CARTESIAN_POINT('',(0.230231998,0.590888418,1.805));
#2633=CARTESIAN_POINT('',(0.193490111,0.579436445,1.815));
#2634=CARTESIAN_POINT('',(0.193490111,0.579436445,1.805));
#2635=CARTESIAN_POINT('',(0.15245399,0.577845828,1.815));
#2636=CARTESIAN_POINT('',(0.15245399,0.577845828,1.805));
#2637=B_SPLINE_SURFACE_WITH_KNOTS('',3,1,((#2587,#2588),(#2589,#2590),(#2591,#2592),(#2593,#2594),(#2595,#2596),(#2597,#2598),(#2599,#2600),(#2601,#2602),(#2603,#2604),(#2605,#2606),(#2607,#2608),(#2609,#2610),(#2611,#2612),(#2613,#2614),(#2615,#2616),(#2617,#2618),(#2619,#2620),(#2621,#2622),(#2623,#2624),(#2625,#2626),(#2627,#2628),(#2629,#2630),(#2631,#2632),(#2633,#2634),(#2635,#2636)),.UNSPECIFIED.,.F.,.F.,.U.,(4,3,3,3,3,3,3,3,4),(2,2),(0.563209227,0.612132095,0.661055032,0.714821273,0.768587581,0.82235379,0.881569238,0.940784861,1.),(0.,1.),.UNSPECIFIED.);
#2638=ORIENTED_EDGE('',*,*,#363,.F.);
#2639=CARTESIAN_POINT('',(0.016462267,0.987729915,1.815));
#2640=VERTEX_POINT('',#2639);
#2641=CARTESIAN_POINT('',(0.016462267,0.987729915,1.815));
#2642=DIRECTION('',(0.,0.,-1.));
#2643=VECTOR('',#2642,0.01);
#2644=LINE('',#2641,#2643);
#2645=EDGE_CURVE('',#2640,#326,#2644,.T.);
#2646=ORIENTED_EDGE('',*,*,#2645,.F.);
#2647=CARTESIAN_POINT('',(0.016462267,0.987729915,1.815));
#2648=CARTESIAN_POINT('',(0.033958326,1.021131496,1.815));
#2649=CARTESIAN_POINT('',(0.055669411,1.046023572,1.815));
#2650=CARTESIAN_POINT('',(0.081595196,1.062406141,1.815));
#2651=CARTESIAN_POINT('',(0.107520982,1.078788792,1.815));
#2652=CARTESIAN_POINT('',(0.13654863,1.086980077,1.815));
#2653=CARTESIAN_POINT('',(0.168677815,1.086980077,1.815));
#2654=CARTESIAN_POINT('',(0.203987746,1.086980077,1.815));
#2655=CARTESIAN_POINT('',(0.236991816,1.076959651,1.815));
#2656=CARTESIAN_POINT('',(0.267689372,1.0569188,1.815));
#2657=CARTESIAN_POINT('',(0.298386929,1.036877868,1.815));
#2658=CARTESIAN_POINT('',(0.321688387,1.007611859,1.815));
#2659=CARTESIAN_POINT('',(0.337593746,0.96912053,1.815));
#2660=CARTESIAN_POINT('',(0.353499106,0.930629282,1.815));
#2661=CARTESIAN_POINT('',(0.361451949,0.887843555,1.815));
#2662=CARTESIAN_POINT('',(0.361451949,0.840763348,1.815));
#2663=CARTESIAN_POINT('',(0.361451949,0.788911532,1.815));
#2664=CARTESIAN_POINT('',(0.353101757,0.743183256,1.815));
#2665=CARTESIAN_POINT('',(0.336401048,0.703578601,1.815));
#2666=CARTESIAN_POINT('',(0.319700013,0.663973945,1.815));
#2667=CARTESIAN_POINT('',(0.295126322,0.633514994,1.815));
#2668=CARTESIAN_POINT('',(0.262678997,0.612201665,1.815));
#2669=CARTESIAN_POINT('',(0.230231998,0.590888418,1.815));
#2670=CARTESIAN_POINT('',(0.193490111,0.579436445,1.815));
#2671=CARTESIAN_POINT('',(0.15245399,0.577845828,1.815));
#2672=B_SPLINE_CURVE_WITH_KNOTS('',3,(#2647,#2648,#2649,#2650,#2651,#2652,#2653,#2654,#2655,#2656,#2657,#2658,#2659,#2660,#2661,#2662,#2663,#2664,#2665,#2666,#2667,#2668,#2669,#2670,#2671),.UNSPECIFIED.,.F.,.F.,(4,3,3,3,3,3,3,3,4),(0.563209227,0.612132095,0.661055032,0.714821273,0.768587581,0.82235379,0.881569238,0.940784861,1.),.UNSPECIFIED.);
#2673=EDGE_CURVE('',#2640,#2563,#2672,.T.);
#2674=ORIENTED_EDGE('',*,*,#2673,.T.);
#2675=ORIENTED_EDGE('',*,*,#2568,.T.);
#2676=EDGE_LOOP('',(#2638,#2646,#2674,#2675));
#2677=FACE_BOUND('',#2676,.T.);
#2678=ADVANCED_FACE('',(#2677),#2637,.T.);
#2679=CARTESIAN_POINT('',(-0.061315414,0.728152537,1.815));
#2680=CARTESIAN_POINT('',(-0.061315414,0.728152537,1.805));
#2681=CARTESIAN_POINT('',(-0.053998851,0.746921073,1.815));
#2682=CARTESIAN_POINT('',(-0.053998851,0.746921073,1.805));
#2683=CARTESIAN_POINT('',(-0.042626658,0.788434404,1.815));
#2684=CARTESIAN_POINT('',(-0.042626658,0.788434404,1.805));
#2685=CARTESIAN_POINT('',(-0.027198181,0.852692449,1.815));
#2686=CARTESIAN_POINT('',(-0.027198181,0.852692449,1.805));
#2687=CARTESIAN_POINT('',(-0.011770032,0.916950574,1.815));
#2688=CARTESIAN_POINT('',(-0.011770032,0.916950574,1.805));
#2689=CARTESIAN_POINT('',(0.00278356,0.961963117,1.815));
#2690=CARTESIAN_POINT('',(0.00278356,0.961963117,1.805));
#2691=CARTESIAN_POINT('',(0.016462267,0.987729914,1.815));
#2692=CARTESIAN_POINT('',(0.016462267,0.987729914,1.805));
#2693=B_SPLINE_SURFACE_WITH_KNOTS('',3,1,((#2679,#2680),(#2681,#2682),(#2683,#2684),(#2685,#2686),(#2687,#2688),(#2689,#2690),(#2691,#2692)),.UNSPECIFIED.,.F.,.F.,.U.,(4,3,4),(2,2),(0.48750856,0.525358893,0.563209227),(0.,1.),.UNSPECIFIED.);
#2694=ORIENTED_EDGE('',*,*,#335,.F.);
#2695=CARTESIAN_POINT('',(-0.061315414,0.728152537,1.815));
#2696=VERTEX_POINT('',#2695);
#2697=CARTESIAN_POINT('',(-0.061315414,0.728152537,1.815));
#2698=DIRECTION('',(0.,0.,-1.));
#2699=VECTOR('',#2698,0.01);
#2700=LINE('',#2697,#2699);
#2701=EDGE_CURVE('',#2696,#296,#2700,.T.);
#2702=ORIENTED_EDGE('',*,*,#2701,.F.);
#2703=CARTESIAN_POINT('',(-0.061315414,0.728152537,1.815));
#2704=CARTESIAN_POINT('',(-0.053998851,0.746921073,1.815));
#2705=CARTESIAN_POINT('',(-0.042626658,0.788434404,1.815));
#2706=CARTESIAN_POINT('',(-0.027198181,0.852692449,1.815));
#2707=CARTESIAN_POINT('',(-0.011770031,0.916950575,1.815));
#2708=CARTESIAN_POINT('',(0.00278356,0.961963118,1.815));
#2709=CARTESIAN_POINT('',(0.016462267,0.987729915,1.815));
#2710=B_SPLINE_CURVE_WITH_KNOTS('',3,(#2703,#2704,#2705,#2706,#2707,#2708,#2709),.UNSPECIFIED.,.F.,.F.,(4,3,4),(0.48750856,0.525358893,0.563209227),.UNSPECIFIED.);
#2711=EDGE_CURVE('',#2696,#2640,#2710,.T.);
#2712=ORIENTED_EDGE('',*,*,#2711,.T.);
#2713=ORIENTED_EDGE('',*,*,#2645,.T.);
#2714=EDGE_LOOP('',(#2694,#2702,#2712,#2713));
#2715=FACE_BOUND('',#2714,.T.);
#2716=ADVANCED_FACE('',(#2715),#2693,.T.);
#2717=CARTESIAN_POINT('',(-0.117620942,1.026380232,1.815));
#2718=CARTESIAN_POINT('',(-0.117620942,1.026380232,1.805));
#2719=CARTESIAN_POINT('',(-0.15261306,1.022244823,1.815));
#2720=CARTESIAN_POINT('',(-0.15261306,1.022244823,1.805));
#2721=CARTESIAN_POINT('',(-0.181322242,1.012622072,1.815));
#2722=CARTESIAN_POINT('',(-0.181322242,1.012622072,1.805));
#2723=CARTESIAN_POINT('',(-0.203749142,0.997511817,1.815));
#2724=CARTESIAN_POINT('',(-0.203749142,0.997511817,1.805));
#2725=CARTESIAN_POINT('',(-0.226175715,0.982401725,1.815));
#2726=CARTESIAN_POINT('',(-0.226175715,0.982401725,1.805));
#2727=CARTESIAN_POINT('',(-0.244308054,0.958941034,1.815));
#2728=CARTESIAN_POINT('',(-0.244308054,0.958941034,1.805));
#2729=CARTESIAN_POINT('',(-0.258145831,0.92713007,1.815));
#2730=CARTESIAN_POINT('',(-0.258145831,0.92713007,1.805));
#2731=CARTESIAN_POINT('',(-0.271983608,0.895319188,1.815));
#2732=CARTESIAN_POINT('',(-0.271983608,0.895319188,1.805));
#2733=CARTESIAN_POINT('',(-0.278902496,0.859531802,1.815));
#2734=CARTESIAN_POINT('',(-0.278902496,0.859531802,1.805));
#2735=CARTESIAN_POINT('',(-0.278902496,0.819768077,1.815));
#2736=CARTESIAN_POINT('',(-0.278902496,0.819768077,1.805));
#2737=CARTESIAN_POINT('',(-0.278902496,0.784457983,1.815));
#2738=CARTESIAN_POINT('',(-0.278902496,0.784457983,1.805));
#2739=CARTESIAN_POINT('',(-0.273653516,0.753283298,1.815));
#2740=CARTESIAN_POINT('',(-0.273653516,0.753283298,1.805));
#2741=CARTESIAN_POINT('',(-0.26315588,0.726243942,1.815));
#2742=CARTESIAN_POINT('',(-0.26315588,0.726243942,1.805));
#2743=CARTESIAN_POINT('',(-0.252658245,0.699204668,1.815));
#2744=CARTESIAN_POINT('',(-0.252658245,0.699204668,1.805));
#2745=CARTESIAN_POINT('',(-0.238264049,0.6790842,1.815));
#2746=CARTESIAN_POINT('',(-0.238264049,0.6790842,1.805));
#2747=CARTESIAN_POINT('',(-0.219972641,0.665882621,1.815));
#2748=CARTESIAN_POINT('',(-0.219972641,0.665882621,1.805));
#2749=CARTESIAN_POINT('',(-0.201681233,0.652681205,1.815));
#2750=CARTESIAN_POINT('',(-0.201681233,0.652681205,1.805));
#2751=CARTESIAN_POINT('',(-0.181719917,0.646080294,1.815));
#2752=CARTESIAN_POINT('',(-0.181719917,0.646080294,1.805));
#2753=CARTESIAN_POINT('',(-0.160088367,0.646080294,1.815));
#2754=CARTESIAN_POINT('',(-0.160088367,0.646080294,1.805));
#2755=CARTESIAN_POINT('',(-0.138139003,0.646080294,1.815));
#2756=CARTESIAN_POINT('',(-0.138139003,0.646080294,1.805));
#2757=CARTESIAN_POINT('',(-0.11897271,0.6524426,1.815));
#2758=CARTESIAN_POINT('',(-0.11897271,0.6524426,1.805));
#2759=CARTESIAN_POINT('',(-0.102590141,0.665166888,1.815));
#2760=CARTESIAN_POINT('',(-0.102590141,0.665166888,1.805));
#2761=CARTESIAN_POINT('',(-0.086207571,0.677891339,1.815));
#2762=CARTESIAN_POINT('',(-0.086207571,0.677891339,1.805));
#2763=CARTESIAN_POINT('',(-0.072449329,0.698886528,1.815));
#2764=CARTESIAN_POINT('',(-0.072449329,0.698886528,1.805));
#2765=CARTESIAN_POINT('',(-0.061315414,0.728152537,1.815));
#2766=CARTESIAN_POINT('',(-0.061315414,0.728152537,1.805));
#2767=B_SPLINE_SURFACE_WITH_KNOTS('',3,1,((#2717,#2718),(#2719,#2720),(#2721,#2722),(#2723,#2724),(#2725,#2726),(#2727,#2728),(#2729,#2730),(#2731,#2732),(#2733,#2734),(#2735,#2736),(#2737,#2738),(#2739,#2740),(#2741,#2742),(#2743,#2744),(#2745,#2746),(#2747,#2748),(#2749,#2750),(#2751,#2752),(#2753,#2754),(#2755,#2756),(#2757,#2758),(#2759,#2760),(#2761,#2762),(#2763,#2764),(#2765,#2766)),.UNSPECIFIED.,.F.,.F.,.U.,(4,3,3,3,3,3,3,3,4),(2,2),(0.,0.065297446,0.130594018,0.195890451,0.253873528,0.311856454,0.369839135,0.428673705,0.48750856),(0.,1.),.UNSPECIFIED.);
#2768=ORIENTED_EDGE('',*,*,#323,.F.);
#2769=CARTESIAN_POINT('',(-0.117620942,1.026380232,1.815));
#2770=VERTEX_POINT('',#2769);
#2771=CARTESIAN_POINT('',(-0.117620942,1.026380232,1.815));
#2772=DIRECTION('',(0.,0.,-1.));
#2773=VECTOR('',#2772,0.01);
#2774=LINE('',#2771,#2773);
#2775=EDGE_CURVE('',#2770,#288,#2774,.T.);
#2776=ORIENTED_EDGE('',*,*,#2775,.F.);
#2777=CARTESIAN_POINT('',(-0.117620942,1.026380232,1.815));
#2778=CARTESIAN_POINT('',(-0.15261306,1.022244823,1.815));
#2779=CARTESIAN_POINT('',(-0.181322242,1.012622072,1.815));
#2780=CARTESIAN_POINT('',(-0.203749142,0.997511817,1.815));
#2781=CARTESIAN_POINT('',(-0.226175715,0.982401725,1.815));
#2782=CARTESIAN_POINT('',(-0.244308054,0.958941034,1.815));
#2783=CARTESIAN_POINT('',(-0.258145831,0.92713007,1.815));
#2784=CARTESIAN_POINT('',(-0.271983608,0.895319188,1.815));
#2785=CARTESIAN_POINT('',(-0.278902496,0.859531802,1.815));
#2786=CARTESIAN_POINT('',(-0.278902496,0.819768077,1.815));
#2787=CARTESIAN_POINT('',(-0.278902496,0.784457983,1.815));
#2788=CARTESIAN_POINT('',(-0.273653516,0.753283298,1.815));
#2789=CARTESIAN_POINT('',(-0.26315588,0.726243942,1.815));
#2790=CARTESIAN_POINT('',(-0.252658245,0.699204668,1.815));
#2791=CARTESIAN_POINT('',(-0.238264049,0.6790842,1.815));
#2792=CARTESIAN_POINT('',(-0.219972641,0.665882621,1.815));
#2793=CARTESIAN_POINT('',(-0.201681233,0.652681205,1.815));
#2794=CARTESIAN_POINT('',(-0.181719917,0.646080294,1.815));
#2795=CARTESIAN_POINT('',(-0.160088367,0.646080294,1.815));
#2796=CARTESIAN_POINT('',(-0.138139003,0.646080294,1.815));
#2797=CARTESIAN_POINT('',(-0.11897271,0.6524426,1.815));
#2798=CARTESIAN_POINT('',(-0.102590141,0.665166888,1.815));
#2799=CARTESIAN_POINT('',(-0.086207571,0.677891339,1.815));
#2800=CARTESIAN_POINT('',(-0.072449329,0.698886528,1.815));
#2801=CARTESIAN_POINT('',(-0.061315414,0.728152537,1.815));
#2802=B_SPLINE_CURVE_WITH_KNOTS('',3,(#2777,#2778,#2779,#2780,#2781,#2782,#2783,#2784,#2785,#2786,#2787,#2788,#2789,#2790,#2791,#2792,#2793,#2794,#2795,#2796,#2797,#2798,#2799,#2800,#2801),.UNSPECIFIED.,.F.,.F.,(4,3,3,3,3,3,3,3,4),(0.,0.065297446,0.130594018,0.195890451,0.253873528,0.311856454,0.369839135,0.428673705,0.48750856),.UNSPECIFIED.);
#2803=EDGE_CURVE('',#2770,#2696,#2802,.T.);
#2804=ORIENTED_EDGE('',*,*,#2803,.T.);
#2805=ORIENTED_EDGE('',*,*,#2701,.T.);
#2806=EDGE_LOOP('',(#2768,#2776,#2804,#2805));
#2807=FACE_BOUND('',#2806,.T.);
#2808=ADVANCED_FACE('',(#2807),#2767,.T.);
#2809=CARTESIAN_POINT('',(-0.121438294,1.070040763,1.815));
#2810=DIRECTION('',(0.99619955,0.087100268,0.));
#2811=DIRECTION('',(-0.087100268,0.99619955,0.));
#2812=AXIS2_PLACEMENT_3D('',#2809,#2810,#2811);
#2813=PLANE('',#2812);
#2814=ORIENTED_EDGE('',*,*,#293,.F.);
#2815=CARTESIAN_POINT('',(-0.125255645,1.113701293,1.815));
#2816=VERTEX_POINT('',#2815);
#2817=CARTESIAN_POINT('',(-0.125255645,1.113701293,1.815));
#2818=DIRECTION('',(0.,0.,-1.));
#2819=VECTOR('',#2818,0.01);
#2820=LINE('',#2817,#2819);
#2821=EDGE_CURVE('',#2816,#258,#2820,.T.);
#2822=ORIENTED_EDGE('',*,*,#2821,.F.);
#2823=CARTESIAN_POINT('',(-0.125255645,1.113701293,1.815));
#2824=DIRECTION('',(0.087100268,-0.99619955,0.));
#2825=VECTOR('',#2824,0.087654186);
#2826=LINE('',#2823,#2825);
#2827=EDGE_CURVE('',#2816,#2770,#2826,.T.);
#2828=ORIENTED_EDGE('',*,*,#2827,.T.);
#2829=ORIENTED_EDGE('',*,*,#2775,.T.);
#2830=EDGE_LOOP('',(#2814,#2822,#2828,#2829));
#2831=FACE_BOUND('',#2830,.T.);
#2832=ADVANCED_FACE('',(#2831),#2813,.T.);
#2833=CARTESIAN_POINT('',(0.01837078,0.676141652,1.815));
#2834=CARTESIAN_POINT('',(0.01837078,0.676141652,1.805));
#2835=CARTESIAN_POINT('',(-0.000397512,0.63542367,1.815));
#2836=CARTESIAN_POINT('',(-0.000397512,0.63542367,1.805));
#2837=CARTESIAN_POINT('',(-0.024176179,0.605362312,1.815));
#2838=CARTESIAN_POINT('',(-0.024176179,0.605362312,1.805));
#2839=CARTESIAN_POINT('',(-0.052965223,0.585957577,1.815));
#2840=CARTESIAN_POINT('',(-0.052965223,0.585957577,1.805));
#2841=CARTESIAN_POINT('',(-0.08175394,0.566553006,1.815));
#2842=CARTESIAN_POINT('',(-0.08175394,0.566553006,1.805));
#2843=CARTESIAN_POINT('',(-0.11491708,0.556850557,1.815));
#2844=CARTESIAN_POINT('',(-0.11491708,0.556850557,1.805));
#2845=CARTESIAN_POINT('',(-0.15245399,0.556850557,1.815));
#2846=CARTESIAN_POINT('',(-0.15245399,0.556850557,1.805));
#2847=CARTESIAN_POINT('',(-0.18967276,0.556850557,1.815));
#2848=CARTESIAN_POINT('',(-0.18967276,0.556850557,1.805));
#2849=CARTESIAN_POINT('',(-0.224744412,0.567507344,1.815));
#2850=CARTESIAN_POINT('',(-0.224744412,0.567507344,1.805));
#2851=CARTESIAN_POINT('',(-0.257668621,0.588820591,1.815));
#2852=CARTESIAN_POINT('',(-0.257668621,0.588820591,1.805));
#2853=CARTESIAN_POINT('',(-0.29059283,0.610134001,1.815));
#2854=CARTESIAN_POINT('',(-0.29059283,0.610134001,1.805));
#2855=CARTESIAN_POINT('',(-0.316200801,0.640752022,1.815));
#2856=CARTESIAN_POINT('',(-0.316200801,0.640752022,1.805));
#2857=CARTESIAN_POINT('',(-0.334492209,0.680674736,1.815));
#2858=CARTESIAN_POINT('',(-0.334492209,0.680674736,1.805));
#2859=CARTESIAN_POINT('',(-0.352783292,0.720597531,1.815));
#2860=CARTESIAN_POINT('',(-0.352783292,0.720597531,1.805));
#2861=CARTESIAN_POINT('',(-0.361929159,0.76553054,1.815));
#2862=CARTESIAN_POINT('',(-0.361929159,0.76553054,1.805));
#2863=CARTESIAN_POINT('',(-0.361929159,0.815473597,1.815));
#2864=CARTESIAN_POINT('',(-0.361929159,0.815473597,1.805));
#2865=CARTESIAN_POINT('',(-0.361929159,0.878777467,1.815));
#2866=CARTESIAN_POINT('',(-0.361929159,0.878777467,1.805));
#2867=CARTESIAN_POINT('',(-0.352703757,0.931822306,1.815));
#2868=CARTESIAN_POINT('',(-0.352703757,0.931822306,1.805));
#2869=CARTESIAN_POINT('',(-0.334253605,0.974607952,1.815));
#2870=CARTESIAN_POINT('',(-0.334253605,0.974607952,1.805));
#2871=CARTESIAN_POINT('',(-0.315803126,1.01739368,1.815));
#2872=CARTESIAN_POINT('',(-0.315803126,1.01739368,1.805));
#2873=CARTESIAN_POINT('',(-0.288048037,1.05095425,1.815));
#2874=CARTESIAN_POINT('',(-0.288048037,1.05095425,1.805));
#2875=CARTESIAN_POINT('',(-0.250988337,1.07528958,1.815));
#2876=CARTESIAN_POINT('',(-0.250988337,1.07528958,1.805));
#2877=CARTESIAN_POINT('',(-0.213928637,1.099624993,1.815));
#2878=CARTESIAN_POINT('',(-0.213928637,1.099624993,1.805));
#2879=CARTESIAN_POINT('',(-0.172017631,1.112428897,1.815));
#2880=CARTESIAN_POINT('',(-0.172017631,1.112428897,1.805));
#2881=CARTESIAN_POINT('',(-0.125255645,1.113701293,1.815));
#2882=CARTESIAN_POINT('',(-0.125255645,1.113701293,1.805));
#2883=B_SPLINE_SURFACE_WITH_KNOTS('',3,1,((#2833,#2834),(#2835,#2836),(#2837,#2838),(#2839,#2840),(#2841,#2842),(#2843,#2844),(#2845,#2846),(#2847,#2848),(#2849,#2850),(#2851,#2852),(#2853,#2854),(#2855,#2856),(#2857,#2858),(#2859,#2860),(#2861,#2862),(#2863,#2864),(#2865,#2866),(#2867,#2868),(#2869,#2870),(#2871,#2872),(#2873,#2874),(#2875,#2876),(#2877,#2878),(#2879,#2880),(#2881,#2882)),.UNSPECIFIED.,.F.,.F.,.U.,(4,3,3,3,3,3,3,3,4),(2,2),(0.372530468,0.444283534,0.516035852,0.587180043,0.658324394,0.729468644,0.81964547,0.909822689,1.),(0.,1.),.UNSPECIFIED.);
#2884=ORIENTED_EDGE('',*,*,#285,.F.);
#2885=CARTESIAN_POINT('',(0.01837078,0.676141652,1.815));
#2886=VERTEX_POINT('',#2885);
#2887=CARTESIAN_POINT('',(0.01837078,0.676141652,1.815));
#2888=DIRECTION('',(0.,0.,-1.));
#2889=VECTOR('',#2888,0.01);
#2890=LINE('',#2887,#2889);
#2891=EDGE_CURVE('',#2886,#246,#2890,.T.);
#2892=ORIENTED_EDGE('',*,*,#2891,.F.);
#2893=CARTESIAN_POINT('',(0.01837078,0.676141652,1.815));
#2894=CARTESIAN_POINT('',(-0.000397512,0.63542367,1.815));
#2895=CARTESIAN_POINT('',(-0.024176179,0.605362312,1.815));
#2896=CARTESIAN_POINT('',(-0.052965223,0.585957577,1.815));
#2897=CARTESIAN_POINT('',(-0.08175394,0.566553006,1.815));
#2898=CARTESIAN_POINT('',(-0.11491708,0.556850557,1.815));
#2899=CARTESIAN_POINT('',(-0.15245399,0.556850557,1.815));
#2900=CARTESIAN_POINT('',(-0.18967276,0.556850557,1.815));
#2901=CARTESIAN_POINT('',(-0.224744412,0.567507344,1.815));
#2902=CARTESIAN_POINT('',(-0.257668621,0.588820591,1.815));
#2903=CARTESIAN_POINT('',(-0.29059283,0.610134001,1.815));
#2904=CARTESIAN_POINT('',(-0.316200801,0.640752022,1.815));
#2905=CARTESIAN_POINT('',(-0.334492209,0.680674736,1.815));
#2906=CARTESIAN_POINT('',(-0.352783292,0.720597531,1.815));
#2907=CARTESIAN_POINT('',(-0.361929159,0.76553054,1.815));
#2908=CARTESIAN_POINT('',(-0.361929159,0.815473597,1.815));
#2909=CARTESIAN_POINT('',(-0.361929159,0.878777467,1.815));
#2910=CARTESIAN_POINT('',(-0.352703757,0.931822306,1.815));
#2911=CARTESIAN_POINT('',(-0.334253605,0.974607952,1.815));
#2912=CARTESIAN_POINT('',(-0.315803126,1.01739368,1.815));
#2913=CARTESIAN_POINT('',(-0.288048037,1.05095425,1.815));
#2914=CARTESIAN_POINT('',(-0.250988337,1.07528958,1.815));
#2915=CARTESIAN_POINT('',(-0.213928637,1.099624993,1.815));
#2916=CARTESIAN_POINT('',(-0.172017631,1.112428897,1.815));
#2917=CARTESIAN_POINT('',(-0.125255645,1.113701293,1.815));
#2918=B_SPLINE_CURVE_WITH_KNOTS('',3,(#2893,#2894,#2895,#2896,#2897,#2898,#2899,#2900,#2901,#2902,#2903,#2904,#2905,#2906,#2907,#2908,#2909,#2910,#2911,#2912,#2913,#2914,#2915,#2916,#2917),.UNSPECIFIED.,.F.,.F.,(4,3,3,3,3,3,3,3,4),(0.372530468,0.444283534,0.516035852,0.587180043,0.658324394,0.729468644,0.81964547,0.909822689,1.),.UNSPECIFIED.);
#2919=EDGE_CURVE('',#2886,#2816,#2918,.T.);
#2920=ORIENTED_EDGE('',*,*,#2919,.T.);
#2921=ORIENTED_EDGE('',*,*,#2821,.T.);
#2922=EDGE_LOOP('',(#2884,#2892,#2920,#2921));
#2923=FACE_BOUND('',#2922,.T.);
#2924=ADVANCED_FACE('',(#2923),#2883,.T.);
#2925=CARTESIAN_POINT('',(0.112849497,0.970551996,1.815));
#2926=CARTESIAN_POINT('',(0.112849497,0.970551996,1.805));
#2927=CARTESIAN_POINT('',(0.096625998,0.95273796,1.815));
#2928=CARTESIAN_POINT('',(0.096625998,0.95273796,1.805));
#2929=CARTESIAN_POINT('',(0.080004497,0.906214416,1.815));
#2930=CARTESIAN_POINT('',(0.080004497,0.906214416,1.805));
#2931=CARTESIAN_POINT('',(0.062985974,0.830981445,1.815));
#2932=CARTESIAN_POINT('',(0.062985974,0.830981445,1.805));
#2933=CARTESIAN_POINT('',(0.045966799,0.755748637,1.815));
#2934=CARTESIAN_POINT('',(0.045966799,0.755748637,1.805));
#2935=CARTESIAN_POINT('',(0.031095394,0.704135346,1.815));
#2936=CARTESIAN_POINT('',(0.031095394,0.704135346,1.805));
#2937=CARTESIAN_POINT('',(0.01837078,0.676141652,1.815));
#2938=CARTESIAN_POINT('',(0.01837078,0.676141652,1.805));
#2939=B_SPLINE_SURFACE_WITH_KNOTS('',3,1,((#2925,#2926),(#2927,#2928),(#2929,#2930),(#2931,#2932),(#2933,#2934),(#2935,#2936),(#2937,#2938)),.UNSPECIFIED.,.F.,.F.,.U.,(4,3,4),(2,2),(0.274107666,0.323319072,0.372530468),(0.,1.),.UNSPECIFIED.);
#2940=ORIENTED_EDGE('',*,*,#255,.F.);
#2941=CARTESIAN_POINT('',(0.112849497,0.970551996,1.815));
#2942=VERTEX_POINT('',#2941);
#2943=CARTESIAN_POINT('',(0.112849497,0.970551996,1.815));
#2944=DIRECTION('',(0.,0.,-1.));
#2945=VECTOR('',#2944,0.01);
#2946=LINE('',#2943,#2945);
#2947=EDGE_CURVE('',#2942,#225,#2946,.T.);
#2948=ORIENTED_EDGE('',*,*,#2947,.F.);
#2949=CARTESIAN_POINT('',(0.112849497,0.970551996,1.815));
#2950=CARTESIAN_POINT('',(0.096625998,0.95273796,1.815));
#2951=CARTESIAN_POINT('',(0.080004497,0.906214416,1.815));
#2952=CARTESIAN_POINT('',(0.062985974,0.830981445,1.815));
#2953=CARTESIAN_POINT('',(0.045966799,0.755748637,1.815));
#2954=CARTESIAN_POINT('',(0.031095394,0.704135346,1.815));
#2955=CARTESIAN_POINT('',(0.01837078,0.676141652,1.815));
#2956=B_SPLINE_CURVE_WITH_KNOTS('',3,(#2949,#2950,#2951,#2952,#2953,#2954,#2955),.UNSPECIFIED.,.F.,.F.,(4,3,4),(0.274107666,0.323319072,0.372530468),.UNSPECIFIED.);
#2957=EDGE_CURVE('',#2942,#2886,#2956,.T.);
#2958=ORIENTED_EDGE('',*,*,#2957,.T.);
#2959=ORIENTED_EDGE('',*,*,#2891,.T.);
#2960=EDGE_LOOP('',(#2940,#2948,#2958,#2959));
#2961=FACE_BOUND('',#2960,.T.);
#2962=ADVANCED_FACE('',(#2961),#2939,.T.);
#2963=CARTESIAN_POINT('',(0.145773706,0.666598354,1.815));
#2964=CARTESIAN_POINT('',(0.145773706,0.666598354,1.805));
#2965=CARTESIAN_POINT('',(0.1899909,0.671370044,1.815));
#2966=CARTESIAN_POINT('',(0.1899909,0.671370044,1.805));
#2967=CARTESIAN_POINT('',(0.223392644,0.687514171,1.815));
#2968=CARTESIAN_POINT('',(0.223392644,0.687514171,1.805));
#2969=CARTESIAN_POINT('',(0.245978287,0.715030574,1.815));
#2970=CARTESIAN_POINT('',(0.245978287,0.715030574,1.805));
#2971=CARTESIAN_POINT('',(0.268563931,0.742547058,1.815));
#2972=CARTESIAN_POINT('',(0.268563931,0.742547058,1.805));
#2973=CARTESIAN_POINT('',(0.279856916,0.783185587,1.815));
#2974=CARTESIAN_POINT('',(0.279856916,0.783185587,1.805));
#2975=CARTESIAN_POINT('',(0.279856916,0.836945996,1.815));
#2976=CARTESIAN_POINT('',(0.279856916,0.836945996,1.805));
#2977=CARTESIAN_POINT('',(0.279856916,0.892933302,1.815));
#2978=CARTESIAN_POINT('',(0.279856916,0.892933302,1.805));
#2979=CARTESIAN_POINT('',(0.269597885,0.933730901,1.815));
#2980=CARTESIAN_POINT('',(0.269597885,0.933730901,1.805));
#2981=CARTESIAN_POINT('',(0.249079824,0.959338709,1.815));
#2982=CARTESIAN_POINT('',(0.249079824,0.959338709,1.805));
#2983=CARTESIAN_POINT('',(0.228561764,0.984946518,1.815));
#2984=CARTESIAN_POINT('',(0.228561764,0.984946518,1.805));
#2985=CARTESIAN_POINT('',(0.203828677,0.997750422,1.815));
#2986=CARTESIAN_POINT('',(0.203828677,0.997750422,1.805));
#2987=CARTESIAN_POINT('',(0.174880889,0.997750422,1.815));
#2988=CARTESIAN_POINT('',(0.174880889,0.997750422,1.805));
#2989=CARTESIAN_POINT('',(0.149750127,0.997750422,1.815));
#2990=CARTESIAN_POINT('',(0.149750127,0.997750422,1.805));
#2991=CARTESIAN_POINT('',(0.129072997,0.988684334,1.815));
#2992=CARTESIAN_POINT('',(0.129072997,0.988684334,1.805));
#2993=CARTESIAN_POINT('',(0.112849497,0.970551996,1.815));
#2994=CARTESIAN_POINT('',(0.112849497,0.970551996,1.805));
#2995=B_SPLINE_SURFACE_WITH_KNOTS('',3,1,((#2963,#2964),(#2965,#2966),(#2967,#2968),(#2969,#2970),(#2971,#2972),(#2973,#2974),(#2975,#2976),(#2977,#2978),(#2979,#2980),(#2981,#2982),(#2983,#2984),(#2985,#2986),(#2987,#2988),(#2989,#2990),(#2991,#2992),(#2993,#2994)),.UNSPECIFIED.,.F.,.F.,.U.,(4,3,3,3,3,4),(2,2),(0.,0.054964948,0.109929993,0.167171834,0.224413675,0.274107666),(0.,1.),.UNSPECIFIED.);
#2996=ORIENTED_EDGE('',*,*,#243,.F.);
#2997=ORIENTED_EDGE('',*,*,#2582,.F.);
#2998=CARTESIAN_POINT('',(0.145773706,0.666598354,1.815));
#2999=CARTESIAN_POINT('',(0.1899909,0.671370044,1.815));
#3000=CARTESIAN_POINT('',(0.223392644,0.687514171,1.815));
#3001=CARTESIAN_POINT('',(0.245978287,0.715030574,1.815));
#3002=CARTESIAN_POINT('',(0.268563931,0.742547058,1.815));
#3003=CARTESIAN_POINT('',(0.279856916,0.783185587,1.815));
#3004=CARTESIAN_POINT('',(0.279856916,0.836945996,1.815));
#3005=CARTESIAN_POINT('',(0.279856916,0.892933302,1.815));
#3006=CARTESIAN_POINT('',(0.269597885,0.933730901,1.815));
#3007=CARTESIAN_POINT('',(0.249079824,0.959338709,1.815));
#3008=CARTESIAN_POINT('',(0.228561764,0.984946518,1.815));
#3009=CARTESIAN_POINT('',(0.203828677,0.997750422,1.815));
#3010=CARTESIAN_POINT('',(0.174880889,0.997750422,1.815));
#3011=CARTESIAN_POINT('',(0.149750127,0.997750422,1.815));
#3012=CARTESIAN_POINT('',(0.129072997,0.988684334,1.815));
#3013=CARTESIAN_POINT('',(0.112849497,0.970551996,1.815));
#3014=B_SPLINE_CURVE_WITH_KNOTS('',3,(#2998,#2999,#3000,#3001,#3002,#3003,#3004,#3005,#3006,#3007,#3008,#3009,#3010,#3011,#3012,#3013),.UNSPECIFIED.,.F.,.F.,(4,3,3,3,3,4),(0.,0.054964948,0.109929993,0.167171834,0.224413675,0.274107666),.UNSPECIFIED.);
#3015=EDGE_CURVE('',#2571,#2942,#3014,.T.);
#3016=ORIENTED_EDGE('',*,*,#3015,.T.);
#3017=ORIENTED_EDGE('',*,*,#2947,.T.);
#3018=EDGE_LOOP('',(#2996,#2997,#3016,#3017));
#3019=FACE_BOUND('',#3018,.T.);
#3020=ADVANCED_FACE('',(#3019),#2995,.T.);
#3021=CARTESIAN_POINT('',(0.,-0.000000087,1.815));
#3022=DIRECTION('',(0.,0.,1.));
#3023=DIRECTION('',(-0.,-1.,0.));
#3024=AXIS2_PLACEMENT_3D('',#3021,#3022,#3023);
#3025=PLANE('',#3024);
#3026=ORIENTED_EDGE('',*,*,#2576,.F.);
#3027=ORIENTED_EDGE('',*,*,#2673,.F.);
#3028=ORIENTED_EDGE('',*,*,#2711,.F.);
#3029=ORIENTED_EDGE('',*,*,#2803,.F.);
#3030=ORIENTED_EDGE('',*,*,#2827,.F.);
#3031=ORIENTED_EDGE('',*,*,#2919,.F.);
#3032=ORIENTED_EDGE('',*,*,#2957,.F.);
#3033=ORIENTED_EDGE('',*,*,#3015,.F.);
#3034=EDGE_LOOP('',(#3026,#3027,#3028,#3029,#3030,#3031,#3032,#3033));
#3035=FACE_BOUND('',#3034,.T.);
#3036=ADVANCED_FACE('',(#3035),#3025,.T.);
#3037=OVER_RIDING_STYLED_ITEM('',(#910),#3036,#110);
#3038=CARTESIAN_POINT('',(0.011690496,1.252556111,1.815));
#3039=DIRECTION('',(0.,-1.,0.));
#3040=DIRECTION('',(0.,0.,-1.));
#3041=AXIS2_PLACEMENT_3D('',#3038,#3039,#3040);
#3042=PLANE('',#3041);
#3043=ORIENTED_EDGE('',*,*,#124,.F.);
#3044=CARTESIAN_POINT('',(0.052726618,1.252556111,1.815));
#3045=VERTEX_POINT('',#3044);
#3046=CARTESIAN_POINT('',(0.052726618,1.252556111,1.815));
#3047=DIRECTION('',(0.,0.,-1.));
#3048=VECTOR('',#3047,0.01);
#3049=LINE('',#3046,#3048);
#3050=EDGE_CURVE('',#3045,#117,#3049,.T.);
#3051=ORIENTED_EDGE('',*,*,#3050,.F.);
#3052=CARTESIAN_POINT('',(-0.029345625,1.252556111,1.815));
#3053=VERTEX_POINT('',#3052);
#3054=CARTESIAN_POINT('',(0.052726618,1.252556111,1.815));
#3055=DIRECTION('',(-1.,0.,0.));
#3056=VECTOR('',#3055,0.082072243);
#3057=LINE('',#3054,#3056);
#3058=EDGE_CURVE('',#3045,#3053,#3057,.T.);
#3059=ORIENTED_EDGE('',*,*,#3058,.T.);
#3060=CARTESIAN_POINT('',(-0.029345625,1.252556111,1.815));
#3061=DIRECTION('',(0.,0.,-1.));
#3062=VECTOR('',#3061,0.01);
#3063=LINE('',#3060,#3062);
#3064=EDGE_CURVE('',#3053,#119,#3063,.T.);
#3065=ORIENTED_EDGE('',*,*,#3064,.T.);
#3066=EDGE_LOOP('',(#3043,#3051,#3059,#3065));
#3067=FACE_BOUND('',#3066,.T.);
#3068=ADVANCED_FACE('',(#3067),#3042,.T.);
#3069=CARTESIAN_POINT('',(0.052726618,1.446046242,1.815));
#3070=DIRECTION('',(1.,0.,0.));
#3071=DIRECTION('',(0.,0.,-1.));
#3072=AXIS2_PLACEMENT_3D('',#3069,#3070,#3071);
#3073=PLANE('',#3072);
#3074=ORIENTED_EDGE('',*,*,#210,.F.);
#3075=CARTESIAN_POINT('',(0.052726618,1.639536374,1.815));
#3076=VERTEX_POINT('',#3075);
#3077=CARTESIAN_POINT('',(0.052726618,1.639536374,1.815));
#3078=DIRECTION('',(0.,0.,-1.));
#3079=VECTOR('',#3078,0.01);
#3080=LINE('',#3077,#3079);
#3081=EDGE_CURVE('',#3076,#199,#3080,.T.);
#3082=ORIENTED_EDGE('',*,*,#3081,.F.);
#3083=CARTESIAN_POINT('',(0.052726618,1.639536374,1.815));
#3084=DIRECTION('',(0.,-1.,0.));
#3085=VECTOR('',#3084,0.386980263);
#3086=LINE('',#3083,#3085);
#3087=EDGE_CURVE('',#3076,#3045,#3086,.T.);
#3088=ORIENTED_EDGE('',*,*,#3087,.T.);
#3089=ORIENTED_EDGE('',*,*,#3050,.T.);
#3090=EDGE_LOOP('',(#3074,#3082,#3088,#3089));
#3091=FACE_BOUND('',#3090,.T.);
#3092=ADVANCED_FACE('',(#3091),#3073,.T.);
#3093=CARTESIAN_POINT('',(0.159850088,1.639536374,1.815));
#3094=DIRECTION('',(0.,-1.,0.));
#3095=DIRECTION('',(0.,0.,-1.));
#3096=AXIS2_PLACEMENT_3D('',#3093,#3094,#3095);
#3097=PLANE('',#3096);
#3098=ORIENTED_EDGE('',*,*,#204,.F.);
#3099=CARTESIAN_POINT('',(0.266973558,1.639536374,1.815));
#3100=VERTEX_POINT('',#3099);
#3101=CARTESIAN_POINT('',(0.266973558,1.639536374,1.815));
#3102=DIRECTION('',(0.,0.,-1.));
#3103=VECTOR('',#3102,0.01);
#3104=LINE('',#3101,#3103);
#3105=EDGE_CURVE('',#3100,#191,#3104,.T.);
#3106=ORIENTED_EDGE('',*,*,#3105,.F.);
#3107=CARTESIAN_POINT('',(0.266973558,1.639536374,1.815));
#3108=DIRECTION('',(-1.,0.,0.));
#3109=VECTOR('',#3108,0.21424694);
#3110=LINE('',#3107,#3109);
#3111=EDGE_CURVE('',#3100,#3076,#3110,.T.);
#3112=ORIENTED_EDGE('',*,*,#3111,.T.);
#3113=ORIENTED_EDGE('',*,*,#3081,.T.);
#3114=EDGE_LOOP('',(#3098,#3106,#3112,#3113));
#3115=FACE_BOUND('',#3114,.T.);
#3116=ADVANCED_FACE('',(#3115),#3097,.T.);
#3117=CARTESIAN_POINT('',(0.266973558,1.432924239,1.815));
#3118=DIRECTION('',(-1.,0.,0.));
#3119=DIRECTION('',(-0.,-1.,0.));
#3120=AXIS2_PLACEMENT_3D('',#3117,#3118,#3119);
#3121=PLANE('',#3120);
#3122=ORIENTED_EDGE('',*,*,#196,.F.);
#3123=CARTESIAN_POINT('',(0.266973558,1.226312104,1.815));
#3124=VERTEX_POINT('',#3123);
#3125=CARTESIAN_POINT('',(0.266973558,1.226312104,1.815));
#3126=DIRECTION('',(0.,0.,-1.));
#3127=VECTOR('',#3126,0.01);
#3128=LINE('',#3125,#3127);
#3129=EDGE_CURVE('',#3124,#183,#3128,.T.);
#3130=ORIENTED_EDGE('',*,*,#3129,.F.);
#3131=CARTESIAN_POINT('',(0.266973558,1.226312104,1.815));
#3132=DIRECTION('',(0.,1.,0.));
#3133=VECTOR('',#3132,0.41322427);
#3134=LINE('',#3131,#3133);
#3135=EDGE_CURVE('',#3124,#3100,#3134,.T.);
#3136=ORIENTED_EDGE('',*,*,#3135,.T.);
#3137=ORIENTED_EDGE('',*,*,#3105,.T.);
#3138=EDGE_LOOP('',(#3122,#3130,#3136,#3137));
#3139=FACE_BOUND('',#3138,.T.);
#3140=ADVANCED_FACE('',(#3139),#3121,.T.);
#3141=CARTESIAN_POINT('',(0.308248284,1.226312104,1.815));
#3142=DIRECTION('',(0.,-1.,0.));
#3143=DIRECTION('',(0.,0.,-1.));
#3144=AXIS2_PLACEMENT_3D('',#3141,#3142,#3143);
#3145=PLANE('',#3144);
#3146=ORIENTED_EDGE('',*,*,#188,.F.);
#3147=CARTESIAN_POINT('',(0.349523011,1.226312104,1.815));
#3148=VERTEX_POINT('',#3147);
#3149=CARTESIAN_POINT('',(0.349523011,1.226312104,1.815));
#3150=DIRECTION('',(0.,0.,-1.));
#3151=VECTOR('',#3150,0.01);
#3152=LINE('',#3149,#3151);
#3153=EDGE_CURVE('',#3148,#175,#3152,.T.);
#3154=ORIENTED_EDGE('',*,*,#3153,.F.);
#3155=CARTESIAN_POINT('',(0.349523011,1.226312104,1.815));
#3156=DIRECTION('',(-1.,0.,0.));
#3157=VECTOR('',#3156,0.082549453);
#3158=LINE('',#3155,#3157);
#3159=EDGE_CURVE('',#3148,#3124,#3158,.T.);
#3160=ORIENTED_EDGE('',*,*,#3159,.T.);
#3161=ORIENTED_EDGE('',*,*,#3129,.T.);
#3162=EDGE_LOOP('',(#3146,#3154,#3160,#3161));
#3163=FACE_BOUND('',#3162,.T.);
#3164=ADVANCED_FACE('',(#3163),#3145,.T.);
#3165=CARTESIAN_POINT('',(0.349523011,1.479209168,1.815));
#3166=DIRECTION('',(1.,-0.,0.));
#3167=DIRECTION('',(0.,1.,0.));
#3168=AXIS2_PLACEMENT_3D('',#3165,#3166,#3167);
#3169=PLANE('',#3168);
#3170=ORIENTED_EDGE('',*,*,#180,.F.);
#3171=CARTESIAN_POINT('',(0.349523011,1.732106232,1.815));
#3172=VERTEX_POINT('',#3171);
#3173=CARTESIAN_POINT('',(0.349523011,1.732106232,1.815));
#3174=DIRECTION('',(0.,0.,-1.));
#3175=VECTOR('',#3174,0.01);
#3176=LINE('',#3173,#3175);
#3177=EDGE_CURVE('',#3172,#167,#3176,.T.);
#3178=ORIENTED_EDGE('',*,*,#3177,.F.);
#3179=CARTESIAN_POINT('',(0.349523011,1.732106232,1.815));
#3180=DIRECTION('',(-0.,-1.,0.));
#3181=VECTOR('',#3180,0.505794128);
#3182=LINE('',#3179,#3181);
#3183=EDGE_CURVE('',#3172,#3148,#3182,.T.);
#3184=ORIENTED_EDGE('',*,*,#3183,.T.);
#3185=ORIENTED_EDGE('',*,*,#3153,.T.);
#3186=EDGE_LOOP('',(#3170,#3178,#3184,#3185));
#3187=FACE_BOUND('',#3186,.T.);
#3188=ADVANCED_FACE('',(#3187),#3169,.T.);
#3189=CARTESIAN_POINT('',(-0.000238442,1.732106232,1.815));
#3190=DIRECTION('',(0.,1.,0.));
#3191=DIRECTION('',(0.,0.,1.));
#3192=AXIS2_PLACEMENT_3D('',#3189,#3190,#3191);
#3193=PLANE('',#3192);
#3194=ORIENTED_EDGE('',*,*,#172,.F.);
#3195=CARTESIAN_POINT('',(-0.349999894,1.732106232,1.815));
#3196=VERTEX_POINT('',#3195);
#3197=CARTESIAN_POINT('',(-0.349999894,1.732106232,1.815));
#3198=DIRECTION('',(0.,0.,-1.));
#3199=VECTOR('',#3198,0.01);
#3200=LINE('',#3197,#3199);
#3201=EDGE_CURVE('',#3196,#159,#3200,.T.);
#3202=ORIENTED_EDGE('',*,*,#3201,.F.);
#3203=CARTESIAN_POINT('',(-0.349999894,1.732106232,1.815));
#3204=DIRECTION('',(1.,0.,-0.));
#3205=VECTOR('',#3204,0.699522905);
#3206=LINE('',#3203,#3205);
#3207=EDGE_CURVE('',#3196,#3172,#3206,.T.);
#3208=ORIENTED_EDGE('',*,*,#3207,.T.);
#3209=ORIENTED_EDGE('',*,*,#3177,.T.);
#3210=EDGE_LOOP('',(#3194,#3202,#3208,#3209));
#3211=FACE_BOUND('',#3210,.T.);
#3212=ADVANCED_FACE('',(#3211),#3193,.T.);
#3213=CARTESIAN_POINT('',(-0.349999894,1.471097377,1.815));
#3214=DIRECTION('',(-1.,0.,0.));
#3215=DIRECTION('',(-0.,-1.,0.));
#3216=AXIS2_PLACEMENT_3D('',#3213,#3214,#3215);
#3217=PLANE('',#3216);
#3218=ORIENTED_EDGE('',*,*,#164,.F.);
#3219=CARTESIAN_POINT('',(-0.349999894,1.210088523,1.815));
#3220=VERTEX_POINT('',#3219);
#3221=CARTESIAN_POINT('',(-0.349999894,1.210088523,1.815));
#3222=DIRECTION('',(0.,0.,-1.));
#3223=VECTOR('',#3222,0.01);
#3224=LINE('',#3221,#3223);
#3225=EDGE_CURVE('',#3220,#151,#3224,.T.);
#3226=ORIENTED_EDGE('',*,*,#3225,.F.);
#3227=CARTESIAN_POINT('',(-0.349999894,1.210088523,1.815));
#3228=DIRECTION('',(0.,1.,0.));
#3229=VECTOR('',#3228,0.522017709);
#3230=LINE('',#3227,#3229);
#3231=EDGE_CURVE('',#3220,#3196,#3230,.T.);
#3232=ORIENTED_EDGE('',*,*,#3231,.T.);
#3233=ORIENTED_EDGE('',*,*,#3201,.T.);
#3234=EDGE_LOOP('',(#3218,#3226,#3232,#3233));
#3235=FACE_BOUND('',#3234,.T.);
#3236=ADVANCED_FACE('',(#3235),#3217,.T.);
#3237=CARTESIAN_POINT('',(-0.308725168,1.210088523,1.815));
#3238=DIRECTION('',(0.,-1.,0.));
#3239=DIRECTION('',(0.,0.,-1.));
#3240=AXIS2_PLACEMENT_3D('',#3237,#3238,#3239);
#3241=PLANE('',#3240);
#3242=ORIENTED_EDGE('',*,*,#156,.F.);
#3243=CARTESIAN_POINT('',(-0.267450442,1.210088523,1.815));
#3244=VERTEX_POINT('',#3243);
#3245=CARTESIAN_POINT('',(-0.267450442,1.210088523,1.815));
#3246=DIRECTION('',(0.,0.,-1.));
#3247=VECTOR('',#3246,0.01);
#3248=LINE('',#3245,#3247);
#3249=EDGE_CURVE('',#3244,#143,#3248,.T.);
#3250=ORIENTED_EDGE('',*,*,#3249,.F.);
#3251=CARTESIAN_POINT('',(-0.267450442,1.210088523,1.815));
#3252=DIRECTION('',(-1.,0.,0.));
#3253=VECTOR('',#3252,0.082549453);
#3254=LINE('',#3251,#3253);
#3255=EDGE_CURVE('',#3244,#3220,#3254,.T.);
#3256=ORIENTED_EDGE('',*,*,#3255,.T.);
#3257=ORIENTED_EDGE('',*,*,#3225,.T.);
#3258=EDGE_LOOP('',(#3242,#3250,#3256,#3257));
#3259=FACE_BOUND('',#3258,.T.);
#3260=ADVANCED_FACE('',(#3259),#3241,.T.);
#3261=CARTESIAN_POINT('',(-0.267450442,1.424812448,1.815));
#3262=DIRECTION('',(1.,0.,0.));
#3263=DIRECTION('',(0.,0.,-1.));
#3264=AXIS2_PLACEMENT_3D('',#3261,#3262,#3263);
#3265=PLANE('',#3264);
#3266=ORIENTED_EDGE('',*,*,#148,.F.);
#3267=CARTESIAN_POINT('',(-0.267450442,1.639536374,1.815));
#3268=VERTEX_POINT('',#3267);
#3269=CARTESIAN_POINT('',(-0.267450442,1.639536374,1.815));
#3270=DIRECTION('',(0.,0.,-1.));
#3271=VECTOR('',#3270,0.01);
#3272=LINE('',#3269,#3271);
#3273=EDGE_CURVE('',#3268,#135,#3272,.T.);
#3274=ORIENTED_EDGE('',*,*,#3273,.F.);
#3275=CARTESIAN_POINT('',(-0.267450442,1.639536374,1.815));
#3276=DIRECTION('',(0.,-1.,0.));
#3277=VECTOR('',#3276,0.429447851);
#3278=LINE('',#3275,#3277);
#3279=EDGE_CURVE('',#3268,#3244,#3278,.T.);
#3280=ORIENTED_EDGE('',*,*,#3279,.T.);
#3281=ORIENTED_EDGE('',*,*,#3249,.T.);
#3282=EDGE_LOOP('',(#3266,#3274,#3280,#3281));
#3283=FACE_BOUND('',#3282,.T.);
#3284=ADVANCED_FACE('',(#3283),#3265,.T.);
#3285=CARTESIAN_POINT('',(-0.148398033,1.639536374,1.815));
#3286=DIRECTION('',(0.,-1.,0.));
#3287=DIRECTION('',(0.,0.,-1.));
#3288=AXIS2_PLACEMENT_3D('',#3285,#3286,#3287);
#3289=PLANE('',#3288);
#3290=ORIENTED_EDGE('',*,*,#140,.F.);
#3291=CARTESIAN_POINT('',(-0.029345625,1.639536374,1.815));
#3292=VERTEX_POINT('',#3291);
#3293=CARTESIAN_POINT('',(-0.029345625,1.639536374,1.815));
#3294=DIRECTION('',(0.,0.,-1.));
#3295=VECTOR('',#3294,0.01);
#3296=LINE('',#3293,#3295);
#3297=EDGE_CURVE('',#3292,#127,#3296,.T.);
#3298=ORIENTED_EDGE('',*,*,#3297,.F.);
#3299=CARTESIAN_POINT('',(-0.029345625,1.639536374,1.815));
#3300=DIRECTION('',(-1.,0.,0.));
#3301=VECTOR('',#3300,0.238104817);
#3302=LINE('',#3299,#3301);
#3303=EDGE_CURVE('',#3292,#3268,#3302,.T.);
#3304=ORIENTED_EDGE('',*,*,#3303,.T.);
#3305=ORIENTED_EDGE('',*,*,#3273,.T.);
#3306=EDGE_LOOP('',(#3290,#3298,#3304,#3305));
#3307=FACE_BOUND('',#3306,.T.);
#3308=ADVANCED_FACE('',(#3307),#3289,.T.);
#3309=CARTESIAN_POINT('',(-0.029345625,1.446046242,1.815));
#3310=DIRECTION('',(-1.,0.,0.));
#3311=DIRECTION('',(0.,0.,1.));
#3312=AXIS2_PLACEMENT_3D('',#3309,#3310,#3311);
#3313=PLANE('',#3312);
#3314=ORIENTED_EDGE('',*,*,#132,.F.);
#3315=ORIENTED_EDGE('',*,*,#3064,.F.);
#3316=CARTESIAN_POINT('',(-0.029345625,1.252556111,1.815));
#3317=DIRECTION('',(0.,1.,0.));
#3318=VECTOR('',#3317,0.386980263);
#3319=LINE('',#3316,#3318);
#3320=EDGE_CURVE('',#3053,#3292,#3319,.T.);
#3321=ORIENTED_EDGE('',*,*,#3320,.T.);
#3322=ORIENTED_EDGE('',*,*,#3297,.T.);
#3323=EDGE_LOOP('',(#3314,#3315,#3321,#3322));
#3324=FACE_BOUND('',#3323,.T.);
#3325=ADVANCED_FACE('',(#3324),#3313,.T.);
#3326=CARTESIAN_POINT('',(0.,-0.000000087,1.815));
#3327=DIRECTION('',(0.,0.,1.));
#3328=DIRECTION('',(-0.,-1.,0.));
#3329=AXIS2_PLACEMENT_3D('',#3326,#3327,#3328);
#3330=PLANE('',#3329);
#3331=ORIENTED_EDGE('',*,*,#3058,.F.);
#3332=ORIENTED_EDGE('',*,*,#3087,.F.);
#3333=ORIENTED_EDGE('',*,*,#3111,.F.);
#3334=ORIENTED_EDGE('',*,*,#3135,.F.);
#3335=ORIENTED_EDGE('',*,*,#3159,.F.);
#3336=ORIENTED_EDGE('',*,*,#3183,.F.);
#3337=ORIENTED_EDGE('',*,*,#3207,.F.);
#3338=ORIENTED_EDGE('',*,*,#3231,.F.);
#3339=ORIENTED_EDGE('',*,*,#3255,.F.);
#3340=ORIENTED_EDGE('',*,*,#3279,.F.);
#3341=ORIENTED_EDGE('',*,*,#3303,.F.);
#3342=ORIENTED_EDGE('',*,*,#3320,.F.);
#3343=EDGE_LOOP('',(#3331,#3332,#3333,#3334,#3335,#3336,#3337,#3338,#3339,#3340,#3341,#3342));
#3344=FACE_BOUND('',#3343,.T.);
#3345=ADVANCED_FACE('',(#3344),#3330,.T.);
#3346=OVER_RIDING_STYLED_ITEM('',(#910),#3345,#110);
#3347=CLOSED_SHELL('',(#633,#673,#776,#807,#838,#869,#894,#903,#935,#953,#970,#988,#1012,#1029,#1041,#1059,#1076,#1094,#1111,#1123,#1222,#1305,#1387,#1481,#1545,#1609,
#1631,#1650,#1661,#1671,#1702,#1726,#1750,#1767,#1779,#1852,#1881,#1905,#1929,#1953,#1977,#2059,#2090,#2121,#2152,#2180,#2197,#2219,#2233,#2327,#2408,
#2466,#2530,#2544,#2555,#2586,#2678,#2716,#2808,#2832,#2924,#2962,#3020,#3036,#3068,#3092,#3116,#3140,#3164,#3188,#3212,#3236,#3260,#3284,#3308,#3325,
#3345));
#3348=MANIFOLD_SOLID_BREP('Imported 10',#3347);
#3349=DRAUGHTING_PRE_DEFINED_COLOUR('black');
#3350=FILL_AREA_STYLE_COLOUR('',#3349);
#3351=FILL_AREA_STYLE('',(#3350));
#3352=SURFACE_STYLE_FILL_AREA(#3351);
#3353=SURFACE_SIDE_STYLE('',(#3352));
#3354=SURFACE_STYLE_USAGE(.BOTH.,#3353);
#3355=PRESENTATION_STYLE_ASSIGNMENT((#3354));
#110=STYLED_ITEM('',(#3355),#3348);
#91=SHAPE_REPRESENTATION('Body001',(#15),#89);
#92=ADVANCED_BREP_SHAPE_REPRESENTATION('Body001',(#3348),#89);
#3363=SHAPE_REPRESENTATION_RELATIONSHIP('','',#91,#92);
#3364=CARTESIAN_POINT('',(0.,0.,0.));
#3365=DIRECTION('',(0.,0.,1.));
#3366=DIRECTION('',(1.,0.,0.));
#3367=AXIS2_PLACEMENT_3D('',#3364,#3365,#3366);
#3369=MAPPED_ITEM('',#3368,#3367);
#3368=REPRESENTATION_MAP(#3367,#91);
#3370=APPLICATION_CONTEXT('Managed model based 3d engineering');
#3371=APPLICATION_PROTOCOL_DEFINITION('international standard','ap242_managed_model_based_3d_engineering',2014,#3370);
#3372=PRODUCT_CONTEXT('',#3370,'mechanical');
#3373=PRODUCT_DEFINITION_CONTEXT('part definition',#3370,'design');
#99=PRODUCT('Body001','Body001','',(#3372));
#3374=PRODUCT_RELATED_PRODUCT_CATEGORY('part','',(#99));
#3375=PRODUCT_DEFINITION_FORMATION_WITH_SPECIFIED_SOURCE('','',#99,.NOT_KNOWN.);
#100=PRODUCT_DEFINITION('design','',#3375,#3373);
#98=PRODUCT_DEFINITION_SHAPE('','',#100);
#3376=SHAPE_DEFINITION_REPRESENTATION(#98,#91);
#90=DRAUGHTING_MODEL('',(#3369),#89);
#3377=(NAMED_UNIT(*)PLANE_ANGLE_UNIT()SI_UNIT($,.RADIAN.));
#3378=PLANE_ANGLE_MEASURE_WITH_UNIT(PLANE_ANGLE_MEASURE(0.0174532925),#3377);
#3379=(CONVERSION_BASED_UNIT('DEGREE',#3378)NAMED_UNIT(#3380)PLANE_ANGLE_UNIT());
#3380=DIMENSIONAL_EXPONENTS(0.,0.,0.,0.,0.,0.,0.);
#3381=(NAMED_UNIT(*)SI_UNIT($,.STERADIAN.)SOLID_ANGLE_UNIT());
#3382=(LENGTH_UNIT()NAMED_UNIT(*)SI_UNIT(.MILLI.,.METRE.));
#3383=UNCERTAINTY_MEASURE_WITH_UNIT(LENGTH_MEASURE(1.000000E-05),#3382,'DISTANCE_ACCURACY_VALUE','Maximum Tolerance applied to model');
#3384=(GEOMETRIC_REPRESENTATION_CONTEXT(3)GLOBAL_UNCERTAINTY_ASSIGNED_CONTEXT((#3383))GLOBAL_UNIT_ASSIGNED_CONTEXT((#3382,#3379,#3381))REPRESENTATION_CONTEXT('','Body002'));
#3396=CARTESIAN_POINT('',(0.,0.,0.));
#3397=DIRECTION('',(0.,0.,1.));
#3398=DIRECTION('',(1.,0.,-0.));
#3399=AXIS2_PLACEMENT_3D('',#3396,#3397,#3398);
#3400=ITEM_DEFINED_TRANSFORMATION('','',#3399,#15);
#3401=(REPRESENTATION_RELATIONSHIP('','',#3386,#63)REPRESENTATION_RELATIONSHIP_WITH_TRANSFORMATION(#3400)SHAPE_REPRESENTATION_RELATIONSHIP());
#3402=NEXT_ASSEMBLY_USAGE_OCCURRENCE('Body002_4','Body002','Body002',#72,#3395,$);
#3403=PRODUCT_DEFINITION_SHAPE('','',#3402);
#3404=CONTEXT_DEPENDENT_SHAPE_REPRESENTATION(#3401,#3403);
#3406=CARTESIAN_POINT('',(0.,2.431232478,0.635));
#3407=DIRECTION('',(0.,0.984807753,-0.173648178));
#3408=DIRECTION('',(0.979616066,-0.034882269,-0.197827175));
#3409=AXIS2_PLACEMENT_3D('',#3406,#3407,#3408);
#3410=PLANE('',#3409);
#3411=CARTESIAN_POINT('',(-1.901519225,2.5,1.025));
#3412=VERTEX_POINT('',#3411);
#3413=CARTESIAN_POINT('',(1.901519225,2.5,1.025));
#3414=VERTEX_POINT('',#3413);
#3415=CARTESIAN_POINT('',(-1.901519225,2.500000001,1.025));
#3416=DIRECTION('',(1.,-0.,0.));
#3417=VECTOR('',#3416,3.80303845);
#3418=LINE('',#3415,#3417);
#3419=EDGE_CURVE('',#3412,#3414,#3418,.T.);
#3420=ORIENTED_EDGE('',*,*,#3419,.T.);
#3421=CARTESIAN_POINT('',(1.778554992,2.377035767,0.327635182));
#3422=VERTEX_POINT('',#3421);
#3423=CARTESIAN_POINT('',(1.901519225,2.500000001,1.025));
#3424=DIRECTION('',(-0.17108787,-0.17108787,-0.970287525));
#3425=VECTOR('',#3424,0.718719761);
#3426=LINE('',#3423,#3425);
#3427=EDGE_CURVE('',#3414,#3422,#3426,.T.);
#3428=ORIENTED_EDGE('',*,*,#3427,.T.);
#3429=CARTESIAN_POINT('',(-1.778554992,2.377035767,0.327635182));
#3430=VERTEX_POINT('',#3429);
#3431=CARTESIAN_POINT('',(1.778554992,2.377035768,0.327635182));
#3432=DIRECTION('',(-1.,0.,-0.));
#3433=VECTOR('',#3432,3.557109984);
#3434=LINE('',#3431,#3433);
#3435=EDGE_CURVE('',#3422,#3430,#3434,.T.);
#3436=ORIENTED_EDGE('',*,*,#3435,.T.);
#3437=CARTESIAN_POINT('',(-1.778554992,2.377035768,0.327635182));
#3438=DIRECTION('',(-0.17108787,0.17108787,0.970287525));
#3439=VECTOR('',#3438,0.718719761);
#3440=LINE('',#3437,#3439);
#3441=EDGE_CURVE('',#3430,#3412,#3440,.T.);
#3442=ORIENTED_EDGE('',*,*,#3441,.T.);
#3443=EDGE_LOOP('',(#3420,#3428,#3436,#3442));
#3444=FACE_BOUND('',#3443,.T.);
#3445=ADVANCED_FACE('',(#3444),#3410,.T.);
#3446=CARTESIAN_POINT('',(1.931232478,0.,0.635));
#3447=DIRECTION('',(0.984807753,-0.,-0.173648178));
#3448=DIRECTION('',(-0.027917119,-0.986992178,-0.15832585));
#3449=AXIS2_PLACEMENT_3D('',#3446,#3447,#3448);
#3450=PLANE('',#3449);
#3451=CARTESIAN_POINT('',(1.877035767,-2.278554992,0.327635182));
#3452=VERTEX_POINT('',#3451);
#3453=CARTESIAN_POINT('',(1.877035767,2.278554992,0.327635182));
#3454=VERTEX_POINT('',#3453);
#3455=CARTESIAN_POINT('',(1.877035768,-2.278554992,0.327635182));
#3456=DIRECTION('',(0.,1.,0.));
#3457=VECTOR('',#3456,4.557109984);
#3458=LINE('',#3455,#3457);
#3459=EDGE_CURVE('',#3452,#3454,#3458,.T.);
#3460=ORIENTED_EDGE('',*,*,#3459,.T.);
#3461=CARTESIAN_POINT('',(2.,2.401519225,1.025));
#3462=VERTEX_POINT('',#3461);
#3463=CARTESIAN_POINT('',(1.877035768,2.278554992,0.327635182));
#3464=DIRECTION('',(0.17108787,0.17108787,0.970287525));
#3465=VECTOR('',#3464,0.718719761);
#3466=LINE('',#3463,#3465);
#3467=EDGE_CURVE('',#3454,#3462,#3466,.T.);
#3468=ORIENTED_EDGE('',*,*,#3467,.T.);
#3469=CARTESIAN_POINT('',(2.,-2.401519225,1.025));
#3470=VERTEX_POINT('',#3469);
#3471=CARTESIAN_POINT('',(2.000000001,2.401519225,1.025));
#3472=DIRECTION('',(0.,-1.,0.));
#3473=VECTOR('',#3472,4.80303845);
#3474=LINE('',#3471,#3473);
#3475=EDGE_CURVE('',#3462,#3470,#3474,.T.);
#3476=ORIENTED_EDGE('',*,*,#3475,.T.);
#3477=CARTESIAN_POINT('',(2.000000001,-2.401519225,1.025));
#3478=DIRECTION('',(-0.17108787,0.17108787,-0.970287525));
#3479=VECTOR('',#3478,0.718719761);
#3480=LINE('',#3477,#3479);
#3481=EDGE_CURVE('',#3470,#3452,#3480,.T.);
#3482=ORIENTED_EDGE('',*,*,#3481,.T.);
#3483=EDGE_LOOP('',(#3460,#3468,#3476,#3482));
#3484=FACE_BOUND('',#3483,.T.);
#3485=ADVANCED_FACE('',(#3484),#3450,.T.);
#3486=CARTESIAN_POINT('',(0.,-2.431232478,0.635));
#3487=DIRECTION('',(-0.,-0.984807753,-0.173648178));
#3488=DIRECTION('',(-0.979616066,0.034882269,-0.197827175));
#3489=AXIS2_PLACEMENT_3D('',#3486,#3487,#3488);
#3490=PLANE('',#3489);
#3491=CARTESIAN_POINT('',(1.901519225,-2.5,1.025));
#3492=VERTEX_POINT('',#3491);
#3493=CARTESIAN_POINT('',(-1.901519225,-2.5,1.025));
#3494=VERTEX_POINT('',#3493);
#3495=CARTESIAN_POINT('',(1.901519225,-2.500000001,1.025));
#3496=DIRECTION('',(-1.,0.,0.));
#3497=VECTOR('',#3496,3.80303845);
#3498=LINE('',#3495,#3497);
#3499=EDGE_CURVE('',#3492,#3494,#3498,.T.);
#3500=ORIENTED_EDGE('',*,*,#3499,.T.);
#3501=CARTESIAN_POINT('',(-1.778554992,-2.377035767,0.327635182));
#3502=VERTEX_POINT('',#3501);
#3503=CARTESIAN_POINT('',(-1.901519225,-2.500000001,1.025));
#3504=DIRECTION('',(0.17108787,0.17108787,-0.970287525));
#3505=VECTOR('',#3504,0.718719761);
#3506=LINE('',#3503,#3505);
#3507=EDGE_CURVE('',#3494,#3502,#3506,.T.);
#3508=ORIENTED_EDGE('',*,*,#3507,.T.);
#3509=CARTESIAN_POINT('',(1.778554992,-2.377035767,0.327635182));
#3510=VERTEX_POINT('',#3509);
#3511=CARTESIAN_POINT('',(-1.778554992,-2.377035768,0.327635182));
#3512=DIRECTION('',(1.,0.,-0.));
#3513=VECTOR('',#3512,3.557109984);
#3514=LINE('',#3511,#3513);
#3515=EDGE_CURVE('',#3502,#3510,#3514,.T.);
#3516=ORIENTED_EDGE('',*,*,#3515,.T.);
#3517=CARTESIAN_POINT('',(1.778554992,-2.377035768,0.327635182));
#3518=DIRECTION('',(0.17108787,-0.17108787,0.970287525));
#3519=VECTOR('',#3518,0.718719761);
#3520=LINE('',#3517,#3519);
#3521=EDGE_CURVE('',#3510,#3492,#3520,.T.);
#3522=ORIENTED_EDGE('',*,*,#3521,.T.);
#3523=EDGE_LOOP('',(#3500,#3508,#3516,#3522));
#3524=FACE_BOUND('',#3523,.T.);
#3525=ADVANCED_FACE('',(#3524),#3490,.T.);
#3526=CARTESIAN_POINT('',(-1.931232478,0.,0.635));
#3527=DIRECTION('',(-0.984807753,0.,-0.173648178));
#3528=DIRECTION('',(0.027917119,0.986992178,-0.15832585));
#3529=AXIS2_PLACEMENT_3D('',#3526,#3527,#3528);
#3530=PLANE('',#3529);
#3531=CARTESIAN_POINT('',(-2.,-2.401519225,1.025));
#3532=VERTEX_POINT('',#3531);
#3533=CARTESIAN_POINT('',(-2.,2.401519225,1.025));
#3534=VERTEX_POINT('',#3533);
#3535=CARTESIAN_POINT('',(-2.000000001,-2.401519225,1.025));
#3536=DIRECTION('',(0.,1.,0.));
#3537=VECTOR('',#3536,4.80303845);
#3538=LINE('',#3535,#3537);
#3539=EDGE_CURVE('',#3532,#3534,#3538,.T.);
#3540=ORIENTED_EDGE('',*,*,#3539,.T.);
#3541=CARTESIAN_POINT('',(-1.877035767,2.278554992,0.327635182));
#3542=VERTEX_POINT('',#3541);
#3543=CARTESIAN_POINT('',(-2.000000001,2.401519225,1.025));
#3544=DIRECTION('',(0.17108787,-0.17108787,-0.970287525));
#3545=VECTOR('',#3544,0.718719761);
#3546=LINE('',#3543,#3545);
#3547=EDGE_CURVE('',#3534,#3542,#3546,.T.);
#3548=ORIENTED_EDGE('',*,*,#3547,.T.);
#3549=CARTESIAN_POINT('',(-1.877035767,-2.278554992,0.327635182));
#3550=VERTEX_POINT('',#3549);
#3551=CARTESIAN_POINT('',(-1.877035768,2.278554992,0.327635182));
#3552=DIRECTION('',(0.,-1.,0.));
#3553=VECTOR('',#3552,4.557109984);
#3554=LINE('',#3551,#3553);
#3555=EDGE_CURVE('',#3542,#3550,#3554,.T.);
#3556=ORIENTED_EDGE('',*,*,#3555,.T.);
#3557=CARTESIAN_POINT('',(-1.877035768,-2.278554992,0.327635182));
#3558=DIRECTION('',(-0.17108787,-0.17108787,0.970287525));
#3559=VECTOR('',#3558,0.718719761);
#3560=LINE('',#3557,#3559);
#3561=EDGE_CURVE('',#3550,#3532,#3560,.T.);
#3562=ORIENTED_EDGE('',*,*,#3561,.T.);
#3563=EDGE_LOOP('',(#3540,#3548,#3556,#3562));
#3564=FACE_BOUND('',#3563,.T.);
#3565=ADVANCED_FACE('',(#3564),#3530,.T.);
#3566=CARTESIAN_POINT('',(-2.,2.5,1.025));
#3567=DIRECTION('',(0.,0.,1.));
#3568=DIRECTION('',(0.624695048,-0.780868809,0.));
#3569=AXIS2_PLACEMENT_3D('',#3566,#3567,#3568);
#3570=PLANE('',#3569);
#3571=ORIENTED_EDGE('',*,*,#3475,.F.);
#3572=CARTESIAN_POINT('',(2.,2.401519225,1.025));
#3573=CARTESIAN_POINT('',(2.,2.413298979,1.025));
#3574=CARTESIAN_POINT('',(1.997886518,2.425908134,1.025));
#3575=CARTESIAN_POINT('',(1.993116184,2.438045656,1.025));
#3576=CARTESIAN_POINT('',(1.98834585,2.450183179,1.025));
#3577=CARTESIAN_POINT('',(1.980888896,2.461777791,1.025));
#3578=CARTESIAN_POINT('',(1.971333344,2.471333344,1.025));
#3579=CARTESIAN_POINT('',(1.961777791,2.480888896,1.025));
#3580=CARTESIAN_POINT('',(1.950183179,2.48834585,1.025));
#3581=CARTESIAN_POINT('',(1.938045656,2.493116184,1.025));
#3582=CARTESIAN_POINT('',(1.925908134,2.497886518,1.025));
#3583=CARTESIAN_POINT('',(1.913298979,2.5,1.025));
#3584=CARTESIAN_POINT('',(1.901519225,2.5,1.025));
#3585=B_SPLINE_CURVE_WITH_KNOTS('',3,(#3572,#3573,#3574,#3575,#3576,#3577,#3578,#3579,#3580,#3581,#3582,#3583,#3584),.UNSPECIFIED.,.F.,.F.,(4,3,3,3,4),(135.86397061,157.931985305,180.,202.068014695,224.13602939),.UNSPECIFIED.);
#3586=EDGE_CURVE('',#3462,#3414,#3585,.T.);
#3587=ORIENTED_EDGE('',*,*,#3586,.T.);
#3588=ORIENTED_EDGE('',*,*,#3419,.F.);
#3589=CARTESIAN_POINT('',(-1.901519225,2.5,1.025));
#3590=CARTESIAN_POINT('',(-1.913298979,2.5,1.025));
#3591=CARTESIAN_POINT('',(-1.925908134,2.497886518,1.025));
#3592=CARTESIAN_POINT('',(-1.938045656,2.493116184,1.025));
#3593=CARTESIAN_POINT('',(-1.950183179,2.48834585,1.025));
#3594=CARTESIAN_POINT('',(-1.961777791,2.480888896,1.025));
#3595=CARTESIAN_POINT('',(-1.971333344,2.471333344,1.025));
#3596=CARTESIAN_POINT('',(-1.980888896,2.461777791,1.025));
#3597=CARTESIAN_POINT('',(-1.98834585,2.450183179,1.025));
#3598=CARTESIAN_POINT('',(-1.993116184,2.438045656,1.025));
#3599=CARTESIAN_POINT('',(-1.997886518,2.425908134,1.025));
#3600=CARTESIAN_POINT('',(-2.,2.413298979,1.025));
#3601=CARTESIAN_POINT('',(-2.,2.401519225,1.025));
#3602=B_SPLINE_CURVE_WITH_KNOTS('',3,(#3589,#3590,#3591,#3592,#3593,#3594,#3595,#3596,#3597,#3598,#3599,#3600,#3601),.UNSPECIFIED.,.F.,.F.,(4,3,3,3,4),(135.86397061,157.931985305,180.,202.068014695,224.13602939),.UNSPECIFIED.);
#3603=EDGE_CURVE('',#3412,#3534,#3602,.T.);
#3604=ORIENTED_EDGE('',*,*,#3603,.T.);
#3605=ORIENTED_EDGE('',*,*,#3539,.F.);
#3606=CARTESIAN_POINT('',(-2.,-2.401519225,1.025));
#3607=CARTESIAN_POINT('',(-2.,-2.413298979,1.025));
#3608=CARTESIAN_POINT('',(-1.997886518,-2.425908134,1.025));
#3609=CARTESIAN_POINT('',(-1.993116184,-2.438045656,1.025));
#3610=CARTESIAN_POINT('',(-1.98834585,-2.450183179,1.025));
#3611=CARTESIAN_POINT('',(-1.980888896,-2.461777791,1.025));
#3612=CARTESIAN_POINT('',(-1.971333344,-2.471333344,1.025));
#3613=CARTESIAN_POINT('',(-1.961777791,-2.480888896,1.025));
#3614=CARTESIAN_POINT('',(-1.950183179,-2.48834585,1.025));
#3615=CARTESIAN_POINT('',(-1.938045656,-2.493116184,1.025));
#3616=CARTESIAN_POINT('',(-1.925908134,-2.497886518,1.025));
#3617=CARTESIAN_POINT('',(-1.913298979,-2.5,1.025));
#3618=CARTESIAN_POINT('',(-1.901519225,-2.5,1.025));
#3619=B_SPLINE_CURVE_WITH_KNOTS('',3,(#3606,#3607,#3608,#3609,#3610,#3611,#3612,#3613,#3614,#3615,#3616,#3617,#3618),.UNSPECIFIED.,.F.,.F.,(4,3,3,3,4),(135.86397061,157.931985305,180.,202.068014695,224.13602939),.UNSPECIFIED.);
#3620=EDGE_CURVE('',#3532,#3494,#3619,.T.);
#3621=ORIENTED_EDGE('',*,*,#3620,.T.);
#3622=ORIENTED_EDGE('',*,*,#3499,.F.);
#3623=CARTESIAN_POINT('',(1.901519225,-2.5,1.025));
#3624=CARTESIAN_POINT('',(1.913298979,-2.5,1.025));
#3625=CARTESIAN_POINT('',(1.925908134,-2.497886518,1.025));
#3626=CARTESIAN_POINT('',(1.938045656,-2.493116184,1.025));
#3627=CARTESIAN_POINT('',(1.950183179,-2.48834585,1.025));
#3628=CARTESIAN_POINT('',(1.961777791,-2.480888896,1.025));
#3629=CARTESIAN_POINT('',(1.971333344,-2.471333344,1.025));
#3630=CARTESIAN_POINT('',(1.980888896,-2.461777791,1.025));
#3631=CARTESIAN_POINT('',(1.98834585,-2.450183179,1.025));
#3632=CARTESIAN_POINT('',(1.993116184,-2.438045656,1.025));
#3633=CARTESIAN_POINT('',(1.997886518,-2.425908134,1.025));
#3634=CARTESIAN_POINT('',(2.,-2.413298979,1.025));
#3635=CARTESIAN_POINT('',(2.,-2.401519225,1.025));
#3636=B_SPLINE_CURVE_WITH_KNOTS('',3,(#3623,#3624,#3625,#3626,#3627,#3628,#3629,#3630,#3631,#3632,#3633,#3634,#3635),.UNSPECIFIED.,.F.,.F.,(4,3,3,3,4),(135.86397061,157.931985305,180.,202.068014695,224.13602939),.UNSPECIFIED.);
#3637=EDGE_CURVE('',#3492,#3470,#3636,.T.);
#3638=ORIENTED_EDGE('',*,*,#3637,.T.);
#3639=EDGE_LOOP('',(#3571,#3587,#3588,#3604,#3605,#3621,#3622,#3638));
#3640=FACE_BOUND('',#3639,.T.);
#3641=ADVANCED_FACE('',(#3640),#3570,.T.);
#3642=CARTESIAN_POINT('',(-1.862464955,2.362464955,0.245));
#3643=DIRECTION('',(0.,0.,1.));
#3644=DIRECTION('',(0.619103739,-0.785309213,0.));
#3645=AXIS2_PLACEMENT_3D('',#3642,#3643,#3644);
#3646=PLANE('',#3645);
#3647=CARTESIAN_POINT('',(1.,1.5,0.245));
#3648=VERTEX_POINT('',#3647);
#3649=CARTESIAN_POINT('',(-1.,1.5,0.245));
#3650=VERTEX_POINT('',#3649);
#3651=CARTESIAN_POINT('',(1.,1.5,0.245));
#3652=DIRECTION('',(-1.,0.,0.));
#3653=VECTOR('',#3652,2.);
#3654=LINE('',#3651,#3653);
#3655=EDGE_CURVE('',#3648,#3650,#3654,.T.);
#3656=ORIENTED_EDGE('',*,*,#3655,.T.);
#3657=CARTESIAN_POINT('',(-1.,-1.5,0.245));
#3658=VERTEX_POINT('',#3657);
#3659=CARTESIAN_POINT('',(-1.,1.5,0.245));
#3660=DIRECTION('',(0.,-1.,0.));
#3661=VECTOR('',#3660,3.);
#3662=LINE('',#3659,#3661);
#3663=EDGE_CURVE('',#3650,#3658,#3662,.T.);
#3664=ORIENTED_EDGE('',*,*,#3663,.T.);
#3665=CARTESIAN_POINT('',(1.,-1.5,0.245));
#3666=VERTEX_POINT('',#3665);
#3667=CARTESIAN_POINT('',(-1.,-1.5,0.245));
#3668=DIRECTION('',(1.,0.,-0.));
#3669=VECTOR('',#3668,2.);
#3670=LINE('',#3667,#3669);
#3671=EDGE_CURVE('',#3658,#3666,#3670,.T.);
#3672=ORIENTED_EDGE('',*,*,#3671,.T.);
#3673=CARTESIAN_POINT('',(1.,-1.5,0.245));
#3674=DIRECTION('',(0.,1.,0.));
#3675=VECTOR('',#3674,3.);
#3676=LINE('',#3673,#3675);
#3677=EDGE_CURVE('',#3666,#3648,#3676,.T.);
#3678=ORIENTED_EDGE('',*,*,#3677,.T.);
#3679=EDGE_LOOP('',(#3656,#3664,#3672,#3678));
#3680=FACE_BOUND('',#3679,.T.);
#3681=CARTESIAN_POINT('',(-1.778554992,-2.278554992,0.245));
#3682=VERTEX_POINT('',#3681);
#3683=CARTESIAN_POINT('',(-1.778554992,2.278554992,0.245));
#3684=VERTEX_POINT('',#3683);
#3685=CARTESIAN_POINT('',(-1.778554992,-2.278554992,0.245));
#3686=DIRECTION('',(0.,1.,0.));
#3687=VECTOR('',#3686,4.557109984);
#3688=LINE('',#3685,#3687);
#3689=EDGE_CURVE('',#3682,#3684,#3688,.T.);
#3690=ORIENTED_EDGE('',*,*,#3689,.T.);
#3691=CARTESIAN_POINT('',(1.778554992,2.278554992,0.245));
#3692=VERTEX_POINT('',#3691);
#3693=CARTESIAN_POINT('',(-1.778554992,2.278554992,0.245));
#3694=DIRECTION('',(1.,0.,0.));
#3695=VECTOR('',#3694,3.557109984);
#3696=LINE('',#3693,#3695);
#3697=EDGE_CURVE('',#3684,#3692,#3696,.T.);
#3698=ORIENTED_EDGE('',*,*,#3697,.T.);
#3699=CARTESIAN_POINT('',(1.778554992,-2.278554992,0.245));
#3700=VERTEX_POINT('',#3699);
#3701=CARTESIAN_POINT('',(1.778554992,2.278554992,0.245));
#3702=DIRECTION('',(0.,-1.,0.));
#3703=VECTOR('',#3702,4.557109984);
#3704=LINE('',#3701,#3703);
#3705=EDGE_CURVE('',#3692,#3700,#3704,.T.);
#3706=ORIENTED_EDGE('',*,*,#3705,.T.);
#3707=CARTESIAN_POINT('',(1.778554992,-2.278554992,0.245));
#3708=DIRECTION('',(-1.,0.,0.));
#3709=VECTOR('',#3708,3.557109984);
#3710=LINE('',#3707,#3709);
#3711=EDGE_CURVE('',#3700,#3682,#3710,.T.);
#3712=ORIENTED_EDGE('',*,*,#3711,.T.);
#3713=EDGE_LOOP('',(#3690,#3698,#3706,#3712));
#3714=FACE_BOUND('',#3713,.T.);
#3715=ADVANCED_FACE('',(#3680,#3714),#3646,.F.);
#3716=CARTESIAN_POINT('',(-1.862464955,-2.278554992,0.345));
#3717=DIRECTION('',(1.,0.,0.));
#3718=DIRECTION('',(-0.,1.,0.));
#3719=AXIS2_PLACEMENT_3D('',#3716,#3717,#3718);
#3720=CYLINDRICAL_SURFACE('',#3719,0.1);
#3721=ORIENTED_EDGE('',*,*,#3515,.F.);
#3722=CARTESIAN_POINT('',(-1.778554992,-2.278554992,0.345));
#3723=DIRECTION('',(1.,0.,0.));
#3724=DIRECTION('',(0.,0.,-1.));
#3725=AXIS2_PLACEMENT_3D('',#3722,#3723,#3724);
#3726=CIRCLE('',#3725,0.1);
#3727=EDGE_CURVE('',#3502,#3682,#3726,.T.);
#3728=ORIENTED_EDGE('',*,*,#3727,.T.);
#3729=ORIENTED_EDGE('',*,*,#3711,.F.);
#3730=CARTESIAN_POINT('',(1.778554992,-2.278554992,0.345));
#3731=DIRECTION('',(-1.,-0.,-0.));
#3732=DIRECTION('',(0.,0.,-1.));
#3733=AXIS2_PLACEMENT_3D('',#3730,#3731,#3732);
#3734=CIRCLE('',#3733,0.1);
#3735=EDGE_CURVE('',#3700,#3510,#3734,.T.);
#3736=ORIENTED_EDGE('',*,*,#3735,.T.);
#3737=EDGE_LOOP('',(#3721,#3728,#3729,#3736));
#3738=FACE_BOUND('',#3737,.T.);
#3739=ADVANCED_FACE('',(#3738),#3720,.T.);
#3740=CARTESIAN_POINT('',(1.778554992,2.362464955,0.345));
#3741=DIRECTION('',(0.,1.,0.));
#3742=DIRECTION('',(-1.,0.,0.));
#3743=AXIS2_PLACEMENT_3D('',#3740,#3741,#3742);
#3744=CYLINDRICAL_SURFACE('',#3743,0.1);
#3745=ORIENTED_EDGE('',*,*,#3705,.F.);
#3746=CARTESIAN_POINT('',(1.778554992,2.278554992,0.345));
#3747=DIRECTION('',(-0.,-1.,-0.));
#3748=DIRECTION('',(0.,-0.,1.));
#3749=AXIS2_PLACEMENT_3D('',#3746,#3747,#3748);
#3750=CIRCLE('',#3749,0.1);
#3751=EDGE_CURVE('',#3692,#3454,#3750,.T.);
#3752=ORIENTED_EDGE('',*,*,#3751,.T.);
#3753=ORIENTED_EDGE('',*,*,#3459,.F.);
#3754=CARTESIAN_POINT('',(1.778554992,-2.278554992,0.345));
#3755=DIRECTION('',(0.,-1.,0.));
#3756=DIRECTION('',(0.,0.,-1.));
#3757=AXIS2_PLACEMENT_3D('',#3754,#3755,#3756);
#3758=CIRCLE('',#3757,0.1);
#3759=EDGE_CURVE('',#3700,#3452,#3758,.T.);
#3760=ORIENTED_EDGE('',*,*,#3759,.F.);
#3761=EDGE_LOOP('',(#3745,#3752,#3753,#3760));
#3762=FACE_BOUND('',#3761,.T.);
#3763=ADVANCED_FACE('',(#3762),#3744,.T.);
#3764=CARTESIAN_POINT('',(1.778554992,-2.278554992,0.345));
#3765=DIRECTION('',(0.984807753,0.,-0.173648178));
#3766=DIRECTION('',(-0.173648178,0.,-0.984807753));
#3767=AXIS2_PLACEMENT_3D('',#3764,#3765,#3766);
#3768=SPHERICAL_SURFACE('',#3767,0.1);
#3769=ORIENTED_EDGE('',*,*,#3735,.F.);
#3770=ORIENTED_EDGE('',*,*,#3759,.T.);
#3771=CARTESIAN_POINT('',(1.778554992,-2.278554992,0.345));
#3772=DIRECTION('',(0.17108787,-0.17108787,0.970287525));
#3773=DIRECTION('',(0.,0.984807753,0.173648178));
#3774=AXIS2_PLACEMENT_3D('',#3771,#3772,#3773);
#3775=CIRCLE('',#3774,0.1);
#3776=EDGE_CURVE('',#3510,#3452,#3775,.T.);
#3777=ORIENTED_EDGE('',*,*,#3776,.F.);
#3778=EDGE_LOOP('',(#3769,#3770,#3777));
#3779=FACE_BOUND('',#3778,.T.);
#3780=ADVANCED_FACE('',(#3779),#3768,.T.);
#3781=CARTESIAN_POINT('',(1.764469589,-2.264469589,0.265117711));
#3782=DIRECTION('',(-0.17108787,0.17108787,-0.970287525));
#3783=DIRECTION('',(-0.,0.984807753,0.173648178));
#3784=AXIS2_PLACEMENT_3D('',#3781,#3782,#3783);
#3785=CYLINDRICAL_SURFACE('',#3784,0.1);
#3786=ORIENTED_EDGE('',*,*,#3637,.F.);
#3787=ORIENTED_EDGE('',*,*,#3521,.F.);
#3788=ORIENTED_EDGE('',*,*,#3776,.T.);
#3789=ORIENTED_EDGE('',*,*,#3481,.F.);
#3790=EDGE_LOOP('',(#3786,#3787,#3788,#3789));
#3791=FACE_BOUND('',#3790,.T.);
#3792=ADVANCED_FACE('',(#3791),#3785,.T.);
#3793=CARTESIAN_POINT('',(-1.779105119,-2.279105119,0.348119924));
#3794=DIRECTION('',(0.17108787,0.17108787,-0.970287525));
#3795=DIRECTION('',(0.,0.984807753,0.173648178));
#3796=AXIS2_PLACEMENT_3D('',#3793,#3794,#3795);
#3797=CYLINDRICAL_SURFACE('',#3796,0.1);
#3798=CARTESIAN_POINT('',(-1.778554992,-2.278554992,0.345));
#3799=DIRECTION('',(0.17108787,0.171087871,-0.970287525));
#3800=DIRECTION('',(-0.,0.984807753,0.173648179));
#3801=AXIS2_PLACEMENT_3D('',#3798,#3799,#3800);
#3802=CIRCLE('',#3801,0.1);
#3803=EDGE_CURVE('',#3502,#3550,#3802,.T.);
#3804=ORIENTED_EDGE('',*,*,#3803,.F.);
#3805=ORIENTED_EDGE('',*,*,#3507,.F.);
#3806=ORIENTED_EDGE('',*,*,#3620,.F.);
#3807=ORIENTED_EDGE('',*,*,#3561,.F.);
#3808=EDGE_LOOP('',(#3804,#3805,#3806,#3807));
#3809=FACE_BOUND('',#3808,.T.);
#3810=ADVANCED_FACE('',(#3809),#3797,.T.);
#3811=CARTESIAN_POINT('',(-1.778554992,-2.278554992,0.345));
#3812=DIRECTION('',(-0.984807753,0.,-0.173648178));
#3813=DIRECTION('',(-0.173648178,0.,0.984807753));
#3814=AXIS2_PLACEMENT_3D('',#3811,#3812,#3813);
#3815=SPHERICAL_SURFACE('',#3814,0.1);
#3816=ORIENTED_EDGE('',*,*,#3727,.F.);
#3817=ORIENTED_EDGE('',*,*,#3803,.T.);
#3818=CARTESIAN_POINT('',(-1.778554992,-2.278554992,0.345));
#3819=DIRECTION('',(-0.,1.,-0.));
#3820=DIRECTION('',(0.,0.,-1.));
#3821=AXIS2_PLACEMENT_3D('',#3818,#3819,#3820);
#3822=CIRCLE('',#3821,0.1);
#3823=EDGE_CURVE('',#3682,#3550,#3822,.T.);
#3824=ORIENTED_EDGE('',*,*,#3823,.F.);
#3825=EDGE_LOOP('',(#3816,#3817,#3824));
#3826=FACE_BOUND('',#3825,.T.);
#3827=ADVANCED_FACE('',(#3826),#3815,.T.);
#3828=CARTESIAN_POINT('',(-1.778554992,2.362464955,0.345));
#3829=DIRECTION('',(0.,-1.,0.));
#3830=DIRECTION('',(1.,0.,0.));
#3831=AXIS2_PLACEMENT_3D('',#3828,#3829,#3830);
#3832=CYLINDRICAL_SURFACE('',#3831,0.1);
#3833=ORIENTED_EDGE('',*,*,#3555,.F.);
#3834=CARTESIAN_POINT('',(-1.778554992,2.278554992,0.345));
#3835=DIRECTION('',(0.,-1.,0.));
#3836=DIRECTION('',(0.,0.,-1.));
#3837=AXIS2_PLACEMENT_3D('',#3834,#3835,#3836);
#3838=CIRCLE('',#3837,0.1);
#3839=EDGE_CURVE('',#3542,#3684,#3838,.T.);
#3840=ORIENTED_EDGE('',*,*,#3839,.T.);
#3841=ORIENTED_EDGE('',*,*,#3689,.F.);
#3842=ORIENTED_EDGE('',*,*,#3823,.T.);
#3843=EDGE_LOOP('',(#3833,#3840,#3841,#3842));
#3844=FACE_BOUND('',#3843,.T.);
#3845=ADVANCED_FACE('',(#3844),#3832,.T.);
#3846=CARTESIAN_POINT('',(-1.764469589,2.264469589,0.265117711));
#3847=DIRECTION('',(0.17108787,-0.17108787,-0.970287525));
#3848=DIRECTION('',(-0.,0.984807753,-0.173648178));
#3849=AXIS2_PLACEMENT_3D('',#3846,#3847,#3848);
#3850=CYLINDRICAL_SURFACE('',#3849,0.1);
#3851=CARTESIAN_POINT('',(-1.778554992,2.278554992,0.345));
#3852=DIRECTION('',(0.171087871,-0.17108787,-0.970287525));
#3853=DIRECTION('',(-0.984807753,-0.,-0.173648179));
#3854=AXIS2_PLACEMENT_3D('',#3851,#3852,#3853);
#3855=CIRCLE('',#3854,0.1);
#3856=EDGE_CURVE('',#3542,#3430,#3855,.T.);
#3857=ORIENTED_EDGE('',*,*,#3856,.F.);
#3858=ORIENTED_EDGE('',*,*,#3547,.F.);
#3859=ORIENTED_EDGE('',*,*,#3603,.F.);
#3860=ORIENTED_EDGE('',*,*,#3441,.F.);
#3861=EDGE_LOOP('',(#3857,#3858,#3859,#3860));
#3862=FACE_BOUND('',#3861,.T.);
#3863=ADVANCED_FACE('',(#3862),#3850,.T.);
#3864=CARTESIAN_POINT('',(-1.778554992,2.278554992,0.345));
#3865=DIRECTION('',(0.,0.984807753,-0.173648178));
#3866=DIRECTION('',(0.,0.173648178,0.984807753));
#3867=AXIS2_PLACEMENT_3D('',#3864,#3865,#3866);
#3868=SPHERICAL_SURFACE('',#3867,0.1);
#3869=ORIENTED_EDGE('',*,*,#3839,.F.);
#3870=ORIENTED_EDGE('',*,*,#3856,.T.);
#3871=CARTESIAN_POINT('',(-1.778554992,2.278554992,0.345));
#3872=DIRECTION('',(1.,-0.,-0.));
#3873=DIRECTION('',(0.,0.,1.));
#3874=AXIS2_PLACEMENT_3D('',#3871,#3872,#3873);
#3875=CIRCLE('',#3874,0.1);
#3876=EDGE_CURVE('',#3684,#3430,#3875,.T.);
#3877=ORIENTED_EDGE('',*,*,#3876,.F.);
#3878=EDGE_LOOP('',(#3869,#3870,#3877));
#3879=FACE_BOUND('',#3878,.T.);
#3880=ADVANCED_FACE('',(#3879),#3868,.T.);
#3881=CARTESIAN_POINT('',(-1.862464955,2.278554992,0.345));
#3882=DIRECTION('',(-1.,0.,0.));
#3883=DIRECTION('',(0.,-1.,0.));
#3884=AXIS2_PLACEMENT_3D('',#3881,#3882,#3883);
#3885=CYLINDRICAL_SURFACE('',#3884,0.1);
#3886=CARTESIAN_POINT('',(1.778554992,2.278554992,0.345));
#3887=DIRECTION('',(1.,0.,0.));
#3888=DIRECTION('',(0.,0.,-1.));
#3889=AXIS2_PLACEMENT_3D('',#3886,#3887,#3888);
#3890=CIRCLE('',#3889,0.1);
#3891=EDGE_CURVE('',#3692,#3422,#3890,.T.);
#3892=ORIENTED_EDGE('',*,*,#3891,.F.);
#3893=ORIENTED_EDGE('',*,*,#3697,.F.);
#3894=ORIENTED_EDGE('',*,*,#3876,.T.);
#3895=ORIENTED_EDGE('',*,*,#3435,.F.);
#3896=EDGE_LOOP('',(#3892,#3893,#3894,#3895));
#3897=FACE_BOUND('',#3896,.T.);
#3898=ADVANCED_FACE('',(#3897),#3885,.T.);
#3899=CARTESIAN_POINT('',(1.778554992,2.278554992,0.345));
#3900=DIRECTION('',(0.,0.984807753,-0.173648178));
#3901=DIRECTION('',(0.,0.173648178,0.984807753));
#3902=AXIS2_PLACEMENT_3D('',#3899,#3900,#3901);
#3903=SPHERICAL_SURFACE('',#3902,0.1);
#3904=ORIENTED_EDGE('',*,*,#3751,.F.);
#3905=ORIENTED_EDGE('',*,*,#3891,.T.);
#3906=CARTESIAN_POINT('',(1.778554992,2.278554992,0.345));
#3907=DIRECTION('',(0.17108787,0.17108787,0.970287525));
#3908=DIRECTION('',(-0.,0.984807753,-0.173648178));
#3909=AXIS2_PLACEMENT_3D('',#3906,#3907,#3908);
#3910=CIRCLE('',#3909,0.1);
#3911=EDGE_CURVE('',#3454,#3422,#3910,.T.);
#3912=ORIENTED_EDGE('',*,*,#3911,.F.);
#3913=EDGE_LOOP('',(#3904,#3905,#3912));
#3914=FACE_BOUND('',#3913,.T.);
#3915=ADVANCED_FACE('',(#3914),#3903,.T.);
#3916=CARTESIAN_POINT('',(1.779105119,2.279105119,0.348119924));
#3917=DIRECTION('',(-0.17108787,-0.17108787,-0.970287525));
#3918=DIRECTION('',(0.,0.984807753,-0.173648178));
#3919=AXIS2_PLACEMENT_3D('',#3916,#3917,#3918);
#3920=CYLINDRICAL_SURFACE('',#3919,0.1);
#3921=ORIENTED_EDGE('',*,*,#3586,.F.);
#3922=ORIENTED_EDGE('',*,*,#3467,.F.);
#3923=ORIENTED_EDGE('',*,*,#3911,.T.);
#3924=ORIENTED_EDGE('',*,*,#3427,.F.);
#3925=EDGE_LOOP('',(#3921,#3922,#3923,#3924));
#3926=FACE_BOUND('',#3925,.T.);
#3927=ADVANCED_FACE('',(#3926),#3920,.T.);
#3928=CARTESIAN_POINT('',(-1.,0.,0.235));
#3929=DIRECTION('',(-1.,0.,0.));
#3930=DIRECTION('',(0.,0.,1.));
#3931=AXIS2_PLACEMENT_3D('',#3928,#3929,#3930);
#3932=PLANE('',#3931);
#3933=ORIENTED_EDGE('',*,*,#3663,.F.);
#3934=CARTESIAN_POINT('',(-1.,1.5,0.235));
#3935=VERTEX_POINT('',#3934);
#3936=CARTESIAN_POINT('',(-1.,1.5,0.235));
#3937=DIRECTION('',(0.,0.,1.));
#3938=VECTOR('',#3937,0.01);
#3939=LINE('',#3936,#3938);
#3940=EDGE_CURVE('',#3935,#3650,#3939,.T.);
#3941=ORIENTED_EDGE('',*,*,#3940,.F.);
#3942=CARTESIAN_POINT('',(-1.,-1.5,0.235));
#3943=VERTEX_POINT('',#3942);
#3944=CARTESIAN_POINT('',(-1.,1.5,0.235));
#3945=DIRECTION('',(0.,-1.,0.));
#3946=VECTOR('',#3945,3.);
#3947=LINE('',#3944,#3946);
#3948=EDGE_CURVE('',#3935,#3943,#3947,.T.);
#3949=ORIENTED_EDGE('',*,*,#3948,.T.);
#3950=CARTESIAN_POINT('',(-1.,-1.5,0.235));
#3951=DIRECTION('',(0.,0.,1.));
#3952=VECTOR('',#3951,0.01);
#3953=LINE('',#3950,#3952);
#3954=EDGE_CURVE('',#3943,#3658,#3953,.T.);
#3955=ORIENTED_EDGE('',*,*,#3954,.T.);
#3956=EDGE_LOOP('',(#3933,#3941,#3949,#3955));
#3957=FACE_BOUND('',#3956,.T.);
#3958=ADVANCED_FACE('',(#3957),#3932,.T.);
#3959=CARTESIAN_POINT('',(-0.,1.5,0.235));
#3960=DIRECTION('',(0.,1.,0.));
#3961=DIRECTION('',(0.,0.,1.));
#3962=AXIS2_PLACEMENT_3D('',#3959,#3960,#3961);
#3963=PLANE('',#3962);
#3964=ORIENTED_EDGE('',*,*,#3655,.F.);
#3965=CARTESIAN_POINT('',(1.,1.5,0.235));
#3966=VERTEX_POINT('',#3965);
#3967=CARTESIAN_POINT('',(1.,1.5,0.235));
#3968=DIRECTION('',(0.,0.,1.));
#3969=VECTOR('',#3968,0.01);
#3970=LINE('',#3967,#3969);
#3971=EDGE_CURVE('',#3966,#3648,#3970,.T.);
#3972=ORIENTED_EDGE('',*,*,#3971,.F.);
#3973=CARTESIAN_POINT('',(1.,1.5,0.235));
#3974=DIRECTION('',(-1.,0.,0.));
#3975=VECTOR('',#3974,2.);
#3976=LINE('',#3973,#3975);
#3977=EDGE_CURVE('',#3966,#3935,#3976,.T.);
#3978=ORIENTED_EDGE('',*,*,#3977,.T.);
#3979=ORIENTED_EDGE('',*,*,#3940,.T.);
#3980=EDGE_LOOP('',(#3964,#3972,#3978,#3979));
#3981=FACE_BOUND('',#3980,.T.);
#3982=ADVANCED_FACE('',(#3981),#3963,.T.);
#3983=CARTESIAN_POINT('',(1.,0.,0.235));
#3984=DIRECTION('',(1.,0.,0.));
#3985=DIRECTION('',(0.,0.,-1.));
#3986=AXIS2_PLACEMENT_3D('',#3983,#3984,#3985);
#3987=PLANE('',#3986);
#3988=ORIENTED_EDGE('',*,*,#3677,.F.);
#3989=CARTESIAN_POINT('',(1.,-1.5,0.235));
#3990=VERTEX_POINT('',#3989);
#3991=CARTESIAN_POINT('',(1.,-1.5,0.235));
#3992=DIRECTION('',(0.,0.,1.));
#3993=VECTOR('',#3992,0.01);
#3994=LINE('',#3991,#3993);
#3995=EDGE_CURVE('',#3990,#3666,#3994,.T.);
#3996=ORIENTED_EDGE('',*,*,#3995,.F.);
#3997=CARTESIAN_POINT('',(1.,-1.5,0.235));
#3998=DIRECTION('',(0.,1.,0.));
#3999=VECTOR('',#3998,3.);
#4000=LINE('',#3997,#3999);
#4001=EDGE_CURVE('',#3990,#3966,#4000,.T.);
#4002=ORIENTED_EDGE('',*,*,#4001,.T.);
#4003=ORIENTED_EDGE('',*,*,#3971,.T.);
#4004=EDGE_LOOP('',(#3988,#3996,#4002,#4003));
#4005=FACE_BOUND('',#4004,.T.);
#4006=ADVANCED_FACE('',(#4005),#3987,.T.);
#4007=CARTESIAN_POINT('',(-0.,-1.5,0.235));
#4008=DIRECTION('',(0.,-1.,0.));
#4009=DIRECTION('',(0.,0.,-1.));
#4010=AXIS2_PLACEMENT_3D('',#4007,#4008,#4009);
#4011=PLANE('',#4010);
#4012=ORIENTED_EDGE('',*,*,#3671,.F.);
#4013=ORIENTED_EDGE('',*,*,#3954,.F.);
#4014=CARTESIAN_POINT('',(-1.,-1.5,0.235));
#4015=DIRECTION('',(1.,0.,-0.));
#4016=VECTOR('',#4015,2.);
#4017=LINE('',#4014,#4016);
#4018=EDGE_CURVE('',#3943,#3990,#4017,.T.);
#4019=ORIENTED_EDGE('',*,*,#4018,.T.);
#4020=ORIENTED_EDGE('',*,*,#3995,.T.);
#4021=EDGE_LOOP('',(#4012,#4013,#4019,#4020));
#4022=FACE_BOUND('',#4021,.T.);
#4023=ADVANCED_FACE('',(#4022),#4011,.T.);
#4024=CARTESIAN_POINT('',(0.,0.,0.235));
#4025=DIRECTION('',(0.,0.,-1.));
#4026=DIRECTION('',(-1.,0.,0.));
#4027=AXIS2_PLACEMENT_3D('',#4024,#4025,#4026);
#4028=PLANE('',#4027);
#4029=ORIENTED_EDGE('',*,*,#3948,.F.);
#4030=ORIENTED_EDGE('',*,*,#3977,.F.);
#4031=ORIENTED_EDGE('',*,*,#4001,.F.);
#4032=ORIENTED_EDGE('',*,*,#4018,.F.);
#4033=EDGE_LOOP('',(#4029,#4030,#4031,#4032));
#4034=FACE_BOUND('',#4033,.T.);
#4035=ADVANCED_FACE('',(#4034),#4028,.T.);
#4036=OVER_RIDING_STYLED_ITEM('',(#910),#4035,#3405);
#4037=CLOSED_SHELL('',(#3445,#3485,#3525,#3565,#3641,#3715,#3739,#3763,#3780,#3792,#3810,#3827,#3845,#3863,#3880,#3898,#3915,#3927,#3958,#3982,#4006,#4023,#4035));
#4038=MANIFOLD_SOLID_BREP('Imported 09',#4037);
#3405=STYLED_ITEM('',(#3355),#4038);
#3386=SHAPE_REPRESENTATION('Body002',(#15),#3384);
#3387=ADVANCED_BREP_SHAPE_REPRESENTATION('Body002',(#4038),#3384);
#4046=SHAPE_REPRESENTATION_RELATIONSHIP('','',#3386,#3387);
#4047=CARTESIAN_POINT('',(0.,0.,0.));
#4048=DIRECTION('',(0.,0.,1.));
#4049=DIRECTION('',(1.,0.,0.));
#4050=AXIS2_PLACEMENT_3D('',#4047,#4048,#4049);
#4052=MAPPED_ITEM('',#4051,#4050);
#4051=REPRESENTATION_MAP(#4050,#3386);
#3394=PRODUCT('Body002','Body002','',(#3372));
#4053=PRODUCT_RELATED_PRODUCT_CATEGORY('part','',(#3394));
#4054=PRODUCT_DEFINITION_FORMATION_WITH_SPECIFIED_SOURCE('','',#3394,.NOT_KNOWN.);
#3395=PRODUCT_DEFINITION('design','',#4054,#3373);
#3393=PRODUCT_DEFINITION_SHAPE('','',#3395);
#4055=SHAPE_DEFINITION_REPRESENTATION(#3393,#3386);
#3385=DRAUGHTING_MODEL('',(#4052),#3384);
#4056=(NAMED_UNIT(*)PLANE_ANGLE_UNIT()SI_UNIT($,.RADIAN.));
#4057=PLANE_ANGLE_MEASURE_WITH_UNIT(PLANE_ANGLE_MEASURE(0.0174532925),#4056);
#4058=(CONVERSION_BASED_UNIT('DEGREE',#4057)NAMED_UNIT(#4059)PLANE_ANGLE_UNIT());
#4059=DIMENSIONAL_EXPONENTS(0.,0.,0.,0.,0.,0.,0.);
#4060=(NAMED_UNIT(*)SI_UNIT($,.STERADIAN.)SOLID_ANGLE_UNIT());
#4061=(LENGTH_UNIT()NAMED_UNIT(*)SI_UNIT(.MILLI.,.METRE.));
#4062=UNCERTAINTY_MEASURE_WITH_UNIT(LENGTH_MEASURE(1.000000E-05),#4061,'DISTANCE_ACCURACY_VALUE','Maximum Tolerance applied to model');
#4063=(GEOMETRIC_REPRESENTATION_CONTEXT(3)GLOBAL_UNCERTAINTY_ASSIGNED_CONTEXT((#4062))GLOBAL_UNIT_ASSIGNED_CONTEXT((#4061,#4058,#4060))REPRESENTATION_CONTEXT('','Pin001'));
#4075=CARTESIAN_POINT('',(0.,0.,0.));
#4076=DIRECTION('',(0.,0.,1.));
#4077=DIRECTION('',(1.,0.,-0.));
#4078=AXIS2_PLACEMENT_3D('',#4075,#4076,#4077);
#4079=ITEM_DEFINED_TRANSFORMATION('','',#4078,#15);
#4080=(REPRESENTATION_RELATIONSHIP('','',#4065,#63)REPRESENTATION_RELATIONSHIP_WITH_TRANSFORMATION(#4079)SHAPE_REPRESENTATION_RELATIONSHIP());
#4081=NEXT_ASSEMBLY_USAGE_OCCURRENCE('Pin001_5','Pin001','Pin001',#72,#4074,$);
#4082=PRODUCT_DEFINITION_SHAPE('','',#4081);
#4083=CONTEXT_DEPENDENT_SHAPE_REPRESENTATION(#4080,#4082);
#4085=CARTESIAN_POINT('',(-3.1,2.16,0.25));
#4086=DIRECTION('',(1.,0.,0.));
#4087=DIRECTION('',(0.,0.,-1.));
#4088=AXIS2_PLACEMENT_3D('',#4085,#4086,#4087);
#4089=PLANE('',#4088);
#4090=CARTESIAN_POINT('',(-3.1,2.16,0.25));
#4091=VERTEX_POINT('',#4090);
#4092=CARTESIAN_POINT('',(-3.1,2.16,0.));
#4093=VERTEX_POINT('',#4092);
#4094=CARTESIAN_POINT('',(-3.1,2.16,0.25));
#4095=DIRECTION('',(0.,0.,-1.));
#4096=VECTOR('',#4095,0.25);
#4097=LINE('',#4094,#4096);
#4098=EDGE_CURVE('',#4091,#4093,#4097,.T.);
#4099=ORIENTED_EDGE('',*,*,#4098,.T.);
#4100=CARTESIAN_POINT('',(-3.1,1.65,0.));
#4101=VERTEX_POINT('',#4100);
#4102=CARTESIAN_POINT('',(-3.1,2.16,0.));
#4103=DIRECTION('',(-0.,-1.,-0.));
#4104=VECTOR('',#4103,0.51);
#4105=LINE('',#4102,#4104);
#4106=EDGE_CURVE('',#4093,#4101,#4105,.T.);
#4107=ORIENTED_EDGE('',*,*,#4106,.T.);
#4108=CARTESIAN_POINT('',(-3.1,1.65,0.25));
#4109=VERTEX_POINT('',#4108);
#4110=CARTESIAN_POINT('',(-3.1,1.65,0.25));
#4111=DIRECTION('',(-0.,-0.,-1.));
#4112=VECTOR('',#4111,0.25);
#4113=LINE('',#4110,#4112);
#4114=EDGE_CURVE('',#4109,#4101,#4113,.T.);
#4115=ORIENTED_EDGE('',*,*,#4114,.F.);
#4116=CARTESIAN_POINT('',(-3.1,2.16,0.25));
#4117=DIRECTION('',(-0.,-1.,-0.));
#4118=VECTOR('',#4117,0.51);
#4119=LINE('',#4116,#4118);
#4120=EDGE_CURVE('',#4091,#4109,#4119,.T.);
#4121=ORIENTED_EDGE('',*,*,#4120,.F.);
#4122=EDGE_LOOP('',(#4099,#4107,#4115,#4121));
#4123=FACE_BOUND('',#4122,.T.);
#4124=ADVANCED_FACE('',(#4123),#4089,.F.);
#4125=CARTESIAN_POINT('',(-3.1,2.16,0.));
#4126=DIRECTION('',(0.,0.,1.));
#4127=DIRECTION('',(1.,0.,0.));
#4128=AXIS2_PLACEMENT_3D('',#4125,#4126,#4127);
#4129=PLANE('',#4128);
#4130=CARTESIAN_POINT('',(-2.585,2.16,0.));
#4131=VERTEX_POINT('',#4130);
#4132=CARTESIAN_POINT('',(-3.1,2.16,0.));
#4133=DIRECTION('',(1.,0.,-0.));
#4134=VECTOR('',#4133,0.515);
#4135=LINE('',#4132,#4134);
#4136=EDGE_CURVE('',#4093,#4131,#4135,.T.);
#4137=ORIENTED_EDGE('',*,*,#4136,.T.);
#4138=CARTESIAN_POINT('',(-2.585,1.65,0.));
#4139=VERTEX_POINT('',#4138);
#4140=CARTESIAN_POINT('',(-2.585,2.16,0.));
#4141=DIRECTION('',(-0.,-1.,-0.));
#4142=VECTOR('',#4141,0.51);
#4143=LINE('',#4140,#4142);
#4144=EDGE_CURVE('',#4131,#4139,#4143,.T.);
#4145=ORIENTED_EDGE('',*,*,#4144,.T.);
#4146=CARTESIAN_POINT('',(-3.1,1.65,0.));
#4147=DIRECTION('',(1.,0.,-0.));
#4148=VECTOR('',#4147,0.515);
#4149=LINE('',#4146,#4148);
#4150=EDGE_CURVE('',#4101,#4139,#4149,.T.);
#4151=ORIENTED_EDGE('',*,*,#4150,.F.);
#4152=ORIENTED_EDGE('',*,*,#4106,.F.);
#4153=EDGE_LOOP('',(#4137,#4145,#4151,#4152));
#4154=FACE_BOUND('',#4153,.T.);
#4155=ADVANCED_FACE('',(#4154),#4129,.F.);
#4156=CARTESIAN_POINT('',(-2.585,2.16,0.32));
#4157=DIRECTION('',(-0.,1.,0.));
#4158=DIRECTION('',(1.,0.,0.));
#4159=AXIS2_PLACEMENT_3D('',#4156,#4157,#4158);
#4160=CYLINDRICAL_SURFACE('',#4159,0.32);
#4161=CARTESIAN_POINT('',(-2.265,2.16,0.32));
#4162=VERTEX_POINT('',#4161);
#4163=CARTESIAN_POINT('',(-2.585,2.16,0.32));
#4164=DIRECTION('',(-0.,-1.,-0.));
#4165=DIRECTION('',(0.,-0.,1.));
#4166=AXIS2_PLACEMENT_3D('',#4163,#4164,#4165);
#4167=CIRCLE('',#4166,0.32);
#4168=EDGE_CURVE('',#4131,#4162,#4167,.T.);
#4169=ORIENTED_EDGE('',*,*,#4168,.T.);
#4170=CARTESIAN_POINT('',(-2.265,1.65,0.32));
#4171=VERTEX_POINT('',#4170);
#4172=CARTESIAN_POINT('',(-2.265,2.16,0.32));
#4173=DIRECTION('',(-0.,-1.,-0.));
#4174=VECTOR('',#4173,0.51);
#4175=LINE('',#4172,#4174);
#4176=EDGE_CURVE('',#4162,#4171,#4175,.T.);
#4177=ORIENTED_EDGE('',*,*,#4176,.T.);
#4178=CARTESIAN_POINT('',(-2.585,1.65,0.32));
#4179=DIRECTION('',(-0.,-1.,-0.));
#4180=DIRECTION('',(0.,-0.,1.));
#4181=AXIS2_PLACEMENT_3D('',#4178,#4179,#4180);
#4182=CIRCLE('',#4181,0.32);
#4183=EDGE_CURVE('',#4139,#4171,#4182,.T.);
#4184=ORIENTED_EDGE('',*,*,#4183,.F.);
#4185=ORIENTED_EDGE('',*,*,#4144,.F.);
#4186=EDGE_LOOP('',(#4169,#4177,#4184,#4185));
#4187=FACE_BOUND('',#4186,.T.);
#4188=ADVANCED_FACE('',(#4187),#4160,.T.);
#4189=CARTESIAN_POINT('',(-2.265,2.16,0.32));
#4190=DIRECTION('',(-1.,0.,0.));
#4191=DIRECTION('',(0.,0.,1.));
#4192=AXIS2_PLACEMENT_3D('',#4189,#4190,#4191);
#4193=PLANE('',#4192);
#4194=CARTESIAN_POINT('',(-2.265,2.16,0.705));
#4195=VERTEX_POINT('',#4194);
#4196=CARTESIAN_POINT('',(-2.265,2.16,0.32));
#4197=DIRECTION('',(0.,0.,1.));
#4198=VECTOR('',#4197,0.385);
#4199=LINE('',#4196,#4198);
#4200=EDGE_CURVE('',#4162,#4195,#4199,.T.);
#4201=ORIENTED_EDGE('',*,*,#4200,.T.);
#4202=CARTESIAN_POINT('',(-2.265,1.65,0.705));
#4203=VERTEX_POINT('',#4202);
#4204=CARTESIAN_POINT('',(-2.265,2.16,0.705));
#4205=DIRECTION('',(-0.,-1.,-0.));
#4206=VECTOR('',#4205,0.51);
#4207=LINE('',#4204,#4206);
#4208=EDGE_CURVE('',#4195,#4203,#4207,.T.);
#4209=ORIENTED_EDGE('',*,*,#4208,.T.);
#4210=CARTESIAN_POINT('',(-2.265,1.65,0.32));
#4211=DIRECTION('',(0.,0.,1.));
#4212=VECTOR('',#4211,0.385);
#4213=LINE('',#4210,#4212);
#4214=EDGE_CURVE('',#4171,#4203,#4213,.T.);
#4215=ORIENTED_EDGE('',*,*,#4214,.F.);
#4216=ORIENTED_EDGE('',*,*,#4176,.F.);
#4217=EDGE_LOOP('',(#4201,#4209,#4215,#4216));
#4218=FACE_BOUND('',#4217,.T.);
#4219=ADVANCED_FACE('',(#4218),#4193,.F.);
#4220=CARTESIAN_POINT('',(-2.195,2.16,0.705));
#4221=DIRECTION('',(-0.,1.,0.));
#4222=DIRECTION('',(1.,0.,0.));
#4223=AXIS2_PLACEMENT_3D('',#4220,#4221,#4222);
#4224=CYLINDRICAL_SURFACE('',#4223,0.07);
#4225=CARTESIAN_POINT('',(-2.195,2.16,0.775));
#4226=VERTEX_POINT('',#4225);
#4227=CARTESIAN_POINT('',(-2.195,1.65,0.775));
#4228=VERTEX_POINT('',#4227);
#4229=CARTESIAN_POINT('',(-2.195,2.16,0.775));
#4230=DIRECTION('',(-0.,-1.,-0.));
#4231=VECTOR('',#4230,0.51);
#4232=LINE('',#4229,#4231);
#4233=EDGE_CURVE('',#4226,#4228,#4232,.T.);
#4234=ORIENTED_EDGE('',*,*,#4233,.T.);
#4235=CARTESIAN_POINT('',(-2.195,1.65,0.705));
#4236=DIRECTION('',(-0.,-1.,-0.));
#4237=DIRECTION('',(0.,-0.,1.));
#4238=AXIS2_PLACEMENT_3D('',#4235,#4236,#4237);
#4239=CIRCLE('',#4238,0.07);
#4240=EDGE_CURVE('',#4228,#4203,#4239,.T.);
#4241=ORIENTED_EDGE('',*,*,#4240,.T.);
#4242=ORIENTED_EDGE('',*,*,#4208,.F.);
#4243=CARTESIAN_POINT('',(-2.195,2.16,0.705));
#4244=DIRECTION('',(-0.,-1.,-0.));
#4245=DIRECTION('',(0.,-0.,1.));
#4246=AXIS2_PLACEMENT_3D('',#4243,#4244,#4245);
#4247=CIRCLE('',#4246,0.07);
#4248=EDGE_CURVE('',#4226,#4195,#4247,.T.);
#4249=ORIENTED_EDGE('',*,*,#4248,.F.);
#4250=EDGE_LOOP('',(#4234,#4241,#4242,#4249));
#4251=FACE_BOUND('',#4250,.T.);
#4252=ADVANCED_FACE('',(#4251),#4224,.F.);
#4253=CARTESIAN_POINT('',(-2.195,2.16,0.775));
#4254=DIRECTION('',(0.,0.,1.));
#4255=DIRECTION('',(1.,0.,0.));
#4256=AXIS2_PLACEMENT_3D('',#4253,#4254,#4255);
#4257=PLANE('',#4256);
#4258=CARTESIAN_POINT('',(-1.9,2.16,0.775));
#4259=VERTEX_POINT('',#4258);
#4260=CARTESIAN_POINT('',(-2.195,2.16,0.775));
#4261=DIRECTION('',(1.,0.,-0.));
#4262=VECTOR('',#4261,0.295);
#4263=LINE('',#4260,#4262);
#4264=EDGE_CURVE('',#4226,#4259,#4263,.T.);
#4265=ORIENTED_EDGE('',*,*,#4264,.T.);
#4266=CARTESIAN_POINT('',(-1.9,1.65,0.775));
#4267=VERTEX_POINT('',#4266);
#4268=CARTESIAN_POINT('',(-1.9,2.16,0.775));
#4269=DIRECTION('',(-0.,-1.,-0.));
#4270=VECTOR('',#4269,0.51);
#4271=LINE('',#4268,#4270);
#4272=EDGE_CURVE('',#4259,#4267,#4271,.T.);
#4273=ORIENTED_EDGE('',*,*,#4272,.T.);
#4274=CARTESIAN_POINT('',(-2.195,1.65,0.775));
#4275=DIRECTION('',(1.,0.,-0.));
#4276=VECTOR('',#4275,0.295);
#4277=LINE('',#4274,#4276);
#4278=EDGE_CURVE('',#4228,#4267,#4277,.T.);
#4279=ORIENTED_EDGE('',*,*,#4278,.F.);
#4280=ORIENTED_EDGE('',*,*,#4233,.F.);
#4281=EDGE_LOOP('',(#4265,#4273,#4279,#4280));
#4282=FACE_BOUND('',#4281,.T.);
#4283=ADVANCED_FACE('',(#4282),#4257,.F.);
#4284=CARTESIAN_POINT('',(-1.9,2.16,1.025));
#4285=DIRECTION('',(1.,0.,0.));
#4286=DIRECTION('',(0.,0.,-1.));
#4287=AXIS2_PLACEMENT_3D('',#4284,#4285,#4286);
#4288=PLANE('',#4287);
#4289=CARTESIAN_POINT('',(-1.9,2.16,1.025));
#4290=VERTEX_POINT('',#4289);
#4291=CARTESIAN_POINT('',(-1.9,1.65,1.025));
#4292=VERTEX_POINT('',#4291);
#4293=CARTESIAN_POINT('',(-1.9,2.16,1.025));
#4294=DIRECTION('',(-0.,-1.,-0.));
#4295=VECTOR('',#4294,0.51);
#4296=LINE('',#4293,#4295);
#4297=EDGE_CURVE('',#4290,#4292,#4296,.T.);
#4298=ORIENTED_EDGE('',*,*,#4297,.T.);
#4299=CARTESIAN_POINT('',(-1.9,1.65,1.025));
#4300=DIRECTION('',(0.,0.,-1.));
#4301=VECTOR('',#4300,0.25);
#4302=LINE('',#4299,#4301);
#4303=EDGE_CURVE('',#4292,#4267,#4302,.T.);
#4304=ORIENTED_EDGE('',*,*,#4303,.T.);
#4305=ORIENTED_EDGE('',*,*,#4272,.F.);
#4306=CARTESIAN_POINT('',(-1.9,2.16,1.025));
#4307=DIRECTION('',(-0.,-0.,-1.));
#4308=VECTOR('',#4307,0.25);
#4309=LINE('',#4306,#4308);
#4310=EDGE_CURVE('',#4290,#4259,#4309,.T.);
#4311=ORIENTED_EDGE('',*,*,#4310,.F.);
#4312=EDGE_LOOP('',(#4298,#4304,#4305,#4311));
#4313=FACE_BOUND('',#4312,.T.);
#4314=ADVANCED_FACE('',(#4313),#4288,.T.);
#4315=CARTESIAN_POINT('',(-2.195,2.16,1.025));
#4316=DIRECTION('',(0.,0.,1.));
#4317=DIRECTION('',(1.,0.,0.));
#4318=AXIS2_PLACEMENT_3D('',#4315,#4316,#4317);
#4319=PLANE('',#4318);
#4320=CARTESIAN_POINT('',(-2.195,2.16,1.025));
#4321=VERTEX_POINT('',#4320);
#4322=CARTESIAN_POINT('',(-2.195,1.65,1.025));
#4323=VERTEX_POINT('',#4322);
#4324=CARTESIAN_POINT('',(-2.195,2.16,1.025));
#4325=DIRECTION('',(-0.,-1.,-0.));
#4326=VECTOR('',#4325,0.51);
#4327=LINE('',#4324,#4326);
#4328=EDGE_CURVE('',#4321,#4323,#4327,.T.);
#4329=ORIENTED_EDGE('',*,*,#4328,.T.);
#4330=CARTESIAN_POINT('',(-2.195,1.65,1.025));
#4331=DIRECTION('',(1.,0.,-0.));
#4332=VECTOR('',#4331,0.295);
#4333=LINE('',#4330,#4332);
#4334=EDGE_CURVE('',#4323,#4292,#4333,.T.);
#4335=ORIENTED_EDGE('',*,*,#4334,.T.);
#4336=ORIENTED_EDGE('',*,*,#4297,.F.);
#4337=CARTESIAN_POINT('',(-2.195,2.16,1.025));
#4338=DIRECTION('',(1.,0.,-0.));
#4339=VECTOR('',#4338,0.295);
#4340=LINE('',#4337,#4339);
#4341=EDGE_CURVE('',#4321,#4290,#4340,.T.);
#4342=ORIENTED_EDGE('',*,*,#4341,.F.);
#4343=EDGE_LOOP('',(#4329,#4335,#4336,#4342));
#4344=FACE_BOUND('',#4343,.T.);
#4345=ADVANCED_FACE('',(#4344),#4319,.T.);
#4346=CARTESIAN_POINT('',(-2.195,2.16,0.705));
#4347=DIRECTION('',(-0.,1.,0.));
#4348=DIRECTION('',(1.,0.,0.));
#4349=AXIS2_PLACEMENT_3D('',#4346,#4347,#4348);
#4350=CYLINDRICAL_SURFACE('',#4349,0.32);
#4351=CARTESIAN_POINT('',(-2.515,2.16,0.705));
#4352=VERTEX_POINT('',#4351);
#4353=CARTESIAN_POINT('',(-2.195,2.16,0.705));
#4354=DIRECTION('',(-0.,-1.,-0.));
#4355=DIRECTION('',(0.,-0.,1.));
#4356=AXIS2_PLACEMENT_3D('',#4353,#4354,#4355);
#4357=CIRCLE('',#4356,0.32);
#4358=EDGE_CURVE('',#4321,#4352,#4357,.T.);
#4359=ORIENTED_EDGE('',*,*,#4358,.T.);
#4360=CARTESIAN_POINT('',(-2.515,1.65,0.705));
#4361=VERTEX_POINT('',#4360);
#4362=CARTESIAN_POINT('',(-2.515,2.16,0.705));
#4363=DIRECTION('',(-0.,-1.,-0.));
#4364=VECTOR('',#4363,0.51);
#4365=LINE('',#4362,#4364);
#4366=EDGE_CURVE('',#4352,#4361,#4365,.T.);
#4367=ORIENTED_EDGE('',*,*,#4366,.T.);
#4368=CARTESIAN_POINT('',(-2.195,1.65,0.705));
#4369=DIRECTION('',(-0.,-1.,-0.));
#4370=DIRECTION('',(0.,-0.,1.));
#4371=AXIS2_PLACEMENT_3D('',#4368,#4369,#4370);
#4372=CIRCLE('',#4371,0.32);
#4373=EDGE_CURVE('',#4323,#4361,#4372,.T.);
#4374=ORIENTED_EDGE('',*,*,#4373,.F.);
#4375=ORIENTED_EDGE('',*,*,#4328,.F.);
#4376=EDGE_LOOP('',(#4359,#4367,#4374,#4375));
#4377=FACE_BOUND('',#4376,.T.);
#4378=ADVANCED_FACE('',(#4377),#4350,.T.);
#4379=CARTESIAN_POINT('',(-2.515,2.16,0.32));
#4380=DIRECTION('',(-1.,0.,0.));
#4381=DIRECTION('',(0.,0.,1.));
#4382=AXIS2_PLACEMENT_3D('',#4379,#4380,#4381);
#4383=PLANE('',#4382);
#4384=CARTESIAN_POINT('',(-2.515,2.16,0.32));
#4385=VERTEX_POINT('',#4384);
#4386=CARTESIAN_POINT('',(-2.515,1.65,0.32));
#4387=VERTEX_POINT('',#4386);
#4388=CARTESIAN_POINT('',(-2.515,2.16,0.32));
#4389=DIRECTION('',(-0.,-1.,-0.));
#4390=VECTOR('',#4389,0.51);
#4391=LINE('',#4388,#4390);
#4392=EDGE_CURVE('',#4385,#4387,#4391,.T.);
#4393=ORIENTED_EDGE('',*,*,#4392,.T.);
#4394=CARTESIAN_POINT('',(-2.515,1.65,0.32));
#4395=DIRECTION('',(0.,0.,1.));
#4396=VECTOR('',#4395,0.385);
#4397=LINE('',#4394,#4396);
#4398=EDGE_CURVE('',#4387,#4361,#4397,.T.);
#4399=ORIENTED_EDGE('',*,*,#4398,.T.);
#4400=ORIENTED_EDGE('',*,*,#4366,.F.);
#4401=CARTESIAN_POINT('',(-2.515,2.16,0.32));
#4402=DIRECTION('',(0.,0.,1.));
#4403=VECTOR('',#4402,0.385);
#4404=LINE('',#4401,#4403);
#4405=EDGE_CURVE('',#4385,#4352,#4404,.T.);
#4406=ORIENTED_EDGE('',*,*,#4405,.F.);
#4407=EDGE_LOOP('',(#4393,#4399,#4400,#4406));
#4408=FACE_BOUND('',#4407,.T.);
#4409=ADVANCED_FACE('',(#4408),#4383,.T.);
#4410=CARTESIAN_POINT('',(-2.585,2.16,0.32));
#4411=DIRECTION('',(-0.,1.,0.));
#4412=DIRECTION('',(1.,0.,0.));
#4413=AXIS2_PLACEMENT_3D('',#4410,#4411,#4412);
#4414=CYLINDRICAL_SURFACE('',#4413,0.07);
#4415=CARTESIAN_POINT('',(-2.585,2.16,0.25));
#4416=VERTEX_POINT('',#4415);
#4417=CARTESIAN_POINT('',(-2.585,1.65,0.25));
#4418=VERTEX_POINT('',#4417);
#4419=CARTESIAN_POINT('',(-2.585,2.16,0.25));
#4420=DIRECTION('',(-0.,-1.,-0.));
#4421=VECTOR('',#4420,0.51);
#4422=LINE('',#4419,#4421);
#4423=EDGE_CURVE('',#4416,#4418,#4422,.T.);
#4424=ORIENTED_EDGE('',*,*,#4423,.T.);
#4425=CARTESIAN_POINT('',(-2.585,1.65,0.32));
#4426=DIRECTION('',(-0.,-1.,-0.));
#4427=DIRECTION('',(0.,-0.,1.));
#4428=AXIS2_PLACEMENT_3D('',#4425,#4426,#4427);
#4429=CIRCLE('',#4428,0.07);
#4430=EDGE_CURVE('',#4418,#4387,#4429,.T.);
#4431=ORIENTED_EDGE('',*,*,#4430,.T.);
#4432=ORIENTED_EDGE('',*,*,#4392,.F.);
#4433=CARTESIAN_POINT('',(-2.585,2.16,0.32));
#4434=DIRECTION('',(-0.,-1.,-0.));
#4435=DIRECTION('',(0.,-0.,1.));
#4436=AXIS2_PLACEMENT_3D('',#4433,#4434,#4435);
#4437=CIRCLE('',#4436,0.07);
#4438=EDGE_CURVE('',#4416,#4385,#4437,.T.);
#4439=ORIENTED_EDGE('',*,*,#4438,.F.);
#4440=EDGE_LOOP('',(#4424,#4431,#4432,#4439));
#4441=FACE_BOUND('',#4440,.T.);
#4442=ADVANCED_FACE('',(#4441),#4414,.F.);
#4443=CARTESIAN_POINT('',(-3.1,2.16,0.25));
#4444=DIRECTION('',(0.,0.,1.));
#4445=DIRECTION('',(1.,0.,0.));
#4446=AXIS2_PLACEMENT_3D('',#4443,#4444,#4445);
#4447=PLANE('',#4446);
#4448=ORIENTED_EDGE('',*,*,#4120,.T.);
#4449=CARTESIAN_POINT('',(-3.1,1.65,0.25));
#4450=DIRECTION('',(1.,0.,-0.));
#4451=VECTOR('',#4450,0.515);
#4452=LINE('',#4449,#4451);
#4453=EDGE_CURVE('',#4109,#4418,#4452,.T.);
#4454=ORIENTED_EDGE('',*,*,#4453,.T.);
#4455=ORIENTED_EDGE('',*,*,#4423,.F.);
#4456=CARTESIAN_POINT('',(-3.1,2.16,0.25));
#4457=DIRECTION('',(1.,0.,-0.));
#4458=VECTOR('',#4457,0.515);
#4459=LINE('',#4456,#4458);
#4460=EDGE_CURVE('',#4091,#4416,#4459,.T.);
#4461=ORIENTED_EDGE('',*,*,#4460,.F.);
#4462=EDGE_LOOP('',(#4448,#4454,#4455,#4461));
#4463=FACE_BOUND('',#4462,.T.);
#4464=ADVANCED_FACE('',(#4463),#4447,.T.);
#4465=CARTESIAN_POINT('',(-2.467780726,2.16,0.470927543));
#4466=DIRECTION('',(0.,1.,0.));
#4467=DIRECTION('',(0.,0.,1.));
#4468=AXIS2_PLACEMENT_3D('',#4465,#4466,#4467);
#4469=PLANE('',#4468);
#4470=ORIENTED_EDGE('',*,*,#4460,.T.);
#4471=ORIENTED_EDGE('',*,*,#4438,.T.);
#4472=ORIENTED_EDGE('',*,*,#4405,.T.);
#4473=ORIENTED_EDGE('',*,*,#4358,.F.);
#4474=ORIENTED_EDGE('',*,*,#4341,.T.);
#4475=ORIENTED_EDGE('',*,*,#4310,.T.);
#4476=ORIENTED_EDGE('',*,*,#4264,.F.);
#4477=ORIENTED_EDGE('',*,*,#4248,.T.);
#4478=ORIENTED_EDGE('',*,*,#4200,.F.);
#4479=ORIENTED_EDGE('',*,*,#4168,.F.);
#4480=ORIENTED_EDGE('',*,*,#4136,.F.);
#4481=ORIENTED_EDGE('',*,*,#4098,.F.);
#4482=EDGE_LOOP('',(#4470,#4471,#4472,#4473,#4474,#4475,#4476,#4477,#4478,#4479,#4480,#4481));
#4483=FACE_BOUND('',#4482,.T.);
#4484=ADVANCED_FACE('',(#4483),#4469,.T.);
#4485=CARTESIAN_POINT('',(-2.467780726,1.65,0.470927543));
#4486=DIRECTION('',(0.,1.,0.));
#4487=DIRECTION('',(0.,0.,1.));
#4488=AXIS2_PLACEMENT_3D('',#4485,#4486,#4487);
#4489=PLANE('',#4488);
#4490=ORIENTED_EDGE('',*,*,#4114,.T.);
#4491=ORIENTED_EDGE('',*,*,#4150,.T.);
#4492=ORIENTED_EDGE('',*,*,#4183,.T.);
#4493=ORIENTED_EDGE('',*,*,#4214,.T.);
#4494=ORIENTED_EDGE('',*,*,#4240,.F.);
#4495=ORIENTED_EDGE('',*,*,#4278,.T.);
#4496=ORIENTED_EDGE('',*,*,#4303,.F.);
#4497=ORIENTED_EDGE('',*,*,#4334,.F.);
#4498=ORIENTED_EDGE('',*,*,#4373,.T.);
#4499=ORIENTED_EDGE('',*,*,#4398,.F.);
#4500=ORIENTED_EDGE('',*,*,#4430,.F.);
#4501=ORIENTED_EDGE('',*,*,#4453,.F.);
#4502=EDGE_LOOP('',(#4490,#4491,#4492,#4493,#4494,#4495,#4496,#4497,#4498,#4499,#4500,#4501));
#4503=FACE_BOUND('',#4502,.T.);
#4504=ADVANCED_FACE('',(#4503),#4489,.F.);
#4505=CLOSED_SHELL('',(#4124,#4155,#4188,#4219,#4252,#4283,#4314,#4345,#4378,#4409,#4442,#4464,#4484,#4504));
#4506=MANIFOLD_SOLID_BREP('Imported 08',#4505);
#4084=STYLED_ITEM('',(#910),#4506);
#4065=SHAPE_REPRESENTATION('Pin001',(#15),#4063);
#4066=ADVANCED_BREP_SHAPE_REPRESENTATION('Pin001',(#4506),#4063);
#4514=SHAPE_REPRESENTATION_RELATIONSHIP('','',#4065,#4066);
#4515=CARTESIAN_POINT('',(0.,0.,0.));
#4516=DIRECTION('',(0.,0.,1.));
#4517=DIRECTION('',(1.,0.,0.));
#4518=AXIS2_PLACEMENT_3D('',#4515,#4516,#4517);
#4520=MAPPED_ITEM('',#4519,#4518);
#4519=REPRESENTATION_MAP(#4518,#4065);
#4073=PRODUCT('Pin001','Pin001','',(#3372));
#4521=PRODUCT_RELATED_PRODUCT_CATEGORY('part','',(#4073));
#4522=PRODUCT_DEFINITION_FORMATION_WITH_SPECIFIED_SOURCE('','',#4073,.NOT_KNOWN.);
#4074=PRODUCT_DEFINITION('design','',#4522,#3373);
#4072=PRODUCT_DEFINITION_SHAPE('','',#4074);
#4523=SHAPE_DEFINITION_REPRESENTATION(#4072,#4065);
#4064=DRAUGHTING_MODEL('',(#4520),#4063);
#4524=(NAMED_UNIT(*)PLANE_ANGLE_UNIT()SI_UNIT($,.RADIAN.));
#4525=PLANE_ANGLE_MEASURE_WITH_UNIT(PLANE_ANGLE_MEASURE(0.0174532925),#4524);
#4526=(CONVERSION_BASED_UNIT('DEGREE',#4525)NAMED_UNIT(#4527)PLANE_ANGLE_UNIT());
#4527=DIMENSIONAL_EXPONENTS(0.,0.,0.,0.,0.,0.,0.);
#4528=(NAMED_UNIT(*)SI_UNIT($,.STERADIAN.)SOLID_ANGLE_UNIT());
#4529=(LENGTH_UNIT()NAMED_UNIT(*)SI_UNIT(.MILLI.,.METRE.));
#4530=UNCERTAINTY_MEASURE_WITH_UNIT(LENGTH_MEASURE(1.000000E-05),#4529,'DISTANCE_ACCURACY_VALUE','Maximum Tolerance applied to model');
#4531=(GEOMETRIC_REPRESENTATION_CONTEXT(3)GLOBAL_UNCERTAINTY_ASSIGNED_CONTEXT((#4530))GLOBAL_UNIT_ASSIGNED_CONTEXT((#4529,#4526,#4528))REPRESENTATION_CONTEXT('','Pin002'));
#4543=CARTESIAN_POINT('',(0.,0.,0.));
#4544=DIRECTION('',(0.,0.,1.));
#4545=DIRECTION('',(1.,0.,-0.));
#4546=AXIS2_PLACEMENT_3D('',#4543,#4544,#4545);
#4547=ITEM_DEFINED_TRANSFORMATION('','',#4546,#15);
#4548=(REPRESENTATION_RELATIONSHIP('','',#4533,#63)REPRESENTATION_RELATIONSHIP_WITH_TRANSFORMATION(#4547)SHAPE_REPRESENTATION_RELATIONSHIP());
#4549=NEXT_ASSEMBLY_USAGE_OCCURRENCE('Pin002_6','Pin002','Pin002',#72,#4542,$);
#4550=PRODUCT_DEFINITION_SHAPE('','',#4549);
#4551=CONTEXT_DEPENDENT_SHAPE_REPRESENTATION(#4548,#4550);
#4553=CARTESIAN_POINT('',(-3.1,0.89,0.25));
#4554=DIRECTION('',(1.,0.,0.));
#4555=DIRECTION('',(0.,0.,-1.));
#4556=AXIS2_PLACEMENT_3D('',#4553,#4554,#4555);
#4557=PLANE('',#4556);
#4558=CARTESIAN_POINT('',(-3.1,0.89,0.25));
#4559=VERTEX_POINT('',#4558);
#4560=CARTESIAN_POINT('',(-3.1,0.89,0.));
#4561=VERTEX_POINT('',#4560);
#4562=CARTESIAN_POINT('',(-3.1,0.89,0.25));
#4563=DIRECTION('',(0.,0.,-1.));
#4564=VECTOR('',#4563,0.25);
#4565=LINE('',#4562,#4564);
#4566=EDGE_CURVE('',#4559,#4561,#4565,.T.);
#4567=ORIENTED_EDGE('',*,*,#4566,.T.);
#4568=CARTESIAN_POINT('',(-3.1,0.38,0.));
#4569=VERTEX_POINT('',#4568);
#4570=CARTESIAN_POINT('',(-3.1,0.89,0.));
#4571=DIRECTION('',(-0.,-1.,-0.));
#4572=VECTOR('',#4571,0.51);
#4573=LINE('',#4570,#4572);
#4574=EDGE_CURVE('',#4561,#4569,#4573,.T.);
#4575=ORIENTED_EDGE('',*,*,#4574,.T.);
#4576=CARTESIAN_POINT('',(-3.1,0.38,0.25));
#4577=VERTEX_POINT('',#4576);
#4578=CARTESIAN_POINT('',(-3.1,0.38,0.25));
#4579=DIRECTION('',(-0.,-0.,-1.));
#4580=VECTOR('',#4579,0.25);
#4581=LINE('',#4578,#4580);
#4582=EDGE_CURVE('',#4577,#4569,#4581,.T.);
#4583=ORIENTED_EDGE('',*,*,#4582,.F.);
#4584=CARTESIAN_POINT('',(-3.1,0.89,0.25));
#4585=DIRECTION('',(-0.,-1.,-0.));
#4586=VECTOR('',#4585,0.51);
#4587=LINE('',#4584,#4586);
#4588=EDGE_CURVE('',#4559,#4577,#4587,.T.);
#4589=ORIENTED_EDGE('',*,*,#4588,.F.);
#4590=EDGE_LOOP('',(#4567,#4575,#4583,#4589));
#4591=FACE_BOUND('',#4590,.T.);
#4592=ADVANCED_FACE('',(#4591),#4557,.F.);
#4593=CARTESIAN_POINT('',(-3.1,0.89,0.));
#4594=DIRECTION('',(0.,0.,1.));
#4595=DIRECTION('',(1.,0.,0.));
#4596=AXIS2_PLACEMENT_3D('',#4593,#4594,#4595);
#4597=PLANE('',#4596);
#4598=CARTESIAN_POINT('',(-2.585,0.89,0.));
#4599=VERTEX_POINT('',#4598);
#4600=CARTESIAN_POINT('',(-3.1,0.89,0.));
#4601=DIRECTION('',(1.,0.,-0.));
#4602=VECTOR('',#4601,0.515);
#4603=LINE('',#4600,#4602);
#4604=EDGE_CURVE('',#4561,#4599,#4603,.T.);
#4605=ORIENTED_EDGE('',*,*,#4604,.T.);
#4606=CARTESIAN_POINT('',(-2.585,0.38,0.));
#4607=VERTEX_POINT('',#4606);
#4608=CARTESIAN_POINT('',(-2.585,0.89,0.));
#4609=DIRECTION('',(-0.,-1.,-0.));
#4610=VECTOR('',#4609,0.51);
#4611=LINE('',#4608,#4610);
#4612=EDGE_CURVE('',#4599,#4607,#4611,.T.);
#4613=ORIENTED_EDGE('',*,*,#4612,.T.);
#4614=CARTESIAN_POINT('',(-3.1,0.38,0.));
#4615=DIRECTION('',(1.,0.,-0.));
#4616=VECTOR('',#4615,0.515);
#4617=LINE('',#4614,#4616);
#4618=EDGE_CURVE('',#4569,#4607,#4617,.T.);
#4619=ORIENTED_EDGE('',*,*,#4618,.F.);
#4620=ORIENTED_EDGE('',*,*,#4574,.F.);
#4621=EDGE_LOOP('',(#4605,#4613,#4619,#4620));
#4622=FACE_BOUND('',#4621,.T.);
#4623=ADVANCED_FACE('',(#4622),#4597,.F.);
#4624=CARTESIAN_POINT('',(-2.585,0.89,0.32));
#4625=DIRECTION('',(-0.,1.,0.));
#4626=DIRECTION('',(1.,0.,0.));
#4627=AXIS2_PLACEMENT_3D('',#4624,#4625,#4626);
#4628=CYLINDRICAL_SURFACE('',#4627,0.32);
#4629=CARTESIAN_POINT('',(-2.265,0.89,0.32));
#4630=VERTEX_POINT('',#4629);
#4631=CARTESIAN_POINT('',(-2.585,0.89,0.32));
#4632=DIRECTION('',(-0.,-1.,-0.));
#4633=DIRECTION('',(0.,-0.,1.));
#4634=AXIS2_PLACEMENT_3D('',#4631,#4632,#4633);
#4635=CIRCLE('',#4634,0.32);
#4636=EDGE_CURVE('',#4599,#4630,#4635,.T.);
#4637=ORIENTED_EDGE('',*,*,#4636,.T.);
#4638=CARTESIAN_POINT('',(-2.265,0.38,0.32));
#4639=VERTEX_POINT('',#4638);
#4640=CARTESIAN_POINT('',(-2.265,0.89,0.32));
#4641=DIRECTION('',(-0.,-1.,-0.));
#4642=VECTOR('',#4641,0.51);
#4643=LINE('',#4640,#4642);
#4644=EDGE_CURVE('',#4630,#4639,#4643,.T.);
#4645=ORIENTED_EDGE('',*,*,#4644,.T.);
#4646=CARTESIAN_POINT('',(-2.585,0.38,0.32));
#4647=DIRECTION('',(-0.,-1.,-0.));
#4648=DIRECTION('',(0.,-0.,1.));
#4649=AXIS2_PLACEMENT_3D('',#4646,#4647,#4648);
#4650=CIRCLE('',#4649,0.32);
#4651=EDGE_CURVE('',#4607,#4639,#4650,.T.);
#4652=ORIENTED_EDGE('',*,*,#4651,.F.);
#4653=ORIENTED_EDGE('',*,*,#4612,.F.);
#4654=EDGE_LOOP('',(#4637,#4645,#4652,#4653));
#4655=FACE_BOUND('',#4654,.T.);
#4656=ADVANCED_FACE('',(#4655),#4628,.T.);
#4657=CARTESIAN_POINT('',(-2.265,0.89,0.32));
#4658=DIRECTION('',(-1.,0.,0.));
#4659=DIRECTION('',(0.,0.,1.));
#4660=AXIS2_PLACEMENT_3D('',#4657,#4658,#4659);
#4661=PLANE('',#4660);
#4662=CARTESIAN_POINT('',(-2.265,0.89,0.705));
#4663=VERTEX_POINT('',#4662);
#4664=CARTESIAN_POINT('',(-2.265,0.89,0.32));
#4665=DIRECTION('',(0.,0.,1.));
#4666=VECTOR('',#4665,0.385);
#4667=LINE('',#4664,#4666);
#4668=EDGE_CURVE('',#4630,#4663,#4667,.T.);
#4669=ORIENTED_EDGE('',*,*,#4668,.T.);
#4670=CARTESIAN_POINT('',(-2.265,0.38,0.705));
#4671=VERTEX_POINT('',#4670);
#4672=CARTESIAN_POINT('',(-2.265,0.89,0.705));
#4673=DIRECTION('',(-0.,-1.,-0.));
#4674=VECTOR('',#4673,0.51);
#4675=LINE('',#4672,#4674);
#4676=EDGE_CURVE('',#4663,#4671,#4675,.T.);
#4677=ORIENTED_EDGE('',*,*,#4676,.T.);
#4678=CARTESIAN_POINT('',(-2.265,0.38,0.32));
#4679=DIRECTION('',(0.,0.,1.));
#4680=VECTOR('',#4679,0.385);
#4681=LINE('',#4678,#4680);
#4682=EDGE_CURVE('',#4639,#4671,#4681,.T.);
#4683=ORIENTED_EDGE('',*,*,#4682,.F.);
#4684=ORIENTED_EDGE('',*,*,#4644,.F.);
#4685=EDGE_LOOP('',(#4669,#4677,#4683,#4684));
#4686=FACE_BOUND('',#4685,.T.);
#4687=ADVANCED_FACE('',(#4686),#4661,.F.);
#4688=CARTESIAN_POINT('',(-2.195,0.89,0.705));
#4689=DIRECTION('',(-0.,1.,0.));
#4690=DIRECTION('',(1.,0.,0.));
#4691=AXIS2_PLACEMENT_3D('',#4688,#4689,#4690);
#4692=CYLINDRICAL_SURFACE('',#4691,0.07);
#4693=CARTESIAN_POINT('',(-2.195,0.89,0.775));
#4694=VERTEX_POINT('',#4693);
#4695=CARTESIAN_POINT('',(-2.195,0.38,0.775));
#4696=VERTEX_POINT('',#4695);
#4697=CARTESIAN_POINT('',(-2.195,0.89,0.775));
#4698=DIRECTION('',(-0.,-1.,-0.));
#4699=VECTOR('',#4698,0.51);
#4700=LINE('',#4697,#4699);
#4701=EDGE_CURVE('',#4694,#4696,#4700,.T.);
#4702=ORIENTED_EDGE('',*,*,#4701,.T.);
#4703=CARTESIAN_POINT('',(-2.195,0.38,0.705));
#4704=DIRECTION('',(-0.,-1.,-0.));
#4705=DIRECTION('',(0.,-0.,1.));
#4706=AXIS2_PLACEMENT_3D('',#4703,#4704,#4705);
#4707=CIRCLE('',#4706,0.07);
#4708=EDGE_CURVE('',#4696,#4671,#4707,.T.);
#4709=ORIENTED_EDGE('',*,*,#4708,.T.);
#4710=ORIENTED_EDGE('',*,*,#4676,.F.);
#4711=CARTESIAN_POINT('',(-2.195,0.89,0.705));
#4712=DIRECTION('',(-0.,-1.,-0.));
#4713=DIRECTION('',(0.,-0.,1.));
#4714=AXIS2_PLACEMENT_3D('',#4711,#4712,#4713);
#4715=CIRCLE('',#4714,0.07);
#4716=EDGE_CURVE('',#4694,#4663,#4715,.T.);
#4717=ORIENTED_EDGE('',*,*,#4716,.F.);
#4718=EDGE_LOOP('',(#4702,#4709,#4710,#4717));
#4719=FACE_BOUND('',#4718,.T.);
#4720=ADVANCED_FACE('',(#4719),#4692,.F.);
#4721=CARTESIAN_POINT('',(-2.195,0.89,0.775));
#4722=DIRECTION('',(0.,0.,1.));
#4723=DIRECTION('',(1.,0.,0.));
#4724=AXIS2_PLACEMENT_3D('',#4721,#4722,#4723);
#4725=PLANE('',#4724);
#4726=CARTESIAN_POINT('',(-1.9,0.89,0.775));
#4727=VERTEX_POINT('',#4726);
#4728=CARTESIAN_POINT('',(-2.195,0.89,0.775));
#4729=DIRECTION('',(1.,0.,-0.));
#4730=VECTOR('',#4729,0.295);
#4731=LINE('',#4728,#4730);
#4732=EDGE_CURVE('',#4694,#4727,#4731,.T.);
#4733=ORIENTED_EDGE('',*,*,#4732,.T.);
#4734=CARTESIAN_POINT('',(-1.9,0.38,0.775));
#4735=VERTEX_POINT('',#4734);
#4736=CARTESIAN_POINT('',(-1.9,0.89,0.775));
#4737=DIRECTION('',(-0.,-1.,-0.));
#4738=VECTOR('',#4737,0.51);
#4739=LINE('',#4736,#4738);
#4740=EDGE_CURVE('',#4727,#4735,#4739,.T.);
#4741=ORIENTED_EDGE('',*,*,#4740,.T.);
#4742=CARTESIAN_POINT('',(-2.195,0.38,0.775));
#4743=DIRECTION('',(1.,0.,-0.));
#4744=VECTOR('',#4743,0.295);
#4745=LINE('',#4742,#4744);
#4746=EDGE_CURVE('',#4696,#4735,#4745,.T.);
#4747=ORIENTED_EDGE('',*,*,#4746,.F.);
#4748=ORIENTED_EDGE('',*,*,#4701,.F.);
#4749=EDGE_LOOP('',(#4733,#4741,#4747,#4748));
#4750=FACE_BOUND('',#4749,.T.);
#4751=ADVANCED_FACE('',(#4750),#4725,.F.);
#4752=CARTESIAN_POINT('',(-1.9,0.89,1.025));
#4753=DIRECTION('',(1.,0.,0.));
#4754=DIRECTION('',(0.,0.,-1.));
#4755=AXIS2_PLACEMENT_3D('',#4752,#4753,#4754);
#4756=PLANE('',#4755);
#4757=CARTESIAN_POINT('',(-1.9,0.89,1.025));
#4758=VERTEX_POINT('',#4757);
#4759=CARTESIAN_POINT('',(-1.9,0.38,1.025));
#4760=VERTEX_POINT('',#4759);
#4761=CARTESIAN_POINT('',(-1.9,0.89,1.025));
#4762=DIRECTION('',(-0.,-1.,-0.));
#4763=VECTOR('',#4762,0.51);
#4764=LINE('',#4761,#4763);
#4765=EDGE_CURVE('',#4758,#4760,#4764,.T.);
#4766=ORIENTED_EDGE('',*,*,#4765,.T.);
#4767=CARTESIAN_POINT('',(-1.9,0.38,1.025));
#4768=DIRECTION('',(0.,0.,-1.));
#4769=VECTOR('',#4768,0.25);
#4770=LINE('',#4767,#4769);
#4771=EDGE_CURVE('',#4760,#4735,#4770,.T.);
#4772=ORIENTED_EDGE('',*,*,#4771,.T.);
#4773=ORIENTED_EDGE('',*,*,#4740,.F.);
#4774=CARTESIAN_POINT('',(-1.9,0.89,1.025));
#4775=DIRECTION('',(-0.,-0.,-1.));
#4776=VECTOR('',#4775,0.25);
#4777=LINE('',#4774,#4776);
#4778=EDGE_CURVE('',#4758,#4727,#4777,.T.);
#4779=ORIENTED_EDGE('',*,*,#4778,.F.);
#4780=EDGE_LOOP('',(#4766,#4772,#4773,#4779));
#4781=FACE_BOUND('',#4780,.T.);
#4782=ADVANCED_FACE('',(#4781),#4756,.T.);
#4783=CARTESIAN_POINT('',(-2.195,0.89,1.025));
#4784=DIRECTION('',(0.,0.,1.));
#4785=DIRECTION('',(1.,0.,0.));
#4786=AXIS2_PLACEMENT_3D('',#4783,#4784,#4785);
#4787=PLANE('',#4786);
#4788=CARTESIAN_POINT('',(-2.195,0.89,1.025));
#4789=VERTEX_POINT('',#4788);
#4790=CARTESIAN_POINT('',(-2.195,0.38,1.025));
#4791=VERTEX_POINT('',#4790);
#4792=CARTESIAN_POINT('',(-2.195,0.89,1.025));
#4793=DIRECTION('',(-0.,-1.,-0.));
#4794=VECTOR('',#4793,0.51);
#4795=LINE('',#4792,#4794);
#4796=EDGE_CURVE('',#4789,#4791,#4795,.T.);
#4797=ORIENTED_EDGE('',*,*,#4796,.T.);
#4798=CARTESIAN_POINT('',(-2.195,0.38,1.025));
#4799=DIRECTION('',(1.,0.,-0.));
#4800=VECTOR('',#4799,0.295);
#4801=LINE('',#4798,#4800);
#4802=EDGE_CURVE('',#4791,#4760,#4801,.T.);
#4803=ORIENTED_EDGE('',*,*,#4802,.T.);
#4804=ORIENTED_EDGE('',*,*,#4765,.F.);
#4805=CARTESIAN_POINT('',(-2.195,0.89,1.025));
#4806=DIRECTION('',(1.,0.,-0.));
#4807=VECTOR('',#4806,0.295);
#4808=LINE('',#4805,#4807);
#4809=EDGE_CURVE('',#4789,#4758,#4808,.T.);
#4810=ORIENTED_EDGE('',*,*,#4809,.F.);
#4811=EDGE_LOOP('',(#4797,#4803,#4804,#4810));
#4812=FACE_BOUND('',#4811,.T.);
#4813=ADVANCED_FACE('',(#4812),#4787,.T.);
#4814=CARTESIAN_POINT('',(-2.195,0.89,0.705));
#4815=DIRECTION('',(-0.,1.,0.));
#4816=DIRECTION('',(1.,0.,0.));
#4817=AXIS2_PLACEMENT_3D('',#4814,#4815,#4816);
#4818=CYLINDRICAL_SURFACE('',#4817,0.32);
#4819=CARTESIAN_POINT('',(-2.515,0.89,0.705));
#4820=VERTEX_POINT('',#4819);
#4821=CARTESIAN_POINT('',(-2.195,0.89,0.705));
#4822=DIRECTION('',(-0.,-1.,-0.));
#4823=DIRECTION('',(0.,-0.,1.));
#4824=AXIS2_PLACEMENT_3D('',#4821,#4822,#4823);
#4825=CIRCLE('',#4824,0.32);
#4826=EDGE_CURVE('',#4789,#4820,#4825,.T.);
#4827=ORIENTED_EDGE('',*,*,#4826,.T.);
#4828=CARTESIAN_POINT('',(-2.515,0.38,0.705));
#4829=VERTEX_POINT('',#4828);
#4830=CARTESIAN_POINT('',(-2.515,0.89,0.705));
#4831=DIRECTION('',(-0.,-1.,-0.));
#4832=VECTOR('',#4831,0.51);
#4833=LINE('',#4830,#4832);
#4834=EDGE_CURVE('',#4820,#4829,#4833,.T.);
#4835=ORIENTED_EDGE('',*,*,#4834,.T.);
#4836=CARTESIAN_POINT('',(-2.195,0.38,0.705));
#4837=DIRECTION('',(-0.,-1.,-0.));
#4838=DIRECTION('',(0.,-0.,1.));
#4839=AXIS2_PLACEMENT_3D('',#4836,#4837,#4838);
#4840=CIRCLE('',#4839,0.32);
#4841=EDGE_CURVE('',#4791,#4829,#4840,.T.);
#4842=ORIENTED_EDGE('',*,*,#4841,.F.);
#4843=ORIENTED_EDGE('',*,*,#4796,.F.);
#4844=EDGE_LOOP('',(#4827,#4835,#4842,#4843));
#4845=FACE_BOUND('',#4844,.T.);
#4846=ADVANCED_FACE('',(#4845),#4818,.T.);
#4847=CARTESIAN_POINT('',(-2.515,0.89,0.32));
#4848=DIRECTION('',(-1.,0.,0.));
#4849=DIRECTION('',(0.,0.,1.));
#4850=AXIS2_PLACEMENT_3D('',#4847,#4848,#4849);
#4851=PLANE('',#4850);
#4852=CARTESIAN_POINT('',(-2.515,0.89,0.32));
#4853=VERTEX_POINT('',#4852);
#4854=CARTESIAN_POINT('',(-2.515,0.38,0.32));
#4855=VERTEX_POINT('',#4854);
#4856=CARTESIAN_POINT('',(-2.515,0.89,0.32));
#4857=DIRECTION('',(-0.,-1.,-0.));
#4858=VECTOR('',#4857,0.51);
#4859=LINE('',#4856,#4858);
#4860=EDGE_CURVE('',#4853,#4855,#4859,.T.);
#4861=ORIENTED_EDGE('',*,*,#4860,.T.);
#4862=CARTESIAN_POINT('',(-2.515,0.38,0.32));
#4863=DIRECTION('',(0.,0.,1.));
#4864=VECTOR('',#4863,0.385);
#4865=LINE('',#4862,#4864);
#4866=EDGE_CURVE('',#4855,#4829,#4865,.T.);
#4867=ORIENTED_EDGE('',*,*,#4866,.T.);
#4868=ORIENTED_EDGE('',*,*,#4834,.F.);
#4869=CARTESIAN_POINT('',(-2.515,0.89,0.32));
#4870=DIRECTION('',(0.,0.,1.));
#4871=VECTOR('',#4870,0.385);
#4872=LINE('',#4869,#4871);
#4873=EDGE_CURVE('',#4853,#4820,#4872,.T.);
#4874=ORIENTED_EDGE('',*,*,#4873,.F.);
#4875=EDGE_LOOP('',(#4861,#4867,#4868,#4874));
#4876=FACE_BOUND('',#4875,.T.);
#4877=ADVANCED_FACE('',(#4876),#4851,.T.);
#4878=CARTESIAN_POINT('',(-2.585,0.89,0.32));
#4879=DIRECTION('',(-0.,1.,0.));
#4880=DIRECTION('',(1.,0.,0.));
#4881=AXIS2_PLACEMENT_3D('',#4878,#4879,#4880);
#4882=CYLINDRICAL_SURFACE('',#4881,0.07);
#4883=CARTESIAN_POINT('',(-2.585,0.89,0.25));
#4884=VERTEX_POINT('',#4883);
#4885=CARTESIAN_POINT('',(-2.585,0.38,0.25));
#4886=VERTEX_POINT('',#4885);
#4887=CARTESIAN_POINT('',(-2.585,0.89,0.25));
#4888=DIRECTION('',(-0.,-1.,-0.));
#4889=VECTOR('',#4888,0.51);
#4890=LINE('',#4887,#4889);
#4891=EDGE_CURVE('',#4884,#4886,#4890,.T.);
#4892=ORIENTED_EDGE('',*,*,#4891,.T.);
#4893=CARTESIAN_POINT('',(-2.585,0.38,0.32));
#4894=DIRECTION('',(-0.,-1.,-0.));
#4895=DIRECTION('',(0.,-0.,1.));
#4896=AXIS2_PLACEMENT_3D('',#4893,#4894,#4895);
#4897=CIRCLE('',#4896,0.07);
#4898=EDGE_CURVE('',#4886,#4855,#4897,.T.);
#4899=ORIENTED_EDGE('',*,*,#4898,.T.);
#4900=ORIENTED_EDGE('',*,*,#4860,.F.);
#4901=CARTESIAN_POINT('',(-2.585,0.89,0.32));
#4902=DIRECTION('',(-0.,-1.,-0.));
#4903=DIRECTION('',(0.,-0.,1.));
#4904=AXIS2_PLACEMENT_3D('',#4901,#4902,#4903);
#4905=CIRCLE('',#4904,0.07);
#4906=EDGE_CURVE('',#4884,#4853,#4905,.T.);
#4907=ORIENTED_EDGE('',*,*,#4906,.F.);
#4908=EDGE_LOOP('',(#4892,#4899,#4900,#4907));
#4909=FACE_BOUND('',#4908,.T.);
#4910=ADVANCED_FACE('',(#4909),#4882,.F.);
#4911=CARTESIAN_POINT('',(-3.1,0.89,0.25));
#4912=DIRECTION('',(0.,0.,1.));
#4913=DIRECTION('',(1.,0.,0.));
#4914=AXIS2_PLACEMENT_3D('',#4911,#4912,#4913);
#4915=PLANE('',#4914);
#4916=ORIENTED_EDGE('',*,*,#4588,.T.);
#4917=CARTESIAN_POINT('',(-3.1,0.38,0.25));
#4918=DIRECTION('',(1.,0.,-0.));
#4919=VECTOR('',#4918,0.515);
#4920=LINE('',#4917,#4919);
#4921=EDGE_CURVE('',#4577,#4886,#4920,.T.);
#4922=ORIENTED_EDGE('',*,*,#4921,.T.);
#4923=ORIENTED_EDGE('',*,*,#4891,.F.);
#4924=CARTESIAN_POINT('',(-3.1,0.89,0.25));
#4925=DIRECTION('',(1.,0.,-0.));
#4926=VECTOR('',#4925,0.515);
#4927=LINE('',#4924,#4926);
#4928=EDGE_CURVE('',#4559,#4884,#4927,.T.);
#4929=ORIENTED_EDGE('',*,*,#4928,.F.);
#4930=EDGE_LOOP('',(#4916,#4922,#4923,#4929));
#4931=FACE_BOUND('',#4930,.T.);
#4932=ADVANCED_FACE('',(#4931),#4915,.T.);
#4933=CARTESIAN_POINT('',(-2.467780726,0.89,0.470927543));
#4934=DIRECTION('',(0.,1.,0.));
#4935=DIRECTION('',(0.,0.,1.));
#4936=AXIS2_PLACEMENT_3D('',#4933,#4934,#4935);
#4937=PLANE('',#4936);
#4938=ORIENTED_EDGE('',*,*,#4928,.T.);
#4939=ORIENTED_EDGE('',*,*,#4906,.T.);
#4940=ORIENTED_EDGE('',*,*,#4873,.T.);
#4941=ORIENTED_EDGE('',*,*,#4826,.F.);
#4942=ORIENTED_EDGE('',*,*,#4809,.T.);
#4943=ORIENTED_EDGE('',*,*,#4778,.T.);
#4944=ORIENTED_EDGE('',*,*,#4732,.F.);
#4945=ORIENTED_EDGE('',*,*,#4716,.T.);
#4946=ORIENTED_EDGE('',*,*,#4668,.F.);
#4947=ORIENTED_EDGE('',*,*,#4636,.F.);
#4948=ORIENTED_EDGE('',*,*,#4604,.F.);
#4949=ORIENTED_EDGE('',*,*,#4566,.F.);
#4950=EDGE_LOOP('',(#4938,#4939,#4940,#4941,#4942,#4943,#4944,#4945,#4946,#4947,#4948,#4949));
#4951=FACE_BOUND('',#4950,.T.);
#4952=ADVANCED_FACE('',(#4951),#4937,.T.);
#4953=CARTESIAN_POINT('',(-2.467780726,0.38,0.470927543));
#4954=DIRECTION('',(0.,1.,0.));
#4955=DIRECTION('',(0.,0.,1.));
#4956=AXIS2_PLACEMENT_3D('',#4953,#4954,#4955);
#4957=PLANE('',#4956);
#4958=ORIENTED_EDGE('',*,*,#4582,.T.);
#4959=ORIENTED_EDGE('',*,*,#4618,.T.);
#4960=ORIENTED_EDGE('',*,*,#4651,.T.);
#4961=ORIENTED_EDGE('',*,*,#4682,.T.);
#4962=ORIENTED_EDGE('',*,*,#4708,.F.);
#4963=ORIENTED_EDGE('',*,*,#4746,.T.);
#4964=ORIENTED_EDGE('',*,*,#4771,.F.);
#4965=ORIENTED_EDGE('',*,*,#4802,.F.);
#4966=ORIENTED_EDGE('',*,*,#4841,.T.);
#4967=ORIENTED_EDGE('',*,*,#4866,.F.);
#4968=ORIENTED_EDGE('',*,*,#4898,.F.);
#4969=ORIENTED_EDGE('',*,*,#4921,.F.);
#4970=EDGE_LOOP('',(#4958,#4959,#4960,#4961,#4962,#4963,#4964,#4965,#4966,#4967,#4968,#4969));
#4971=FACE_BOUND('',#4970,.T.);
#4972=ADVANCED_FACE('',(#4971),#4957,.F.);
#4973=CLOSED_SHELL('',(#4592,#4623,#4656,#4687,#4720,#4751,#4782,#4813,#4846,#4877,#4910,#4932,#4952,#4972));
#4974=MANIFOLD_SOLID_BREP('Imported 07',#4973);
#4552=STYLED_ITEM('',(#910),#4974);
#4533=SHAPE_REPRESENTATION('Pin002',(#15),#4531);
#4534=ADVANCED_BREP_SHAPE_REPRESENTATION('Pin002',(#4974),#4531);
#4982=SHAPE_REPRESENTATION_RELATIONSHIP('','',#4533,#4534);
#4983=CARTESIAN_POINT('',(0.,0.,0.));
#4984=DIRECTION('',(0.,0.,1.));
#4985=DIRECTION('',(1.,0.,0.));
#4986=AXIS2_PLACEMENT_3D('',#4983,#4984,#4985);
#4988=MAPPED_ITEM('',#4987,#4986);
#4987=REPRESENTATION_MAP(#4986,#4533);
#4541=PRODUCT('Pin002','Pin002','',(#3372));
#4989=PRODUCT_RELATED_PRODUCT_CATEGORY('part','',(#4541));
#4990=PRODUCT_DEFINITION_FORMATION_WITH_SPECIFIED_SOURCE('','',#4541,.NOT_KNOWN.);
#4542=PRODUCT_DEFINITION('design','',#4990,#3373);
#4540=PRODUCT_DEFINITION_SHAPE('','',#4542);
#4991=SHAPE_DEFINITION_REPRESENTATION(#4540,#4533);
#4532=DRAUGHTING_MODEL('',(#4988),#4531);
#4992=(NAMED_UNIT(*)PLANE_ANGLE_UNIT()SI_UNIT($,.RADIAN.));
#4993=PLANE_ANGLE_MEASURE_WITH_UNIT(PLANE_ANGLE_MEASURE(0.0174532925),#4992);
#4994=(CONVERSION_BASED_UNIT('DEGREE',#4993)NAMED_UNIT(#4995)PLANE_ANGLE_UNIT());
#4995=DIMENSIONAL_EXPONENTS(0.,0.,0.,0.,0.,0.,0.);
#4996=(NAMED_UNIT(*)SI_UNIT($,.STERADIAN.)SOLID_ANGLE_UNIT());
#4997=(LENGTH_UNIT()NAMED_UNIT(*)SI_UNIT(.MILLI.,.METRE.));
#4998=UNCERTAINTY_MEASURE_WITH_UNIT(LENGTH_MEASURE(1.000000E-05),#4997,'DISTANCE_ACCURACY_VALUE','Maximum Tolerance applied to model');
#4999=(GEOMETRIC_REPRESENTATION_CONTEXT(3)GLOBAL_UNCERTAINTY_ASSIGNED_CONTEXT((#4998))GLOBAL_UNIT_ASSIGNED_CONTEXT((#4997,#4994,#4996))REPRESENTATION_CONTEXT('','Pin003'));
#5011=CARTESIAN_POINT('',(0.,0.,0.));
#5012=DIRECTION('',(0.,0.,1.));
#5013=DIRECTION('',(1.,0.,-0.));
#5014=AXIS2_PLACEMENT_3D('',#5011,#5012,#5013);
#5015=ITEM_DEFINED_TRANSFORMATION('','',#5014,#15);
#5016=(REPRESENTATION_RELATIONSHIP('','',#5001,#63)REPRESENTATION_RELATIONSHIP_WITH_TRANSFORMATION(#5015)SHAPE_REPRESENTATION_RELATIONSHIP());
#5017=NEXT_ASSEMBLY_USAGE_OCCURRENCE('Pin003_7','Pin003','Pin003',#72,#5010,$);
#5018=PRODUCT_DEFINITION_SHAPE('','',#5017);
#5019=CONTEXT_DEPENDENT_SHAPE_REPRESENTATION(#5016,#5018);
#5021=CARTESIAN_POINT('',(-3.1,-0.38,0.25));
#5022=DIRECTION('',(1.,0.,0.));
#5023=DIRECTION('',(0.,0.,-1.));
#5024=AXIS2_PLACEMENT_3D('',#5021,#5022,#5023);
#5025=PLANE('',#5024);
#5026=CARTESIAN_POINT('',(-3.1,-0.38,0.25));
#5027=VERTEX_POINT('',#5026);
#5028=CARTESIAN_POINT('',(-3.1,-0.38,0.));
#5029=VERTEX_POINT('',#5028);
#5030=CARTESIAN_POINT('',(-3.1,-0.38,0.25));
#5031=DIRECTION('',(0.,0.,-1.));
#5032=VECTOR('',#5031,0.25);
#5033=LINE('',#5030,#5032);
#5034=EDGE_CURVE('',#5027,#5029,#5033,.T.);
#5035=ORIENTED_EDGE('',*,*,#5034,.T.);
#5036=CARTESIAN_POINT('',(-3.1,-0.89,0.));
#5037=VERTEX_POINT('',#5036);
#5038=CARTESIAN_POINT('',(-3.1,-0.38,0.));
#5039=DIRECTION('',(-0.,-1.,-0.));
#5040=VECTOR('',#5039,0.51);
#5041=LINE('',#5038,#5040);
#5042=EDGE_CURVE('',#5029,#5037,#5041,.T.);
#5043=ORIENTED_EDGE('',*,*,#5042,.T.);
#5044=CARTESIAN_POINT('',(-3.1,-0.89,0.25));
#5045=VERTEX_POINT('',#5044);
#5046=CARTESIAN_POINT('',(-3.1,-0.89,0.25));
#5047=DIRECTION('',(-0.,-0.,-1.));
#5048=VECTOR('',#5047,0.25);
#5049=LINE('',#5046,#5048);
#5050=EDGE_CURVE('',#5045,#5037,#5049,.T.);
#5051=ORIENTED_EDGE('',*,*,#5050,.F.);
#5052=CARTESIAN_POINT('',(-3.1,-0.38,0.25));
#5053=DIRECTION('',(-0.,-1.,-0.));
#5054=VECTOR('',#5053,0.51);
#5055=LINE('',#5052,#5054);
#5056=EDGE_CURVE('',#5027,#5045,#5055,.T.);
#5057=ORIENTED_EDGE('',*,*,#5056,.F.);
#5058=EDGE_LOOP('',(#5035,#5043,#5051,#5057));
#5059=FACE_BOUND('',#5058,.T.);
#5060=ADVANCED_FACE('',(#5059),#5025,.F.);
#5061=CARTESIAN_POINT('',(-3.1,-0.38,0.));
#5062=DIRECTION('',(0.,0.,1.));
#5063=DIRECTION('',(1.,0.,0.));
#5064=AXIS2_PLACEMENT_3D('',#5061,#5062,#5063);
#5065=PLANE('',#5064);
#5066=CARTESIAN_POINT('',(-2.585,-0.38,0.));
#5067=VERTEX_POINT('',#5066);
#5068=CARTESIAN_POINT('',(-3.1,-0.38,0.));
#5069=DIRECTION('',(1.,0.,-0.));
#5070=VECTOR('',#5069,0.515);
#5071=LINE('',#5068,#5070);
#5072=EDGE_CURVE('',#5029,#5067,#5071,.T.);
#5073=ORIENTED_EDGE('',*,*,#5072,.T.);
#5074=CARTESIAN_POINT('',(-2.585,-0.89,0.));
#5075=VERTEX_POINT('',#5074);
#5076=CARTESIAN_POINT('',(-2.585,-0.38,0.));
#5077=DIRECTION('',(-0.,-1.,-0.));
#5078=VECTOR('',#5077,0.51);
#5079=LINE('',#5076,#5078);
#5080=EDGE_CURVE('',#5067,#5075,#5079,.T.);
#5081=ORIENTED_EDGE('',*,*,#5080,.T.);
#5082=CARTESIAN_POINT('',(-3.1,-0.89,0.));
#5083=DIRECTION('',(1.,0.,-0.));
#5084=VECTOR('',#5083,0.515);
#5085=LINE('',#5082,#5084);
#5086=EDGE_CURVE('',#5037,#5075,#5085,.T.);
#5087=ORIENTED_EDGE('',*,*,#5086,.F.);
#5088=ORIENTED_EDGE('',*,*,#5042,.F.);
#5089=EDGE_LOOP('',(#5073,#5081,#5087,#5088));
#5090=FACE_BOUND('',#5089,.T.);
#5091=ADVANCED_FACE('',(#5090),#5065,.F.);
#5092=CARTESIAN_POINT('',(-2.585,-0.38,0.32));
#5093=DIRECTION('',(-0.,1.,0.));
#5094=DIRECTION('',(1.,0.,0.));
#5095=AXIS2_PLACEMENT_3D('',#5092,#5093,#5094);
#5096=CYLINDRICAL_SURFACE('',#5095,0.32);
#5097=CARTESIAN_POINT('',(-2.265,-0.38,0.32));
#5098=VERTEX_POINT('',#5097);
#5099=CARTESIAN_POINT('',(-2.585,-0.38,0.32));
#5100=DIRECTION('',(-0.,-1.,-0.));
#5101=DIRECTION('',(0.,-0.,1.));
#5102=AXIS2_PLACEMENT_3D('',#5099,#5100,#5101);
#5103=CIRCLE('',#5102,0.32);
#5104=EDGE_CURVE('',#5067,#5098,#5103,.T.);
#5105=ORIENTED_EDGE('',*,*,#5104,.T.);
#5106=CARTESIAN_POINT('',(-2.265,-0.89,0.32));
#5107=VERTEX_POINT('',#5106);
#5108=CARTESIAN_POINT('',(-2.265,-0.38,0.32));
#5109=DIRECTION('',(-0.,-1.,-0.));
#5110=VECTOR('',#5109,0.51);
#5111=LINE('',#5108,#5110);
#5112=EDGE_CURVE('',#5098,#5107,#5111,.T.);
#5113=ORIENTED_EDGE('',*,*,#5112,.T.);
#5114=CARTESIAN_POINT('',(-2.585,-0.89,0.32));
#5115=DIRECTION('',(-0.,-1.,-0.));
#5116=DIRECTION('',(0.,-0.,1.));
#5117=AXIS2_PLACEMENT_3D('',#5114,#5115,#5116);
#5118=CIRCLE('',#5117,0.32);
#5119=EDGE_CURVE('',#5075,#5107,#5118,.T.);
#5120=ORIENTED_EDGE('',*,*,#5119,.F.);
#5121=ORIENTED_EDGE('',*,*,#5080,.F.);
#5122=EDGE_LOOP('',(#5105,#5113,#5120,#5121));
#5123=FACE_BOUND('',#5122,.T.);
#5124=ADVANCED_FACE('',(#5123),#5096,.T.);
#5125=CARTESIAN_POINT('',(-2.265,-0.38,0.32));
#5126=DIRECTION('',(-1.,0.,0.));
#5127=DIRECTION('',(0.,0.,1.));
#5128=AXIS2_PLACEMENT_3D('',#5125,#5126,#5127);
#5129=PLANE('',#5128);
#5130=CARTESIAN_POINT('',(-2.265,-0.38,0.705));
#5131=VERTEX_POINT('',#5130);
#5132=CARTESIAN_POINT('',(-2.265,-0.38,0.32));
#5133=DIRECTION('',(0.,0.,1.));
#5134=VECTOR('',#5133,0.385);
#5135=LINE('',#5132,#5134);
#5136=EDGE_CURVE('',#5098,#5131,#5135,.T.);
#5137=ORIENTED_EDGE('',*,*,#5136,.T.);
#5138=CARTESIAN_POINT('',(-2.265,-0.89,0.705));
#5139=VERTEX_POINT('',#5138);
#5140=CARTESIAN_POINT('',(-2.265,-0.38,0.705));
#5141=DIRECTION('',(-0.,-1.,-0.));
#5142=VECTOR('',#5141,0.51);
#5143=LINE('',#5140,#5142);
#5144=EDGE_CURVE('',#5131,#5139,#5143,.T.);
#5145=ORIENTED_EDGE('',*,*,#5144,.T.);
#5146=CARTESIAN_POINT('',(-2.265,-0.89,0.32));
#5147=DIRECTION('',(0.,0.,1.));
#5148=VECTOR('',#5147,0.385);
#5149=LINE('',#5146,#5148);
#5150=EDGE_CURVE('',#5107,#5139,#5149,.T.);
#5151=ORIENTED_EDGE('',*,*,#5150,.F.);
#5152=ORIENTED_EDGE('',*,*,#5112,.F.);
#5153=EDGE_LOOP('',(#5137,#5145,#5151,#5152));
#5154=FACE_BOUND('',#5153,.T.);
#5155=ADVANCED_FACE('',(#5154),#5129,.F.);
#5156=CARTESIAN_POINT('',(-2.195,-0.38,0.705));
#5157=DIRECTION('',(-0.,1.,0.));
#5158=DIRECTION('',(1.,0.,0.));
#5159=AXIS2_PLACEMENT_3D('',#5156,#5157,#5158);
#5160=CYLINDRICAL_SURFACE('',#5159,0.07);
#5161=CARTESIAN_POINT('',(-2.195,-0.38,0.775));
#5162=VERTEX_POINT('',#5161);
#5163=CARTESIAN_POINT('',(-2.195,-0.89,0.775));
#5164=VERTEX_POINT('',#5163);
#5165=CARTESIAN_POINT('',(-2.195,-0.38,0.775));
#5166=DIRECTION('',(-0.,-1.,-0.));
#5167=VECTOR('',#5166,0.51);
#5168=LINE('',#5165,#5167);
#5169=EDGE_CURVE('',#5162,#5164,#5168,.T.);
#5170=ORIENTED_EDGE('',*,*,#5169,.T.);
#5171=CARTESIAN_POINT('',(-2.195,-0.89,0.705));
#5172=DIRECTION('',(-0.,-1.,-0.));
#5173=DIRECTION('',(0.,-0.,1.));
#5174=AXIS2_PLACEMENT_3D('',#5171,#5172,#5173);
#5175=CIRCLE('',#5174,0.07);
#5176=EDGE_CURVE('',#5164,#5139,#5175,.T.);
#5177=ORIENTED_EDGE('',*,*,#5176,.T.);
#5178=ORIENTED_EDGE('',*,*,#5144,.F.);
#5179=CARTESIAN_POINT('',(-2.195,-0.38,0.705));
#5180=DIRECTION('',(-0.,-1.,-0.));
#5181=DIRECTION('',(0.,-0.,1.));
#5182=AXIS2_PLACEMENT_3D('',#5179,#5180,#5181);
#5183=CIRCLE('',#5182,0.07);
#5184=EDGE_CURVE('',#5162,#5131,#5183,.T.);
#5185=ORIENTED_EDGE('',*,*,#5184,.F.);
#5186=EDGE_LOOP('',(#5170,#5177,#5178,#5185));
#5187=FACE_BOUND('',#5186,.T.);
#5188=ADVANCED_FACE('',(#5187),#5160,.F.);
#5189=CARTESIAN_POINT('',(-2.195,-0.38,0.775));
#5190=DIRECTION('',(0.,0.,1.));
#5191=DIRECTION('',(1.,0.,0.));
#5192=AXIS2_PLACEMENT_3D('',#5189,#5190,#5191);
#5193=PLANE('',#5192);
#5194=CARTESIAN_POINT('',(-1.9,-0.38,0.775));
#5195=VERTEX_POINT('',#5194);
#5196=CARTESIAN_POINT('',(-2.195,-0.38,0.775));
#5197=DIRECTION('',(1.,0.,-0.));
#5198=VECTOR('',#5197,0.295);
#5199=LINE('',#5196,#5198);
#5200=EDGE_CURVE('',#5162,#5195,#5199,.T.);
#5201=ORIENTED_EDGE('',*,*,#5200,.T.);
#5202=CARTESIAN_POINT('',(-1.9,-0.89,0.775));
#5203=VERTEX_POINT('',#5202);
#5204=CARTESIAN_POINT('',(-1.9,-0.38,0.775));
#5205=DIRECTION('',(-0.,-1.,-0.));
#5206=VECTOR('',#5205,0.51);
#5207=LINE('',#5204,#5206);
#5208=EDGE_CURVE('',#5195,#5203,#5207,.T.);
#5209=ORIENTED_EDGE('',*,*,#5208,.T.);
#5210=CARTESIAN_POINT('',(-2.195,-0.89,0.775));
#5211=DIRECTION('',(1.,0.,-0.));
#5212=VECTOR('',#5211,0.295);
#5213=LINE('',#5210,#5212);
#5214=EDGE_CURVE('',#5164,#5203,#5213,.T.);
#5215=ORIENTED_EDGE('',*,*,#5214,.F.);
#5216=ORIENTED_EDGE('',*,*,#5169,.F.);
#5217=EDGE_LOOP('',(#5201,#5209,#5215,#5216));
#5218=FACE_BOUND('',#5217,.T.);
#5219=ADVANCED_FACE('',(#5218),#5193,.F.);
#5220=CARTESIAN_POINT('',(-1.9,-0.38,1.025));
#5221=DIRECTION('',(1.,0.,0.));
#5222=DIRECTION('',(0.,0.,-1.));
#5223=AXIS2_PLACEMENT_3D('',#5220,#5221,#5222);
#5224=PLANE('',#5223);
#5225=CARTESIAN_POINT('',(-1.9,-0.38,1.025));
#5226=VERTEX_POINT('',#5225);
#5227=CARTESIAN_POINT('',(-1.9,-0.89,1.025));
#5228=VERTEX_POINT('',#5227);
#5229=CARTESIAN_POINT('',(-1.9,-0.38,1.025));
#5230=DIRECTION('',(-0.,-1.,-0.));
#5231=VECTOR('',#5230,0.51);
#5232=LINE('',#5229,#5231);
#5233=EDGE_CURVE('',#5226,#5228,#5232,.T.);
#5234=ORIENTED_EDGE('',*,*,#5233,.T.);
#5235=CARTESIAN_POINT('',(-1.9,-0.89,1.025));
#5236=DIRECTION('',(0.,0.,-1.));
#5237=VECTOR('',#5236,0.25);
#5238=LINE('',#5235,#5237);
#5239=EDGE_CURVE('',#5228,#5203,#5238,.T.);
#5240=ORIENTED_EDGE('',*,*,#5239,.T.);
#5241=ORIENTED_EDGE('',*,*,#5208,.F.);
#5242=CARTESIAN_POINT('',(-1.9,-0.38,1.025));
#5243=DIRECTION('',(-0.,-0.,-1.));
#5244=VECTOR('',#5243,0.25);
#5245=LINE('',#5242,#5244);
#5246=EDGE_CURVE('',#5226,#5195,#5245,.T.);
#5247=ORIENTED_EDGE('',*,*,#5246,.F.);
#5248=EDGE_LOOP('',(#5234,#5240,#5241,#5247));
#5249=FACE_BOUND('',#5248,.T.);
#5250=ADVANCED_FACE('',(#5249),#5224,.T.);
#5251=CARTESIAN_POINT('',(-2.195,-0.38,1.025));
#5252=DIRECTION('',(0.,0.,1.));
#5253=DIRECTION('',(1.,0.,0.));
#5254=AXIS2_PLACEMENT_3D('',#5251,#5252,#5253);
#5255=PLANE('',#5254);
#5256=CARTESIAN_POINT('',(-2.195,-0.38,1.025));
#5257=VERTEX_POINT('',#5256);
#5258=CARTESIAN_POINT('',(-2.195,-0.89,1.025));
#5259=VERTEX_POINT('',#5258);
#5260=CARTESIAN_POINT('',(-2.195,-0.38,1.025));
#5261=DIRECTION('',(-0.,-1.,-0.));
#5262=VECTOR('',#5261,0.51);
#5263=LINE('',#5260,#5262);
#5264=EDGE_CURVE('',#5257,#5259,#5263,.T.);
#5265=ORIENTED_EDGE('',*,*,#5264,.T.);
#5266=CARTESIAN_POINT('',(-2.195,-0.89,1.025));
#5267=DIRECTION('',(1.,0.,-0.));
#5268=VECTOR('',#5267,0.295);
#5269=LINE('',#5266,#5268);
#5270=EDGE_CURVE('',#5259,#5228,#5269,.T.);
#5271=ORIENTED_EDGE('',*,*,#5270,.T.);
#5272=ORIENTED_EDGE('',*,*,#5233,.F.);
#5273=CARTESIAN_POINT('',(-2.195,-0.38,1.025));
#5274=DIRECTION('',(1.,0.,-0.));
#5275=VECTOR('',#5274,0.295);
#5276=LINE('',#5273,#5275);
#5277=EDGE_CURVE('',#5257,#5226,#5276,.T.);
#5278=ORIENTED_EDGE('',*,*,#5277,.F.);
#5279=EDGE_LOOP('',(#5265,#5271,#5272,#5278));
#5280=FACE_BOUND('',#5279,.T.);
#5281=ADVANCED_FACE('',(#5280),#5255,.T.);
#5282=CARTESIAN_POINT('',(-2.195,-0.38,0.705));
#5283=DIRECTION('',(-0.,1.,0.));
#5284=DIRECTION('',(1.,0.,0.));
#5285=AXIS2_PLACEMENT_3D('',#5282,#5283,#5284);
#5286=CYLINDRICAL_SURFACE('',#5285,0.32);
#5287=CARTESIAN_POINT('',(-2.515,-0.38,0.705));
#5288=VERTEX_POINT('',#5287);
#5289=CARTESIAN_POINT('',(-2.195,-0.38,0.705));
#5290=DIRECTION('',(-0.,-1.,-0.));
#5291=DIRECTION('',(0.,-0.,1.));
#5292=AXIS2_PLACEMENT_3D('',#5289,#5290,#5291);
#5293=CIRCLE('',#5292,0.32);
#5294=EDGE_CURVE('',#5257,#5288,#5293,.T.);
#5295=ORIENTED_EDGE('',*,*,#5294,.T.);
#5296=CARTESIAN_POINT('',(-2.515,-0.89,0.705));
#5297=VERTEX_POINT('',#5296);
#5298=CARTESIAN_POINT('',(-2.515,-0.38,0.705));
#5299=DIRECTION('',(-0.,-1.,-0.));
#5300=VECTOR('',#5299,0.51);
#5301=LINE('',#5298,#5300);
#5302=EDGE_CURVE('',#5288,#5297,#5301,.T.);
#5303=ORIENTED_EDGE('',*,*,#5302,.T.);
#5304=CARTESIAN_POINT('',(-2.195,-0.89,0.705));
#5305=DIRECTION('',(-0.,-1.,-0.));
#5306=DIRECTION('',(0.,-0.,1.));
#5307=AXIS2_PLACEMENT_3D('',#5304,#5305,#5306);
#5308=CIRCLE('',#5307,0.32);
#5309=EDGE_CURVE('',#5259,#5297,#5308,.T.);
#5310=ORIENTED_EDGE('',*,*,#5309,.F.);
#5311=ORIENTED_EDGE('',*,*,#5264,.F.);
#5312=EDGE_LOOP('',(#5295,#5303,#5310,#5311));
#5313=FACE_BOUND('',#5312,.T.);
#5314=ADVANCED_FACE('',(#5313),#5286,.T.);
#5315=CARTESIAN_POINT('',(-2.515,-0.38,0.32));
#5316=DIRECTION('',(-1.,0.,0.));
#5317=DIRECTION('',(0.,0.,1.));
#5318=AXIS2_PLACEMENT_3D('',#5315,#5316,#5317);
#5319=PLANE('',#5318);
#5320=CARTESIAN_POINT('',(-2.515,-0.38,0.32));
#5321=VERTEX_POINT('',#5320);
#5322=CARTESIAN_POINT('',(-2.515,-0.89,0.32));
#5323=VERTEX_POINT('',#5322);
#5324=CARTESIAN_POINT('',(-2.515,-0.38,0.32));
#5325=DIRECTION('',(-0.,-1.,-0.));
#5326=VECTOR('',#5325,0.51);
#5327=LINE('',#5324,#5326);
#5328=EDGE_CURVE('',#5321,#5323,#5327,.T.);
#5329=ORIENTED_EDGE('',*,*,#5328,.T.);
#5330=CARTESIAN_POINT('',(-2.515,-0.89,0.32));
#5331=DIRECTION('',(0.,0.,1.));
#5332=VECTOR('',#5331,0.385);
#5333=LINE('',#5330,#5332);
#5334=EDGE_CURVE('',#5323,#5297,#5333,.T.);
#5335=ORIENTED_EDGE('',*,*,#5334,.T.);
#5336=ORIENTED_EDGE('',*,*,#5302,.F.);
#5337=CARTESIAN_POINT('',(-2.515,-0.38,0.32));
#5338=DIRECTION('',(0.,0.,1.));
#5339=VECTOR('',#5338,0.385);
#5340=LINE('',#5337,#5339);
#5341=EDGE_CURVE('',#5321,#5288,#5340,.T.);
#5342=ORIENTED_EDGE('',*,*,#5341,.F.);
#5343=EDGE_LOOP('',(#5329,#5335,#5336,#5342));
#5344=FACE_BOUND('',#5343,.T.);
#5345=ADVANCED_FACE('',(#5344),#5319,.T.);
#5346=CARTESIAN_POINT('',(-2.585,-0.38,0.32));
#5347=DIRECTION('',(-0.,1.,0.));
#5348=DIRECTION('',(1.,0.,0.));
#5349=AXIS2_PLACEMENT_3D('',#5346,#5347,#5348);
#5350=CYLINDRICAL_SURFACE('',#5349,0.07);
#5351=CARTESIAN_POINT('',(-2.585,-0.38,0.25));
#5352=VERTEX_POINT('',#5351);
#5353=CARTESIAN_POINT('',(-2.585,-0.89,0.25));
#5354=VERTEX_POINT('',#5353);
#5355=CARTESIAN_POINT('',(-2.585,-0.38,0.25));
#5356=DIRECTION('',(-0.,-1.,-0.));
#5357=VECTOR('',#5356,0.51);
#5358=LINE('',#5355,#5357);
#5359=EDGE_CURVE('',#5352,#5354,#5358,.T.);
#5360=ORIENTED_EDGE('',*,*,#5359,.T.);
#5361=CARTESIAN_POINT('',(-2.585,-0.89,0.32));
#5362=DIRECTION('',(-0.,-1.,-0.));
#5363=DIRECTION('',(0.,-0.,1.));
#5364=AXIS2_PLACEMENT_3D('',#5361,#5362,#5363);
#5365=CIRCLE('',#5364,0.07);
#5366=EDGE_CURVE('',#5354,#5323,#5365,.T.);
#5367=ORIENTED_EDGE('',*,*,#5366,.T.);
#5368=ORIENTED_EDGE('',*,*,#5328,.F.);
#5369=CARTESIAN_POINT('',(-2.585,-0.38,0.32));
#5370=DIRECTION('',(-0.,-1.,-0.));
#5371=DIRECTION('',(0.,-0.,1.));
#5372=AXIS2_PLACEMENT_3D('',#5369,#5370,#5371);
#5373=CIRCLE('',#5372,0.07);
#5374=EDGE_CURVE('',#5352,#5321,#5373,.T.);
#5375=ORIENTED_EDGE('',*,*,#5374,.F.);
#5376=EDGE_LOOP('',(#5360,#5367,#5368,#5375));
#5377=FACE_BOUND('',#5376,.T.);
#5378=ADVANCED_FACE('',(#5377),#5350,.F.);
#5379=CARTESIAN_POINT('',(-3.1,-0.38,0.25));
#5380=DIRECTION('',(0.,0.,1.));
#5381=DIRECTION('',(1.,0.,0.));
#5382=AXIS2_PLACEMENT_3D('',#5379,#5380,#5381);
#5383=PLANE('',#5382);
#5384=ORIENTED_EDGE('',*,*,#5056,.T.);
#5385=CARTESIAN_POINT('',(-3.1,-0.89,0.25));
#5386=DIRECTION('',(1.,0.,-0.));
#5387=VECTOR('',#5386,0.515);
#5388=LINE('',#5385,#5387);
#5389=EDGE_CURVE('',#5045,#5354,#5388,.T.);
#5390=ORIENTED_EDGE('',*,*,#5389,.T.);
#5391=ORIENTED_EDGE('',*,*,#5359,.F.);
#5392=CARTESIAN_POINT('',(-3.1,-0.38,0.25));
#5393=DIRECTION('',(1.,0.,-0.));
#5394=VECTOR('',#5393,0.515);
#5395=LINE('',#5392,#5394);
#5396=EDGE_CURVE('',#5027,#5352,#5395,.T.);
#5397=ORIENTED_EDGE('',*,*,#5396,.F.);
#5398=EDGE_LOOP('',(#5384,#5390,#5391,#5397));
#5399=FACE_BOUND('',#5398,.T.);
#5400=ADVANCED_FACE('',(#5399),#5383,.T.);
#5401=CARTESIAN_POINT('',(-2.467780726,-0.38,0.470927543));
#5402=DIRECTION('',(0.,1.,0.));
#5403=DIRECTION('',(0.,0.,1.));
#5404=AXIS2_PLACEMENT_3D('',#5401,#5402,#5403);
#5405=PLANE('',#5404);
#5406=ORIENTED_EDGE('',*,*,#5396,.T.);
#5407=ORIENTED_EDGE('',*,*,#5374,.T.);
#5408=ORIENTED_EDGE('',*,*,#5341,.T.);
#5409=ORIENTED_EDGE('',*,*,#5294,.F.);
#5410=ORIENTED_EDGE('',*,*,#5277,.T.);
#5411=ORIENTED_EDGE('',*,*,#5246,.T.);
#5412=ORIENTED_EDGE('',*,*,#5200,.F.);
#5413=ORIENTED_EDGE('',*,*,#5184,.T.);
#5414=ORIENTED_EDGE('',*,*,#5136,.F.);
#5415=ORIENTED_EDGE('',*,*,#5104,.F.);
#5416=ORIENTED_EDGE('',*,*,#5072,.F.);
#5417=ORIENTED_EDGE('',*,*,#5034,.F.);
#5418=EDGE_LOOP('',(#5406,#5407,#5408,#5409,#5410,#5411,#5412,#5413,#5414,#5415,#5416,#5417));
#5419=FACE_BOUND('',#5418,.T.);
#5420=ADVANCED_FACE('',(#5419),#5405,.T.);
#5421=CARTESIAN_POINT('',(-2.467780726,-0.89,0.470927543));
#5422=DIRECTION('',(0.,1.,0.));
#5423=DIRECTION('',(0.,0.,1.));
#5424=AXIS2_PLACEMENT_3D('',#5421,#5422,#5423);
#5425=PLANE('',#5424);
#5426=ORIENTED_EDGE('',*,*,#5050,.T.);
#5427=ORIENTED_EDGE('',*,*,#5086,.T.);
#5428=ORIENTED_EDGE('',*,*,#5119,.T.);
#5429=ORIENTED_EDGE('',*,*,#5150,.T.);
#5430=ORIENTED_EDGE('',*,*,#5176,.F.);
#5431=ORIENTED_EDGE('',*,*,#5214,.T.);
#5432=ORIENTED_EDGE('',*,*,#5239,.F.);
#5433=ORIENTED_EDGE('',*,*,#5270,.F.);
#5434=ORIENTED_EDGE('',*,*,#5309,.T.);
#5435=ORIENTED_EDGE('',*,*,#5334,.F.);
#5436=ORIENTED_EDGE('',*,*,#5366,.F.);
#5437=ORIENTED_EDGE('',*,*,#5389,.F.);
#5438=EDGE_LOOP('',(#5426,#5427,#5428,#5429,#5430,#5431,#5432,#5433,#5434,#5435,#5436,#5437));
#5439=FACE_BOUND('',#5438,.T.);
#5440=ADVANCED_FACE('',(#5439),#5425,.F.);
#5441=CLOSED_SHELL('',(#5060,#5091,#5124,#5155,#5188,#5219,#5250,#5281,#5314,#5345,#5378,#5400,#5420,#5440));
#5442=MANIFOLD_SOLID_BREP('Imported 06',#5441);
#5020=STYLED_ITEM('',(#910),#5442);
#5001=SHAPE_REPRESENTATION('Pin003',(#15),#4999);
#5002=ADVANCED_BREP_SHAPE_REPRESENTATION('Pin003',(#5442),#4999);
#5450=SHAPE_REPRESENTATION_RELATIONSHIP('','',#5001,#5002);
#5451=CARTESIAN_POINT('',(0.,0.,0.));
#5452=DIRECTION('',(0.,0.,1.));
#5453=DIRECTION('',(1.,0.,0.));
#5454=AXIS2_PLACEMENT_3D('',#5451,#5452,#5453);
#5456=MAPPED_ITEM('',#5455,#5454);
#5455=REPRESENTATION_MAP(#5454,#5001);
#5009=PRODUCT('Pin003','Pin003','',(#3372));
#5457=PRODUCT_RELATED_PRODUCT_CATEGORY('part','',(#5009));
#5458=PRODUCT_DEFINITION_FORMATION_WITH_SPECIFIED_SOURCE('','',#5009,.NOT_KNOWN.);
#5010=PRODUCT_DEFINITION('design','',#5458,#3373);
#5008=PRODUCT_DEFINITION_SHAPE('','',#5010);
#5459=SHAPE_DEFINITION_REPRESENTATION(#5008,#5001);
#5000=DRAUGHTING_MODEL('',(#5456),#4999);
#5460=(NAMED_UNIT(*)PLANE_ANGLE_UNIT()SI_UNIT($,.RADIAN.));
#5461=PLANE_ANGLE_MEASURE_WITH_UNIT(PLANE_ANGLE_MEASURE(0.0174532925),#5460);
#5462=(CONVERSION_BASED_UNIT('DEGREE',#5461)NAMED_UNIT(#5463)PLANE_ANGLE_UNIT());
#5463=DIMENSIONAL_EXPONENTS(0.,0.,0.,0.,0.,0.,0.);
#5464=(NAMED_UNIT(*)SI_UNIT($,.STERADIAN.)SOLID_ANGLE_UNIT());
#5465=(LENGTH_UNIT()NAMED_UNIT(*)SI_UNIT(.MILLI.,.METRE.));
#5466=UNCERTAINTY_MEASURE_WITH_UNIT(LENGTH_MEASURE(1.000000E-05),#5465,'DISTANCE_ACCURACY_VALUE','Maximum Tolerance applied to model');
#5467=(GEOMETRIC_REPRESENTATION_CONTEXT(3)GLOBAL_UNCERTAINTY_ASSIGNED_CONTEXT((#5466))GLOBAL_UNIT_ASSIGNED_CONTEXT((#5465,#5462,#5464))REPRESENTATION_CONTEXT('','Pin004'));
#5479=CARTESIAN_POINT('',(0.,0.,0.));
#5480=DIRECTION('',(0.,0.,1.));
#5481=DIRECTION('',(1.,0.,-0.));
#5482=AXIS2_PLACEMENT_3D('',#5479,#5480,#5481);
#5483=ITEM_DEFINED_TRANSFORMATION('','',#5482,#15);
#5484=(REPRESENTATION_RELATIONSHIP('','',#5469,#63)REPRESENTATION_RELATIONSHIP_WITH_TRANSFORMATION(#5483)SHAPE_REPRESENTATION_RELATIONSHIP());
#5485=NEXT_ASSEMBLY_USAGE_OCCURRENCE('Pin004_8','Pin004','Pin004',#72,#5478,$);
#5486=PRODUCT_DEFINITION_SHAPE('','',#5485);
#5487=CONTEXT_DEPENDENT_SHAPE_REPRESENTATION(#5484,#5486);
#5489=CARTESIAN_POINT('',(-3.1,-1.65,0.25));
#5490=DIRECTION('',(1.,0.,0.));
#5491=DIRECTION('',(0.,0.,-1.));
#5492=AXIS2_PLACEMENT_3D('',#5489,#5490,#5491);
#5493=PLANE('',#5492);
#5494=CARTESIAN_POINT('',(-3.1,-1.65,0.25));
#5495=VERTEX_POINT('',#5494);
#5496=CARTESIAN_POINT('',(-3.1,-1.65,0.));
#5497=VERTEX_POINT('',#5496);
#5498=CARTESIAN_POINT('',(-3.1,-1.65,0.25));
#5499=DIRECTION('',(0.,0.,-1.));
#5500=VECTOR('',#5499,0.25);
#5501=LINE('',#5498,#5500);
#5502=EDGE_CURVE('',#5495,#5497,#5501,.T.);
#5503=ORIENTED_EDGE('',*,*,#5502,.T.);
#5504=CARTESIAN_POINT('',(-3.1,-2.16,0.));
#5505=VERTEX_POINT('',#5504);
#5506=CARTESIAN_POINT('',(-3.1,-1.65,0.));
#5507=DIRECTION('',(-0.,-1.,-0.));
#5508=VECTOR('',#5507,0.51);
#5509=LINE('',#5506,#5508);
#5510=EDGE_CURVE('',#5497,#5505,#5509,.T.);
#5511=ORIENTED_EDGE('',*,*,#5510,.T.);
#5512=CARTESIAN_POINT('',(-3.1,-2.16,0.25));
#5513=VERTEX_POINT('',#5512);
#5514=CARTESIAN_POINT('',(-3.1,-2.16,0.25));
#5515=DIRECTION('',(-0.,-0.,-1.));
#5516=VECTOR('',#5515,0.25);
#5517=LINE('',#5514,#5516);
#5518=EDGE_CURVE('',#5513,#5505,#5517,.T.);
#5519=ORIENTED_EDGE('',*,*,#5518,.F.);
#5520=CARTESIAN_POINT('',(-3.1,-1.65,0.25));
#5521=DIRECTION('',(-0.,-1.,-0.));
#5522=VECTOR('',#5521,0.51);
#5523=LINE('',#5520,#5522);
#5524=EDGE_CURVE('',#5495,#5513,#5523,.T.);
#5525=ORIENTED_EDGE('',*,*,#5524,.F.);
#5526=EDGE_LOOP('',(#5503,#5511,#5519,#5525));
#5527=FACE_BOUND('',#5526,.T.);
#5528=ADVANCED_FACE('',(#5527),#5493,.F.);
#5529=CARTESIAN_POINT('',(-3.1,-1.65,0.));
#5530=DIRECTION('',(0.,0.,1.));
#5531=DIRECTION('',(1.,0.,0.));
#5532=AXIS2_PLACEMENT_3D('',#5529,#5530,#5531);
#5533=PLANE('',#5532);
#5534=CARTESIAN_POINT('',(-2.585,-1.65,0.));
#5535=VERTEX_POINT('',#5534);
#5536=CARTESIAN_POINT('',(-3.1,-1.65,0.));
#5537=DIRECTION('',(1.,0.,-0.));
#5538=VECTOR('',#5537,0.515);
#5539=LINE('',#5536,#5538);
#5540=EDGE_CURVE('',#5497,#5535,#5539,.T.);
#5541=ORIENTED_EDGE('',*,*,#5540,.T.);
#5542=CARTESIAN_POINT('',(-2.585,-2.16,0.));
#5543=VERTEX_POINT('',#5542);
#5544=CARTESIAN_POINT('',(-2.585,-1.65,0.));
#5545=DIRECTION('',(-0.,-1.,-0.));
#5546=VECTOR('',#5545,0.51);
#5547=LINE('',#5544,#5546);
#5548=EDGE_CURVE('',#5535,#5543,#5547,.T.);
#5549=ORIENTED_EDGE('',*,*,#5548,.T.);
#5550=CARTESIAN_POINT('',(-3.1,-2.16,0.));
#5551=DIRECTION('',(1.,0.,-0.));
#5552=VECTOR('',#5551,0.515);
#5553=LINE('',#5550,#5552);
#5554=EDGE_CURVE('',#5505,#5543,#5553,.T.);
#5555=ORIENTED_EDGE('',*,*,#5554,.F.);
#5556=ORIENTED_EDGE('',*,*,#5510,.F.);
#5557=EDGE_LOOP('',(#5541,#5549,#5555,#5556));
#5558=FACE_BOUND('',#5557,.T.);
#5559=ADVANCED_FACE('',(#5558),#5533,.F.);
#5560=CARTESIAN_POINT('',(-2.585,-1.65,0.32));
#5561=DIRECTION('',(-0.,1.,0.));
#5562=DIRECTION('',(1.,0.,0.));
#5563=AXIS2_PLACEMENT_3D('',#5560,#5561,#5562);
#5564=CYLINDRICAL_SURFACE('',#5563,0.32);
#5565=CARTESIAN_POINT('',(-2.265,-1.65,0.32));
#5566=VERTEX_POINT('',#5565);
#5567=CARTESIAN_POINT('',(-2.585,-1.65,0.32));
#5568=DIRECTION('',(-0.,-1.,-0.));
#5569=DIRECTION('',(0.,-0.,1.));
#5570=AXIS2_PLACEMENT_3D('',#5567,#5568,#5569);
#5571=CIRCLE('',#5570,0.32);
#5572=EDGE_CURVE('',#5535,#5566,#5571,.T.);
#5573=ORIENTED_EDGE('',*,*,#5572,.T.);
#5574=CARTESIAN_POINT('',(-2.265,-2.16,0.32));
#5575=VERTEX_POINT('',#5574);
#5576=CARTESIAN_POINT('',(-2.265,-1.65,0.32));
#5577=DIRECTION('',(-0.,-1.,-0.));
#5578=VECTOR('',#5577,0.51);
#5579=LINE('',#5576,#5578);
#5580=EDGE_CURVE('',#5566,#5575,#5579,.T.);
#5581=ORIENTED_EDGE('',*,*,#5580,.T.);
#5582=CARTESIAN_POINT('',(-2.585,-2.16,0.32));
#5583=DIRECTION('',(-0.,-1.,-0.));
#5584=DIRECTION('',(0.,-0.,1.));
#5585=AXIS2_PLACEMENT_3D('',#5582,#5583,#5584);
#5586=CIRCLE('',#5585,0.32);
#5587=EDGE_CURVE('',#5543,#5575,#5586,.T.);
#5588=ORIENTED_EDGE('',*,*,#5587,.F.);
#5589=ORIENTED_EDGE('',*,*,#5548,.F.);
#5590=EDGE_LOOP('',(#5573,#5581,#5588,#5589));
#5591=FACE_BOUND('',#5590,.T.);
#5592=ADVANCED_FACE('',(#5591),#5564,.T.);
#5593=CARTESIAN_POINT('',(-2.265,-1.65,0.32));
#5594=DIRECTION('',(-1.,0.,0.));
#5595=DIRECTION('',(0.,0.,1.));
#5596=AXIS2_PLACEMENT_3D('',#5593,#5594,#5595);
#5597=PLANE('',#5596);
#5598=CARTESIAN_POINT('',(-2.265,-1.65,0.705));
#5599=VERTEX_POINT('',#5598);
#5600=CARTESIAN_POINT('',(-2.265,-1.65,0.32));
#5601=DIRECTION('',(0.,0.,1.));
#5602=VECTOR('',#5601,0.385);
#5603=LINE('',#5600,#5602);
#5604=EDGE_CURVE('',#5566,#5599,#5603,.T.);
#5605=ORIENTED_EDGE('',*,*,#5604,.T.);
#5606=CARTESIAN_POINT('',(-2.265,-2.16,0.705));
#5607=VERTEX_POINT('',#5606);
#5608=CARTESIAN_POINT('',(-2.265,-1.65,0.705));
#5609=DIRECTION('',(-0.,-1.,-0.));
#5610=VECTOR('',#5609,0.51);
#5611=LINE('',#5608,#5610);
#5612=EDGE_CURVE('',#5599,#5607,#5611,.T.);
#5613=ORIENTED_EDGE('',*,*,#5612,.T.);
#5614=CARTESIAN_POINT('',(-2.265,-2.16,0.32));
#5615=DIRECTION('',(0.,0.,1.));
#5616=VECTOR('',#5615,0.385);
#5617=LINE('',#5614,#5616);
#5618=EDGE_CURVE('',#5575,#5607,#5617,.T.);
#5619=ORIENTED_EDGE('',*,*,#5618,.F.);
#5620=ORIENTED_EDGE('',*,*,#5580,.F.);
#5621=EDGE_LOOP('',(#5605,#5613,#5619,#5620));
#5622=FACE_BOUND('',#5621,.T.);
#5623=ADVANCED_FACE('',(#5622),#5597,.F.);
#5624=CARTESIAN_POINT('',(-2.195,-1.65,0.705));
#5625=DIRECTION('',(-0.,1.,0.));
#5626=DIRECTION('',(1.,0.,0.));
#5627=AXIS2_PLACEMENT_3D('',#5624,#5625,#5626);
#5628=CYLINDRICAL_SURFACE('',#5627,0.07);
#5629=CARTESIAN_POINT('',(-2.195,-1.65,0.775));
#5630=VERTEX_POINT('',#5629);
#5631=CARTESIAN_POINT('',(-2.195,-2.16,0.775));
#5632=VERTEX_POINT('',#5631);
#5633=CARTESIAN_POINT('',(-2.195,-1.65,0.775));
#5634=DIRECTION('',(-0.,-1.,-0.));
#5635=VECTOR('',#5634,0.51);
#5636=LINE('',#5633,#5635);
#5637=EDGE_CURVE('',#5630,#5632,#5636,.T.);
#5638=ORIENTED_EDGE('',*,*,#5637,.T.);
#5639=CARTESIAN_POINT('',(-2.195,-2.16,0.705));
#5640=DIRECTION('',(-0.,-1.,-0.));
#5641=DIRECTION('',(0.,-0.,1.));
#5642=AXIS2_PLACEMENT_3D('',#5639,#5640,#5641);
#5643=CIRCLE('',#5642,0.07);
#5644=EDGE_CURVE('',#5632,#5607,#5643,.T.);
#5645=ORIENTED_EDGE('',*,*,#5644,.T.);
#5646=ORIENTED_EDGE('',*,*,#5612,.F.);
#5647=CARTESIAN_POINT('',(-2.195,-1.65,0.705));
#5648=DIRECTION('',(-0.,-1.,-0.));
#5649=DIRECTION('',(0.,-0.,1.));
#5650=AXIS2_PLACEMENT_3D('',#5647,#5648,#5649);
#5651=CIRCLE('',#5650,0.07);
#5652=EDGE_CURVE('',#5630,#5599,#5651,.T.);
#5653=ORIENTED_EDGE('',*,*,#5652,.F.);
#5654=EDGE_LOOP('',(#5638,#5645,#5646,#5653));
#5655=FACE_BOUND('',#5654,.T.);
#5656=ADVANCED_FACE('',(#5655),#5628,.F.);
#5657=CARTESIAN_POINT('',(-2.195,-1.65,0.775));
#5658=DIRECTION('',(0.,0.,1.));
#5659=DIRECTION('',(1.,0.,0.));
#5660=AXIS2_PLACEMENT_3D('',#5657,#5658,#5659);
#5661=PLANE('',#5660);
#5662=CARTESIAN_POINT('',(-1.9,-1.65,0.775));
#5663=VERTEX_POINT('',#5662);
#5664=CARTESIAN_POINT('',(-2.195,-1.65,0.775));
#5665=DIRECTION('',(1.,0.,-0.));
#5666=VECTOR('',#5665,0.295);
#5667=LINE('',#5664,#5666);
#5668=EDGE_CURVE('',#5630,#5663,#5667,.T.);
#5669=ORIENTED_EDGE('',*,*,#5668,.T.);
#5670=CARTESIAN_POINT('',(-1.9,-2.16,0.775));
#5671=VERTEX_POINT('',#5670);
#5672=CARTESIAN_POINT('',(-1.9,-1.65,0.775));
#5673=DIRECTION('',(-0.,-1.,-0.));
#5674=VECTOR('',#5673,0.51);
#5675=LINE('',#5672,#5674);
#5676=EDGE_CURVE('',#5663,#5671,#5675,.T.);
#5677=ORIENTED_EDGE('',*,*,#5676,.T.);
#5678=CARTESIAN_POINT('',(-2.195,-2.16,0.775));
#5679=DIRECTION('',(1.,0.,-0.));
#5680=VECTOR('',#5679,0.295);
#5681=LINE('',#5678,#5680);
#5682=EDGE_CURVE('',#5632,#5671,#5681,.T.);
#5683=ORIENTED_EDGE('',*,*,#5682,.F.);
#5684=ORIENTED_EDGE('',*,*,#5637,.F.);
#5685=EDGE_LOOP('',(#5669,#5677,#5683,#5684));
#5686=FACE_BOUND('',#5685,.T.);
#5687=ADVANCED_FACE('',(#5686),#5661,.F.);
#5688=CARTESIAN_POINT('',(-1.9,-1.65,1.025));
#5689=DIRECTION('',(1.,0.,0.));
#5690=DIRECTION('',(0.,0.,-1.));
#5691=AXIS2_PLACEMENT_3D('',#5688,#5689,#5690);
#5692=PLANE('',#5691);
#5693=CARTESIAN_POINT('',(-1.9,-1.65,1.025));
#5694=VERTEX_POINT('',#5693);
#5695=CARTESIAN_POINT('',(-1.9,-2.16,1.025));
#5696=VERTEX_POINT('',#5695);
#5697=CARTESIAN_POINT('',(-1.9,-1.65,1.025));
#5698=DIRECTION('',(-0.,-1.,-0.));
#5699=VECTOR('',#5698,0.51);
#5700=LINE('',#5697,#5699);
#5701=EDGE_CURVE('',#5694,#5696,#5700,.T.);
#5702=ORIENTED_EDGE('',*,*,#5701,.T.);
#5703=CARTESIAN_POINT('',(-1.9,-2.16,1.025));
#5704=DIRECTION('',(0.,0.,-1.));
#5705=VECTOR('',#5704,0.25);
#5706=LINE('',#5703,#5705);
#5707=EDGE_CURVE('',#5696,#5671,#5706,.T.);
#5708=ORIENTED_EDGE('',*,*,#5707,.T.);
#5709=ORIENTED_EDGE('',*,*,#5676,.F.);
#5710=CARTESIAN_POINT('',(-1.9,-1.65,1.025));
#5711=DIRECTION('',(-0.,-0.,-1.));
#5712=VECTOR('',#5711,0.25);
#5713=LINE('',#5710,#5712);
#5714=EDGE_CURVE('',#5694,#5663,#5713,.T.);
#5715=ORIENTED_EDGE('',*,*,#5714,.F.);
#5716=EDGE_LOOP('',(#5702,#5708,#5709,#5715));
#5717=FACE_BOUND('',#5716,.T.);
#5718=ADVANCED_FACE('',(#5717),#5692,.T.);
#5719=CARTESIAN_POINT('',(-2.195,-1.65,1.025));
#5720=DIRECTION('',(0.,0.,1.));
#5721=DIRECTION('',(1.,0.,0.));
#5722=AXIS2_PLACEMENT_3D('',#5719,#5720,#5721);
#5723=PLANE('',#5722);
#5724=CARTESIAN_POINT('',(-2.195,-1.65,1.025));
#5725=VERTEX_POINT('',#5724);
#5726=CARTESIAN_POINT('',(-2.195,-2.16,1.025));
#5727=VERTEX_POINT('',#5726);
#5728=CARTESIAN_POINT('',(-2.195,-1.65,1.025));
#5729=DIRECTION('',(-0.,-1.,-0.));
#5730=VECTOR('',#5729,0.51);
#5731=LINE('',#5728,#5730);
#5732=EDGE_CURVE('',#5725,#5727,#5731,.T.);
#5733=ORIENTED_EDGE('',*,*,#5732,.T.);
#5734=CARTESIAN_POINT('',(-2.195,-2.16,1.025));
#5735=DIRECTION('',(1.,0.,-0.));
#5736=VECTOR('',#5735,0.295);
#5737=LINE('',#5734,#5736);
#5738=EDGE_CURVE('',#5727,#5696,#5737,.T.);
#5739=ORIENTED_EDGE('',*,*,#5738,.T.);
#5740=ORIENTED_EDGE('',*,*,#5701,.F.);
#5741=CARTESIAN_POINT('',(-2.195,-1.65,1.025));
#5742=DIRECTION('',(1.,0.,-0.));
#5743=VECTOR('',#5742,0.295);
#5744=LINE('',#5741,#5743);
#5745=EDGE_CURVE('',#5725,#5694,#5744,.T.);
#5746=ORIENTED_EDGE('',*,*,#5745,.F.);
#5747=EDGE_LOOP('',(#5733,#5739,#5740,#5746));
#5748=FACE_BOUND('',#5747,.T.);
#5749=ADVANCED_FACE('',(#5748),#5723,.T.);
#5750=CARTESIAN_POINT('',(-2.195,-1.65,0.705));
#5751=DIRECTION('',(-0.,1.,0.));
#5752=DIRECTION('',(1.,0.,0.));
#5753=AXIS2_PLACEMENT_3D('',#5750,#5751,#5752);
#5754=CYLINDRICAL_SURFACE('',#5753,0.32);
#5755=CARTESIAN_POINT('',(-2.515,-1.65,0.705));
#5756=VERTEX_POINT('',#5755);
#5757=CARTESIAN_POINT('',(-2.195,-1.65,0.705));
#5758=DIRECTION('',(-0.,-1.,-0.));
#5759=DIRECTION('',(0.,-0.,1.));
#5760=AXIS2_PLACEMENT_3D('',#5757,#5758,#5759);
#5761=CIRCLE('',#5760,0.32);
#5762=EDGE_CURVE('',#5725,#5756,#5761,.T.);
#5763=ORIENTED_EDGE('',*,*,#5762,.T.);
#5764=CARTESIAN_POINT('',(-2.515,-2.16,0.705));
#5765=VERTEX_POINT('',#5764);
#5766=CARTESIAN_POINT('',(-2.515,-1.65,0.705));
#5767=DIRECTION('',(-0.,-1.,-0.));
#5768=VECTOR('',#5767,0.51);
#5769=LINE('',#5766,#5768);
#5770=EDGE_CURVE('',#5756,#5765,#5769,.T.);
#5771=ORIENTED_EDGE('',*,*,#5770,.T.);
#5772=CARTESIAN_POINT('',(-2.195,-2.16,0.705));
#5773=DIRECTION('',(-0.,-1.,-0.));
#5774=DIRECTION('',(0.,-0.,1.));
#5775=AXIS2_PLACEMENT_3D('',#5772,#5773,#5774);
#5776=CIRCLE('',#5775,0.32);
#5777=EDGE_CURVE('',#5727,#5765,#5776,.T.);
#5778=ORIENTED_EDGE('',*,*,#5777,.F.);
#5779=ORIENTED_EDGE('',*,*,#5732,.F.);
#5780=EDGE_LOOP('',(#5763,#5771,#5778,#5779));
#5781=FACE_BOUND('',#5780,.T.);
#5782=ADVANCED_FACE('',(#5781),#5754,.T.);
#5783=CARTESIAN_POINT('',(-2.515,-1.65,0.32));
#5784=DIRECTION('',(-1.,0.,0.));
#5785=DIRECTION('',(0.,0.,1.));
#5786=AXIS2_PLACEMENT_3D('',#5783,#5784,#5785);
#5787=PLANE('',#5786);
#5788=CARTESIAN_POINT('',(-2.515,-1.65,0.32));
#5789=VERTEX_POINT('',#5788);
#5790=CARTESIAN_POINT('',(-2.515,-2.16,0.32));
#5791=VERTEX_POINT('',#5790);
#5792=CARTESIAN_POINT('',(-2.515,-1.65,0.32));
#5793=DIRECTION('',(-0.,-1.,-0.));
#5794=VECTOR('',#5793,0.51);
#5795=LINE('',#5792,#5794);
#5796=EDGE_CURVE('',#5789,#5791,#5795,.T.);
#5797=ORIENTED_EDGE('',*,*,#5796,.T.);
#5798=CARTESIAN_POINT('',(-2.515,-2.16,0.32));
#5799=DIRECTION('',(0.,0.,1.));
#5800=VECTOR('',#5799,0.385);
#5801=LINE('',#5798,#5800);
#5802=EDGE_CURVE('',#5791,#5765,#5801,.T.);
#5803=ORIENTED_EDGE('',*,*,#5802,.T.);
#5804=ORIENTED_EDGE('',*,*,#5770,.F.);
#5805=CARTESIAN_POINT('',(-2.515,-1.65,0.32));
#5806=DIRECTION('',(0.,0.,1.));
#5807=VECTOR('',#5806,0.385);
#5808=LINE('',#5805,#5807);
#5809=EDGE_CURVE('',#5789,#5756,#5808,.T.);
#5810=ORIENTED_EDGE('',*,*,#5809,.F.);
#5811=EDGE_LOOP('',(#5797,#5803,#5804,#5810));
#5812=FACE_BOUND('',#5811,.T.);
#5813=ADVANCED_FACE('',(#5812),#5787,.T.);
#5814=CARTESIAN_POINT('',(-2.585,-1.65,0.32));
#5815=DIRECTION('',(-0.,1.,0.));
#5816=DIRECTION('',(1.,0.,0.));
#5817=AXIS2_PLACEMENT_3D('',#5814,#5815,#5816);
#5818=CYLINDRICAL_SURFACE('',#5817,0.07);
#5819=CARTESIAN_POINT('',(-2.585,-1.65,0.25));
#5820=VERTEX_POINT('',#5819);
#5821=CARTESIAN_POINT('',(-2.585,-2.16,0.25));
#5822=VERTEX_POINT('',#5821);
#5823=CARTESIAN_POINT('',(-2.585,-1.65,0.25));
#5824=DIRECTION('',(-0.,-1.,-0.));
#5825=VECTOR('',#5824,0.51);
#5826=LINE('',#5823,#5825);
#5827=EDGE_CURVE('',#5820,#5822,#5826,.T.);
#5828=ORIENTED_EDGE('',*,*,#5827,.T.);
#5829=CARTESIAN_POINT('',(-2.585,-2.16,0.32));
#5830=DIRECTION('',(-0.,-1.,-0.));
#5831=DIRECTION('',(0.,-0.,1.));
#5832=AXIS2_PLACEMENT_3D('',#5829,#5830,#5831);
#5833=CIRCLE('',#5832,0.07);
#5834=EDGE_CURVE('',#5822,#5791,#5833,.T.);
#5835=ORIENTED_EDGE('',*,*,#5834,.T.);
#5836=ORIENTED_EDGE('',*,*,#5796,.F.);
#5837=CARTESIAN_POINT('',(-2.585,-1.65,0.32));
#5838=DIRECTION('',(-0.,-1.,-0.));
#5839=DIRECTION('',(0.,-0.,1.));
#5840=AXIS2_PLACEMENT_3D('',#5837,#5838,#5839);
#5841=CIRCLE('',#5840,0.07);
#5842=EDGE_CURVE('',#5820,#5789,#5841,.T.);
#5843=ORIENTED_EDGE('',*,*,#5842,.F.);
#5844=EDGE_LOOP('',(#5828,#5835,#5836,#5843));
#5845=FACE_BOUND('',#5844,.T.);
#5846=ADVANCED_FACE('',(#5845),#5818,.F.);
#5847=CARTESIAN_POINT('',(-3.1,-1.65,0.25));
#5848=DIRECTION('',(0.,0.,1.));
#5849=DIRECTION('',(1.,0.,0.));
#5850=AXIS2_PLACEMENT_3D('',#5847,#5848,#5849);
#5851=PLANE('',#5850);
#5852=ORIENTED_EDGE('',*,*,#5524,.T.);
#5853=CARTESIAN_POINT('',(-3.1,-2.16,0.25));
#5854=DIRECTION('',(1.,0.,-0.));
#5855=VECTOR('',#5854,0.515);
#5856=LINE('',#5853,#5855);
#5857=EDGE_CURVE('',#5513,#5822,#5856,.T.);
#5858=ORIENTED_EDGE('',*,*,#5857,.T.);
#5859=ORIENTED_EDGE('',*,*,#5827,.F.);
#5860=CARTESIAN_POINT('',(-3.1,-1.65,0.25));
#5861=DIRECTION('',(1.,0.,-0.));
#5862=VECTOR('',#5861,0.515);
#5863=LINE('',#5860,#5862);
#5864=EDGE_CURVE('',#5495,#5820,#5863,.T.);
#5865=ORIENTED_EDGE('',*,*,#5864,.F.);
#5866=EDGE_LOOP('',(#5852,#5858,#5859,#5865));
#5867=FACE_BOUND('',#5866,.T.);
#5868=ADVANCED_FACE('',(#5867),#5851,.T.);
#5869=CARTESIAN_POINT('',(-2.467780726,-1.65,0.470927543));
#5870=DIRECTION('',(0.,1.,0.));
#5871=DIRECTION('',(0.,0.,1.));
#5872=AXIS2_PLACEMENT_3D('',#5869,#5870,#5871);
#5873=PLANE('',#5872);
#5874=ORIENTED_EDGE('',*,*,#5864,.T.);
#5875=ORIENTED_EDGE('',*,*,#5842,.T.);
#5876=ORIENTED_EDGE('',*,*,#5809,.T.);
#5877=ORIENTED_EDGE('',*,*,#5762,.F.);
#5878=ORIENTED_EDGE('',*,*,#5745,.T.);
#5879=ORIENTED_EDGE('',*,*,#5714,.T.);
#5880=ORIENTED_EDGE('',*,*,#5668,.F.);
#5881=ORIENTED_EDGE('',*,*,#5652,.T.);
#5882=ORIENTED_EDGE('',*,*,#5604,.F.);
#5883=ORIENTED_EDGE('',*,*,#5572,.F.);
#5884=ORIENTED_EDGE('',*,*,#5540,.F.);
#5885=ORIENTED_EDGE('',*,*,#5502,.F.);
#5886=EDGE_LOOP('',(#5874,#5875,#5876,#5877,#5878,#5879,#5880,#5881,#5882,#5883,#5884,#5885));
#5887=FACE_BOUND('',#5886,.T.);
#5888=ADVANCED_FACE('',(#5887),#5873,.T.);
#5889=CARTESIAN_POINT('',(-2.467780726,-2.16,0.470927543));
#5890=DIRECTION('',(0.,1.,0.));
#5891=DIRECTION('',(0.,0.,1.));
#5892=AXIS2_PLACEMENT_3D('',#5889,#5890,#5891);
#5893=PLANE('',#5892);
#5894=ORIENTED_EDGE('',*,*,#5518,.T.);
#5895=ORIENTED_EDGE('',*,*,#5554,.T.);
#5896=ORIENTED_EDGE('',*,*,#5587,.T.);
#5897=ORIENTED_EDGE('',*,*,#5618,.T.);
#5898=ORIENTED_EDGE('',*,*,#5644,.F.);
#5899=ORIENTED_EDGE('',*,*,#5682,.T.);
#5900=ORIENTED_EDGE('',*,*,#5707,.F.);
#5901=ORIENTED_EDGE('',*,*,#5738,.F.);
#5902=ORIENTED_EDGE('',*,*,#5777,.T.);
#5903=ORIENTED_EDGE('',*,*,#5802,.F.);
#5904=ORIENTED_EDGE('',*,*,#5834,.F.);
#5905=ORIENTED_EDGE('',*,*,#5857,.F.);
#5906=EDGE_LOOP('',(#5894,#5895,#5896,#5897,#5898,#5899,#5900,#5901,#5902,#5903,#5904,#5905));
#5907=FACE_BOUND('',#5906,.T.);
#5908=ADVANCED_FACE('',(#5907),#5893,.F.);
#5909=CLOSED_SHELL('',(#5528,#5559,#5592,#5623,#5656,#5687,#5718,#5749,#5782,#5813,#5846,#5868,#5888,#5908));
#5910=MANIFOLD_SOLID_BREP('Imported 05',#5909);
#5488=STYLED_ITEM('',(#910),#5910);
#5469=SHAPE_REPRESENTATION('Pin004',(#15),#5467);
#5470=ADVANCED_BREP_SHAPE_REPRESENTATION('Pin004',(#5910),#5467);
#5918=SHAPE_REPRESENTATION_RELATIONSHIP('','',#5469,#5470);
#5919=CARTESIAN_POINT('',(0.,0.,0.));
#5920=DIRECTION('',(0.,0.,1.));
#5921=DIRECTION('',(1.,0.,0.));
#5922=AXIS2_PLACEMENT_3D('',#5919,#5920,#5921);
#5924=MAPPED_ITEM('',#5923,#5922);
#5923=REPRESENTATION_MAP(#5922,#5469);
#5477=PRODUCT('Pin004','Pin004','',(#3372));
#5925=PRODUCT_RELATED_PRODUCT_CATEGORY('part','',(#5477));
#5926=PRODUCT_DEFINITION_FORMATION_WITH_SPECIFIED_SOURCE('','',#5477,.NOT_KNOWN.);
#5478=PRODUCT_DEFINITION('design','',#5926,#3373);
#5476=PRODUCT_DEFINITION_SHAPE('','',#5478);
#5927=SHAPE_DEFINITION_REPRESENTATION(#5476,#5469);
#5468=DRAUGHTING_MODEL('',(#5924),#5467);
#5928=(NAMED_UNIT(*)PLANE_ANGLE_UNIT()SI_UNIT($,.RADIAN.));
#5929=PLANE_ANGLE_MEASURE_WITH_UNIT(PLANE_ANGLE_MEASURE(0.0174532925),#5928);
#5930=(CONVERSION_BASED_UNIT('DEGREE',#5929)NAMED_UNIT(#5931)PLANE_ANGLE_UNIT());
#5931=DIMENSIONAL_EXPONENTS(0.,0.,0.,0.,0.,0.,0.);
#5932=(NAMED_UNIT(*)SI_UNIT($,.STERADIAN.)SOLID_ANGLE_UNIT());
#5933=(LENGTH_UNIT()NAMED_UNIT(*)SI_UNIT(.MILLI.,.METRE.));
#5934=UNCERTAINTY_MEASURE_WITH_UNIT(LENGTH_MEASURE(1.000000E-05),#5933,'DISTANCE_ACCURACY_VALUE','Maximum Tolerance applied to model');
#5935=(GEOMETRIC_REPRESENTATION_CONTEXT(3)GLOBAL_UNCERTAINTY_ASSIGNED_CONTEXT((#5934))GLOBAL_UNIT_ASSIGNED_CONTEXT((#5933,#5930,#5932))REPRESENTATION_CONTEXT('','Pin005'));
#5947=CARTESIAN_POINT('',(0.,0.,0.));
#5948=DIRECTION('',(0.,0.,1.));
#5949=DIRECTION('',(1.,0.,-0.));
#5950=AXIS2_PLACEMENT_3D('',#5947,#5948,#5949);
#5951=ITEM_DEFINED_TRANSFORMATION('','',#5950,#15);
#5952=(REPRESENTATION_RELATIONSHIP('','',#5937,#63)REPRESENTATION_RELATIONSHIP_WITH_TRANSFORMATION(#5951)SHAPE_REPRESENTATION_RELATIONSHIP());
#5953=NEXT_ASSEMBLY_USAGE_OCCURRENCE('Pin005_9','Pin005','Pin005',#72,#5946,$);
#5954=PRODUCT_DEFINITION_SHAPE('','',#5953);
#5955=CONTEXT_DEPENDENT_SHAPE_REPRESENTATION(#5952,#5954);
#5957=CARTESIAN_POINT('',(3.1,-2.16,0.25));
#5958=DIRECTION('',(-1.,0.,0.));
#5959=DIRECTION('',(0.,0.,-1.));
#5960=AXIS2_PLACEMENT_3D('',#5957,#5958,#5959);
#5961=PLANE('',#5960);
#5962=CARTESIAN_POINT('',(3.1,-2.16,0.25));
#5963=VERTEX_POINT('',#5962);
#5964=CARTESIAN_POINT('',(3.1,-2.16,0.));
#5965=VERTEX_POINT('',#5964);
#5966=CARTESIAN_POINT('',(3.1,-2.16,0.25));
#5967=DIRECTION('',(0.,0.,-1.));
#5968=VECTOR('',#5967,0.25);
#5969=LINE('',#5966,#5968);
#5970=EDGE_CURVE('',#5963,#5965,#5969,.T.);
#5971=ORIENTED_EDGE('',*,*,#5970,.T.);
#5972=CARTESIAN_POINT('',(3.1,-1.65,0.));
#5973=VERTEX_POINT('',#5972);
#5974=CARTESIAN_POINT('',(3.1,-2.16,0.));
#5975=DIRECTION('',(-0.,1.,-0.));
#5976=VECTOR('',#5975,0.51);
#5977=LINE('',#5974,#5976);
#5978=EDGE_CURVE('',#5965,#5973,#5977,.T.);
#5979=ORIENTED_EDGE('',*,*,#5978,.T.);
#5980=CARTESIAN_POINT('',(3.1,-1.65,0.25));
#5981=VERTEX_POINT('',#5980);
#5982=CARTESIAN_POINT('',(3.1,-1.65,0.25));
#5983=DIRECTION('',(-0.,-0.,-1.));
#5984=VECTOR('',#5983,0.25);
#5985=LINE('',#5982,#5984);
#5986=EDGE_CURVE('',#5981,#5973,#5985,.T.);
#5987=ORIENTED_EDGE('',*,*,#5986,.F.);
#5988=CARTESIAN_POINT('',(3.1,-2.16,0.25));
#5989=DIRECTION('',(-0.,1.,-0.));
#5990=VECTOR('',#5989,0.51);
#5991=LINE('',#5988,#5990);
#5992=EDGE_CURVE('',#5963,#5981,#5991,.T.);
#5993=ORIENTED_EDGE('',*,*,#5992,.F.);
#5994=EDGE_LOOP('',(#5971,#5979,#5987,#5993));
#5995=FACE_BOUND('',#5994,.T.);
#5996=ADVANCED_FACE('',(#5995),#5961,.F.);
#5997=CARTESIAN_POINT('',(3.1,-2.16,0.));
#5998=DIRECTION('',(0.,0.,1.));
#5999=DIRECTION('',(-1.,0.,0.));
#6000=AXIS2_PLACEMENT_3D('',#5997,#5998,#5999);
#6001=PLANE('',#6000);
#6002=CARTESIAN_POINT('',(2.585,-2.16,0.));
#6003=VERTEX_POINT('',#6002);
#6004=CARTESIAN_POINT('',(3.1,-2.16,0.));
#6005=DIRECTION('',(-1.,0.,0.));
#6006=VECTOR('',#6005,0.515);
#6007=LINE('',#6004,#6006);
#6008=EDGE_CURVE('',#5965,#6003,#6007,.T.);
#6009=ORIENTED_EDGE('',*,*,#6008,.T.);
#6010=CARTESIAN_POINT('',(2.585,-1.65,0.));
#6011=VERTEX_POINT('',#6010);
#6012=CARTESIAN_POINT('',(2.585,-2.16,0.));
#6013=DIRECTION('',(-0.,1.,-0.));
#6014=VECTOR('',#6013,0.51);
#6015=LINE('',#6012,#6014);
#6016=EDGE_CURVE('',#6003,#6011,#6015,.T.);
#6017=ORIENTED_EDGE('',*,*,#6016,.T.);
#6018=CARTESIAN_POINT('',(3.1,-1.65,0.));
#6019=DIRECTION('',(-1.,0.,0.));
#6020=VECTOR('',#6019,0.515);
#6021=LINE('',#6018,#6020);
#6022=EDGE_CURVE('',#5973,#6011,#6021,.T.);
#6023=ORIENTED_EDGE('',*,*,#6022,.F.);
#6024=ORIENTED_EDGE('',*,*,#5978,.F.);
#6025=EDGE_LOOP('',(#6009,#6017,#6023,#6024));
#6026=FACE_BOUND('',#6025,.T.);
#6027=ADVANCED_FACE('',(#6026),#6001,.F.);
#6028=CARTESIAN_POINT('',(2.585,-2.16,0.32));
#6029=DIRECTION('',(0.,-1.,0.));
#6030=DIRECTION('',(-1.,0.,0.));
#6031=AXIS2_PLACEMENT_3D('',#6028,#6029,#6030);
#6032=CYLINDRICAL_SURFACE('',#6031,0.32);
#6033=CARTESIAN_POINT('',(2.265,-2.16,0.32));
#6034=VERTEX_POINT('',#6033);
#6035=CARTESIAN_POINT('',(2.585,-2.16,0.32));
#6036=DIRECTION('',(-0.,1.,-0.));
#6037=DIRECTION('',(0.,0.,-1.));
#6038=AXIS2_PLACEMENT_3D('',#6035,#6036,#6037);
#6039=CIRCLE('',#6038,0.32);
#6040=EDGE_CURVE('',#6003,#6034,#6039,.T.);
#6041=ORIENTED_EDGE('',*,*,#6040,.T.);
#6042=CARTESIAN_POINT('',(2.265,-1.65,0.32));
#6043=VERTEX_POINT('',#6042);
#6044=CARTESIAN_POINT('',(2.265,-2.16,0.32));
#6045=DIRECTION('',(-0.,1.,-0.));
#6046=VECTOR('',#6045,0.51);
#6047=LINE('',#6044,#6046);
#6048=EDGE_CURVE('',#6034,#6043,#6047,.T.);
#6049=ORIENTED_EDGE('',*,*,#6048,.T.);
#6050=CARTESIAN_POINT('',(2.585,-1.65,0.32));
#6051=DIRECTION('',(-0.,1.,-0.));
#6052=DIRECTION('',(0.,0.,-1.));
#6053=AXIS2_PLACEMENT_3D('',#6050,#6051,#6052);
#6054=CIRCLE('',#6053,0.32);
#6055=EDGE_CURVE('',#6011,#6043,#6054,.T.);
#6056=ORIENTED_EDGE('',*,*,#6055,.F.);
#6057=ORIENTED_EDGE('',*,*,#6016,.F.);
#6058=EDGE_LOOP('',(#6041,#6049,#6056,#6057));
#6059=FACE_BOUND('',#6058,.T.);
#6060=ADVANCED_FACE('',(#6059),#6032,.T.);
#6061=CARTESIAN_POINT('',(2.265,-2.16,0.32));
#6062=DIRECTION('',(1.,0.,0.));
#6063=DIRECTION('',(0.,0.,1.));
#6064=AXIS2_PLACEMENT_3D('',#6061,#6062,#6063);
#6065=PLANE('',#6064);
#6066=CARTESIAN_POINT('',(2.265,-2.16,0.705));
#6067=VERTEX_POINT('',#6066);
#6068=CARTESIAN_POINT('',(2.265,-2.16,0.32));
#6069=DIRECTION('',(0.,0.,1.));
#6070=VECTOR('',#6069,0.385);
#6071=LINE('',#6068,#6070);
#6072=EDGE_CURVE('',#6034,#6067,#6071,.T.);
#6073=ORIENTED_EDGE('',*,*,#6072,.T.);
#6074=CARTESIAN_POINT('',(2.265,-1.65,0.705));
#6075=VERTEX_POINT('',#6074);
#6076=CARTESIAN_POINT('',(2.265,-2.16,0.705));
#6077=DIRECTION('',(-0.,1.,-0.));
#6078=VECTOR('',#6077,0.51);
#6079=LINE('',#6076,#6078);
#6080=EDGE_CURVE('',#6067,#6075,#6079,.T.);
#6081=ORIENTED_EDGE('',*,*,#6080,.T.);
#6082=CARTESIAN_POINT('',(2.265,-1.65,0.32));
#6083=DIRECTION('',(0.,0.,1.));
#6084=VECTOR('',#6083,0.385);
#6085=LINE('',#6082,#6084);
#6086=EDGE_CURVE('',#6043,#6075,#6085,.T.);
#6087=ORIENTED_EDGE('',*,*,#6086,.F.);
#6088=ORIENTED_EDGE('',*,*,#6048,.F.);
#6089=EDGE_LOOP('',(#6073,#6081,#6087,#6088));
#6090=FACE_BOUND('',#6089,.T.);
#6091=ADVANCED_FACE('',(#6090),#6065,.F.);
#6092=CARTESIAN_POINT('',(2.195,-2.16,0.705));
#6093=DIRECTION('',(0.,-1.,0.));
#6094=DIRECTION('',(-1.,0.,0.));
#6095=AXIS2_PLACEMENT_3D('',#6092,#6093,#6094);
#6096=CYLINDRICAL_SURFACE('',#6095,0.07);
#6097=CARTESIAN_POINT('',(2.195,-2.16,0.775));
#6098=VERTEX_POINT('',#6097);
#6099=CARTESIAN_POINT('',(2.195,-1.65,0.775));
#6100=VERTEX_POINT('',#6099);
#6101=CARTESIAN_POINT('',(2.195,-2.16,0.775));
#6102=DIRECTION('',(-0.,1.,-0.));
#6103=VECTOR('',#6102,0.51);
#6104=LINE('',#6101,#6103);
#6105=EDGE_CURVE('',#6098,#6100,#6104,.T.);
#6106=ORIENTED_EDGE('',*,*,#6105,.T.);
#6107=CARTESIAN_POINT('',(2.195,-1.65,0.705));
#6108=DIRECTION('',(-0.,1.,-0.));
#6109=DIRECTION('',(0.,0.,-1.));
#6110=AXIS2_PLACEMENT_3D('',#6107,#6108,#6109);
#6111=CIRCLE('',#6110,0.07);
#6112=EDGE_CURVE('',#6100,#6075,#6111,.T.);
#6113=ORIENTED_EDGE('',*,*,#6112,.T.);
#6114=ORIENTED_EDGE('',*,*,#6080,.F.);
#6115=CARTESIAN_POINT('',(2.195,-2.16,0.705));
#6116=DIRECTION('',(-0.,1.,-0.));
#6117=DIRECTION('',(0.,0.,-1.));
#6118=AXIS2_PLACEMENT_3D('',#6115,#6116,#6117);
#6119=CIRCLE('',#6118,0.07);
#6120=EDGE_CURVE('',#6098,#6067,#6119,.T.);
#6121=ORIENTED_EDGE('',*,*,#6120,.F.);
#6122=EDGE_LOOP('',(#6106,#6113,#6114,#6121));
#6123=FACE_BOUND('',#6122,.T.);
#6124=ADVANCED_FACE('',(#6123),#6096,.F.);
#6125=CARTESIAN_POINT('',(2.195,-2.16,0.775));
#6126=DIRECTION('',(0.,0.,1.));
#6127=DIRECTION('',(-1.,0.,0.));
#6128=AXIS2_PLACEMENT_3D('',#6125,#6126,#6127);
#6129=PLANE('',#6128);
#6130=CARTESIAN_POINT('',(1.9,-2.16,0.775));
#6131=VERTEX_POINT('',#6130);
#6132=CARTESIAN_POINT('',(2.195,-2.16,0.775));
#6133=DIRECTION('',(-1.,0.,0.));
#6134=VECTOR('',#6133,0.295);
#6135=LINE('',#6132,#6134);
#6136=EDGE_CURVE('',#6098,#6131,#6135,.T.);
#6137=ORIENTED_EDGE('',*,*,#6136,.T.);
#6138=CARTESIAN_POINT('',(1.9,-1.65,0.775));
#6139=VERTEX_POINT('',#6138);
#6140=CARTESIAN_POINT('',(1.9,-2.16,0.775));
#6141=DIRECTION('',(-0.,1.,-0.));
#6142=VECTOR('',#6141,0.51);
#6143=LINE('',#6140,#6142);
#6144=EDGE_CURVE('',#6131,#6139,#6143,.T.);
#6145=ORIENTED_EDGE('',*,*,#6144,.T.);
#6146=CARTESIAN_POINT('',(2.195,-1.65,0.775));
#6147=DIRECTION('',(-1.,0.,0.));
#6148=VECTOR('',#6147,0.295);
#6149=LINE('',#6146,#6148);
#6150=EDGE_CURVE('',#6100,#6139,#6149,.T.);
#6151=ORIENTED_EDGE('',*,*,#6150,.F.);
#6152=ORIENTED_EDGE('',*,*,#6105,.F.);
#6153=EDGE_LOOP('',(#6137,#6145,#6151,#6152));
#6154=FACE_BOUND('',#6153,.T.);
#6155=ADVANCED_FACE('',(#6154),#6129,.F.);
#6156=CARTESIAN_POINT('',(1.9,-2.16,1.025));
#6157=DIRECTION('',(-1.,0.,0.));
#6158=DIRECTION('',(0.,0.,-1.));
#6159=AXIS2_PLACEMENT_3D('',#6156,#6157,#6158);
#6160=PLANE('',#6159);
#6161=CARTESIAN_POINT('',(1.9,-2.16,1.025));
#6162=VERTEX_POINT('',#6161);
#6163=CARTESIAN_POINT('',(1.9,-1.65,1.025));
#6164=VERTEX_POINT('',#6163);
#6165=CARTESIAN_POINT('',(1.9,-2.16,1.025));
#6166=DIRECTION('',(-0.,1.,-0.));
#6167=VECTOR('',#6166,0.51);
#6168=LINE('',#6165,#6167);
#6169=EDGE_CURVE('',#6162,#6164,#6168,.T.);
#6170=ORIENTED_EDGE('',*,*,#6169,.T.);
#6171=CARTESIAN_POINT('',(1.9,-1.65,1.025));
#6172=DIRECTION('',(0.,0.,-1.));
#6173=VECTOR('',#6172,0.25);
#6174=LINE('',#6171,#6173);
#6175=EDGE_CURVE('',#6164,#6139,#6174,.T.);
#6176=ORIENTED_EDGE('',*,*,#6175,.T.);
#6177=ORIENTED_EDGE('',*,*,#6144,.F.);
#6178=CARTESIAN_POINT('',(1.9,-2.16,1.025));
#6179=DIRECTION('',(-0.,-0.,-1.));
#6180=VECTOR('',#6179,0.25);
#6181=LINE('',#6178,#6180);
#6182=EDGE_CURVE('',#6162,#6131,#6181,.T.);
#6183=ORIENTED_EDGE('',*,*,#6182,.F.);
#6184=EDGE_LOOP('',(#6170,#6176,#6177,#6183));
#6185=FACE_BOUND('',#6184,.T.);
#6186=ADVANCED_FACE('',(#6185),#6160,.T.);
#6187=CARTESIAN_POINT('',(2.195,-2.16,1.025));
#6188=DIRECTION('',(0.,0.,1.));
#6189=DIRECTION('',(-1.,0.,0.));
#6190=AXIS2_PLACEMENT_3D('',#6187,#6188,#6189);
#6191=PLANE('',#6190);
#6192=CARTESIAN_POINT('',(2.195,-2.16,1.025));
#6193=VERTEX_POINT('',#6192);
#6194=CARTESIAN_POINT('',(2.195,-1.65,1.025));
#6195=VERTEX_POINT('',#6194);
#6196=CARTESIAN_POINT('',(2.195,-2.16,1.025));
#6197=DIRECTION('',(-0.,1.,-0.));
#6198=VECTOR('',#6197,0.51);
#6199=LINE('',#6196,#6198);
#6200=EDGE_CURVE('',#6193,#6195,#6199,.T.);
#6201=ORIENTED_EDGE('',*,*,#6200,.T.);
#6202=CARTESIAN_POINT('',(2.195,-1.65,1.025));
#6203=DIRECTION('',(-1.,0.,0.));
#6204=VECTOR('',#6203,0.295);
#6205=LINE('',#6202,#6204);
#6206=EDGE_CURVE('',#6195,#6164,#6205,.T.);
#6207=ORIENTED_EDGE('',*,*,#6206,.T.);
#6208=ORIENTED_EDGE('',*,*,#6169,.F.);
#6209=CARTESIAN_POINT('',(2.195,-2.16,1.025));
#6210=DIRECTION('',(-1.,0.,0.));
#6211=VECTOR('',#6210,0.295);
#6212=LINE('',#6209,#6211);
#6213=EDGE_CURVE('',#6193,#6162,#6212,.T.);
#6214=ORIENTED_EDGE('',*,*,#6213,.F.);
#6215=EDGE_LOOP('',(#6201,#6207,#6208,#6214));
#6216=FACE_BOUND('',#6215,.T.);
#6217=ADVANCED_FACE('',(#6216),#6191,.T.);
#6218=CARTESIAN_POINT('',(2.195,-2.16,0.705));
#6219=DIRECTION('',(0.,-1.,0.));
#6220=DIRECTION('',(-1.,0.,0.));
#6221=AXIS2_PLACEMENT_3D('',#6218,#6219,#6220);
#6222=CYLINDRICAL_SURFACE('',#6221,0.32);
#6223=CARTESIAN_POINT('',(2.515,-2.16,0.705));
#6224=VERTEX_POINT('',#6223);
#6225=CARTESIAN_POINT('',(2.195,-2.16,0.705));
#6226=DIRECTION('',(-0.,1.,-0.));
#6227=DIRECTION('',(0.,0.,-1.));
#6228=AXIS2_PLACEMENT_3D('',#6225,#6226,#6227);
#6229=CIRCLE('',#6228,0.32);
#6230=EDGE_CURVE('',#6193,#6224,#6229,.T.);
#6231=ORIENTED_EDGE('',*,*,#6230,.T.);
#6232=CARTESIAN_POINT('',(2.515,-1.65,0.705));
#6233=VERTEX_POINT('',#6232);
#6234=CARTESIAN_POINT('',(2.515,-2.16,0.705));
#6235=DIRECTION('',(-0.,1.,-0.));
#6236=VECTOR('',#6235,0.51);
#6237=LINE('',#6234,#6236);
#6238=EDGE_CURVE('',#6224,#6233,#6237,.T.);
#6239=ORIENTED_EDGE('',*,*,#6238,.T.);
#6240=CARTESIAN_POINT('',(2.195,-1.65,0.705));
#6241=DIRECTION('',(-0.,1.,-0.));
#6242=DIRECTION('',(0.,0.,-1.));
#6243=AXIS2_PLACEMENT_3D('',#6240,#6241,#6242);
#6244=CIRCLE('',#6243,0.32);
#6245=EDGE_CURVE('',#6195,#6233,#6244,.T.);
#6246=ORIENTED_EDGE('',*,*,#6245,.F.);
#6247=ORIENTED_EDGE('',*,*,#6200,.F.);
#6248=EDGE_LOOP('',(#6231,#6239,#6246,#6247));
#6249=FACE_BOUND('',#6248,.T.);
#6250=ADVANCED_FACE('',(#6249),#6222,.T.);
#6251=CARTESIAN_POINT('',(2.515,-2.16,0.32));
#6252=DIRECTION('',(1.,0.,0.));
#6253=DIRECTION('',(0.,0.,1.));
#6254=AXIS2_PLACEMENT_3D('',#6251,#6252,#6253);
#6255=PLANE('',#6254);
#6256=CARTESIAN_POINT('',(2.515,-2.16,0.32));
#6257=VERTEX_POINT('',#6256);
#6258=CARTESIAN_POINT('',(2.515,-1.65,0.32));
#6259=VERTEX_POINT('',#6258);
#6260=CARTESIAN_POINT('',(2.515,-2.16,0.32));
#6261=DIRECTION('',(-0.,1.,-0.));
#6262=VECTOR('',#6261,0.51);
#6263=LINE('',#6260,#6262);
#6264=EDGE_CURVE('',#6257,#6259,#6263,.T.);
#6265=ORIENTED_EDGE('',*,*,#6264,.T.);
#6266=CARTESIAN_POINT('',(2.515,-1.65,0.32));
#6267=DIRECTION('',(0.,0.,1.));
#6268=VECTOR('',#6267,0.385);
#6269=LINE('',#6266,#6268);
#6270=EDGE_CURVE('',#6259,#6233,#6269,.T.);
#6271=ORIENTED_EDGE('',*,*,#6270,.T.);
#6272=ORIENTED_EDGE('',*,*,#6238,.F.);
#6273=CARTESIAN_POINT('',(2.515,-2.16,0.32));
#6274=DIRECTION('',(0.,0.,1.));
#6275=VECTOR('',#6274,0.385);
#6276=LINE('',#6273,#6275);
#6277=EDGE_CURVE('',#6257,#6224,#6276,.T.);
#6278=ORIENTED_EDGE('',*,*,#6277,.F.);
#6279=EDGE_LOOP('',(#6265,#6271,#6272,#6278));
#6280=FACE_BOUND('',#6279,.T.);
#6281=ADVANCED_FACE('',(#6280),#6255,.T.);
#6282=CARTESIAN_POINT('',(2.585,-2.16,0.32));
#6283=DIRECTION('',(0.,-1.,0.));
#6284=DIRECTION('',(-1.,0.,0.));
#6285=AXIS2_PLACEMENT_3D('',#6282,#6283,#6284);
#6286=CYLINDRICAL_SURFACE('',#6285,0.07);
#6287=CARTESIAN_POINT('',(2.585,-2.16,0.25));
#6288=VERTEX_POINT('',#6287);
#6289=CARTESIAN_POINT('',(2.585,-1.65,0.25));
#6290=VERTEX_POINT('',#6289);
#6291=CARTESIAN_POINT('',(2.585,-2.16,0.25));
#6292=DIRECTION('',(-0.,1.,-0.));
#6293=VECTOR('',#6292,0.51);
#6294=LINE('',#6291,#6293);
#6295=EDGE_CURVE('',#6288,#6290,#6294,.T.);
#6296=ORIENTED_EDGE('',*,*,#6295,.T.);
#6297=CARTESIAN_POINT('',(2.585,-1.65,0.32));
#6298=DIRECTION('',(-0.,1.,-0.));
#6299=DIRECTION('',(0.,0.,-1.));
#6300=AXIS2_PLACEMENT_3D('',#6297,#6298,#6299);
#6301=CIRCLE('',#6300,0.07);
#6302=EDGE_CURVE('',#6290,#6259,#6301,.T.);
#6303=ORIENTED_EDGE('',*,*,#6302,.T.);
#6304=ORIENTED_EDGE('',*,*,#6264,.F.);
#6305=CARTESIAN_POINT('',(2.585,-2.16,0.32));
#6306=DIRECTION('',(-0.,1.,-0.));
#6307=DIRECTION('',(0.,0.,-1.));
#6308=AXIS2_PLACEMENT_3D('',#6305,#6306,#6307);
#6309=CIRCLE('',#6308,0.07);
#6310=EDGE_CURVE('',#6288,#6257,#6309,.T.);
#6311=ORIENTED_EDGE('',*,*,#6310,.F.);
#6312=EDGE_LOOP('',(#6296,#6303,#6304,#6311));
#6313=FACE_BOUND('',#6312,.T.);
#6314=ADVANCED_FACE('',(#6313),#6286,.F.);
#6315=CARTESIAN_POINT('',(3.1,-2.16,0.25));
#6316=DIRECTION('',(0.,0.,1.));
#6317=DIRECTION('',(-1.,0.,0.));
#6318=AXIS2_PLACEMENT_3D('',#6315,#6316,#6317);
#6319=PLANE('',#6318);
#6320=ORIENTED_EDGE('',*,*,#5992,.T.);
#6321=CARTESIAN_POINT('',(3.1,-1.65,0.25));
#6322=DIRECTION('',(-1.,0.,0.));
#6323=VECTOR('',#6322,0.515);
#6324=LINE('',#6321,#6323);
#6325=EDGE_CURVE('',#5981,#6290,#6324,.T.);
#6326=ORIENTED_EDGE('',*,*,#6325,.T.);
#6327=ORIENTED_EDGE('',*,*,#6295,.F.);
#6328=CARTESIAN_POINT('',(3.1,-2.16,0.25));
#6329=DIRECTION('',(-1.,0.,0.));
#6330=VECTOR('',#6329,0.515);
#6331=LINE('',#6328,#6330);
#6332=EDGE_CURVE('',#5963,#6288,#6331,.T.);
#6333=ORIENTED_EDGE('',*,*,#6332,.F.);
#6334=EDGE_LOOP('',(#6320,#6326,#6327,#6333));
#6335=FACE_BOUND('',#6334,.T.);
#6336=ADVANCED_FACE('',(#6335),#6319,.T.);
#6337=CARTESIAN_POINT('',(2.467780726,-2.16,0.470927543));
#6338=DIRECTION('',(0.,-1.,0.));
#6339=DIRECTION('',(0.,0.,1.));
#6340=AXIS2_PLACEMENT_3D('',#6337,#6338,#6339);
#6341=PLANE('',#6340);
#6342=ORIENTED_EDGE('',*,*,#6332,.T.);
#6343=ORIENTED_EDGE('',*,*,#6310,.T.);
#6344=ORIENTED_EDGE('',*,*,#6277,.T.);
#6345=ORIENTED_EDGE('',*,*,#6230,.F.);
#6346=ORIENTED_EDGE('',*,*,#6213,.T.);
#6347=ORIENTED_EDGE('',*,*,#6182,.T.);
#6348=ORIENTED_EDGE('',*,*,#6136,.F.);
#6349=ORIENTED_EDGE('',*,*,#6120,.T.);
#6350=ORIENTED_EDGE('',*,*,#6072,.F.);
#6351=ORIENTED_EDGE('',*,*,#6040,.F.);
#6352=ORIENTED_EDGE('',*,*,#6008,.F.);
#6353=ORIENTED_EDGE('',*,*,#5970,.F.);
#6354=EDGE_LOOP('',(#6342,#6343,#6344,#6345,#6346,#6347,#6348,#6349,#6350,#6351,#6352,#6353));
#6355=FACE_BOUND('',#6354,.T.);
#6356=ADVANCED_FACE('',(#6355),#6341,.T.);
#6357=CARTESIAN_POINT('',(2.467780726,-1.65,0.470927543));
#6358=DIRECTION('',(0.,-1.,0.));
#6359=DIRECTION('',(0.,0.,1.));
#6360=AXIS2_PLACEMENT_3D('',#6357,#6358,#6359);
#6361=PLANE('',#6360);
#6362=ORIENTED_EDGE('',*,*,#5986,.T.);
#6363=ORIENTED_EDGE('',*,*,#6022,.T.);
#6364=ORIENTED_EDGE('',*,*,#6055,.T.);
#6365=ORIENTED_EDGE('',*,*,#6086,.T.);
#6366=ORIENTED_EDGE('',*,*,#6112,.F.);
#6367=ORIENTED_EDGE('',*,*,#6150,.T.);
#6368=ORIENTED_EDGE('',*,*,#6175,.F.);
#6369=ORIENTED_EDGE('',*,*,#6206,.F.);
#6370=ORIENTED_EDGE('',*,*,#6245,.T.);
#6371=ORIENTED_EDGE('',*,*,#6270,.F.);
#6372=ORIENTED_EDGE('',*,*,#6302,.F.);
#6373=ORIENTED_EDGE('',*,*,#6325,.F.);
#6374=EDGE_LOOP('',(#6362,#6363,#6364,#6365,#6366,#6367,#6368,#6369,#6370,#6371,#6372,#6373));
#6375=FACE_BOUND('',#6374,.T.);
#6376=ADVANCED_FACE('',(#6375),#6361,.F.);
#6377=CLOSED_SHELL('',(#5996,#6027,#6060,#6091,#6124,#6155,#6186,#6217,#6250,#6281,#6314,#6336,#6356,#6376));
#6378=MANIFOLD_SOLID_BREP('Imported 04',#6377);
#5956=STYLED_ITEM('',(#910),#6378);
#5937=SHAPE_REPRESENTATION('Pin005',(#15),#5935);
#5938=ADVANCED_BREP_SHAPE_REPRESENTATION('Pin005',(#6378),#5935);
#6386=SHAPE_REPRESENTATION_RELATIONSHIP('','',#5937,#5938);
#6387=CARTESIAN_POINT('',(0.,0.,0.));
#6388=DIRECTION('',(0.,0.,1.));
#6389=DIRECTION('',(1.,0.,0.));
#6390=AXIS2_PLACEMENT_3D('',#6387,#6388,#6389);
#6392=MAPPED_ITEM('',#6391,#6390);
#6391=REPRESENTATION_MAP(#6390,#5937);
#5945=PRODUCT('Pin005','Pin005','',(#3372));
#6393=PRODUCT_RELATED_PRODUCT_CATEGORY('part','',(#5945));
#6394=PRODUCT_DEFINITION_FORMATION_WITH_SPECIFIED_SOURCE('','',#5945,.NOT_KNOWN.);
#5946=PRODUCT_DEFINITION('design','',#6394,#3373);
#5944=PRODUCT_DEFINITION_SHAPE('','',#5946);
#6395=SHAPE_DEFINITION_REPRESENTATION(#5944,#5937);
#5936=DRAUGHTING_MODEL('',(#6392),#5935);
#6396=(NAMED_UNIT(*)PLANE_ANGLE_UNIT()SI_UNIT($,.RADIAN.));
#6397=PLANE_ANGLE_MEASURE_WITH_UNIT(PLANE_ANGLE_MEASURE(0.0174532925),#6396);
#6398=(CONVERSION_BASED_UNIT('DEGREE',#6397)NAMED_UNIT(#6399)PLANE_ANGLE_UNIT());
#6399=DIMENSIONAL_EXPONENTS(0.,0.,0.,0.,0.,0.,0.);
#6400=(NAMED_UNIT(*)SI_UNIT($,.STERADIAN.)SOLID_ANGLE_UNIT());
#6401=(LENGTH_UNIT()NAMED_UNIT(*)SI_UNIT(.MILLI.,.METRE.));
#6402=UNCERTAINTY_MEASURE_WITH_UNIT(LENGTH_MEASURE(1.000000E-05),#6401,'DISTANCE_ACCURACY_VALUE','Maximum Tolerance applied to model');
#6403=(GEOMETRIC_REPRESENTATION_CONTEXT(3)GLOBAL_UNCERTAINTY_ASSIGNED_CONTEXT((#6402))GLOBAL_UNIT_ASSIGNED_CONTEXT((#6401,#6398,#6400))REPRESENTATION_CONTEXT('','Pin006'));
#6415=CARTESIAN_POINT('',(0.,0.,0.));
#6416=DIRECTION('',(0.,0.,1.));
#6417=DIRECTION('',(1.,0.,-0.));
#6418=AXIS2_PLACEMENT_3D('',#6415,#6416,#6417);
#6419=ITEM_DEFINED_TRANSFORMATION('','',#6418,#15);
#6420=(REPRESENTATION_RELATIONSHIP('','',#6405,#63)REPRESENTATION_RELATIONSHIP_WITH_TRANSFORMATION(#6419)SHAPE_REPRESENTATION_RELATIONSHIP());
#6421=NEXT_ASSEMBLY_USAGE_OCCURRENCE('Pin006_10','Pin006','Pin006',#72,#6414,$);
#6422=PRODUCT_DEFINITION_SHAPE('','',#6421);
#6423=CONTEXT_DEPENDENT_SHAPE_REPRESENTATION(#6420,#6422);
#6425=CARTESIAN_POINT('',(3.1,-0.89,0.25));
#6426=DIRECTION('',(-1.,0.,0.));
#6427=DIRECTION('',(0.,0.,-1.));
#6428=AXIS2_PLACEMENT_3D('',#6425,#6426,#6427);
#6429=PLANE('',#6428);
#6430=CARTESIAN_POINT('',(3.1,-0.89,0.25));
#6431=VERTEX_POINT('',#6430);
#6432=CARTESIAN_POINT('',(3.1,-0.89,0.));
#6433=VERTEX_POINT('',#6432);
#6434=CARTESIAN_POINT('',(3.1,-0.89,0.25));
#6435=DIRECTION('',(0.,0.,-1.));
#6436=VECTOR('',#6435,0.25);
#6437=LINE('',#6434,#6436);
#6438=EDGE_CURVE('',#6431,#6433,#6437,.T.);
#6439=ORIENTED_EDGE('',*,*,#6438,.T.);
#6440=CARTESIAN_POINT('',(3.1,-0.38,0.));
#6441=VERTEX_POINT('',#6440);
#6442=CARTESIAN_POINT('',(3.1,-0.89,0.));
#6443=DIRECTION('',(-0.,1.,-0.));
#6444=VECTOR('',#6443,0.51);
#6445=LINE('',#6442,#6444);
#6446=EDGE_CURVE('',#6433,#6441,#6445,.T.);
#6447=ORIENTED_EDGE('',*,*,#6446,.T.);
#6448=CARTESIAN_POINT('',(3.1,-0.38,0.25));
#6449=VERTEX_POINT('',#6448);
#6450=CARTESIAN_POINT('',(3.1,-0.38,0.25));
#6451=DIRECTION('',(-0.,-0.,-1.));
#6452=VECTOR('',#6451,0.25);
#6453=LINE('',#6450,#6452);
#6454=EDGE_CURVE('',#6449,#6441,#6453,.T.);
#6455=ORIENTED_EDGE('',*,*,#6454,.F.);
#6456=CARTESIAN_POINT('',(3.1,-0.89,0.25));
#6457=DIRECTION('',(-0.,1.,-0.));
#6458=VECTOR('',#6457,0.51);
#6459=LINE('',#6456,#6458);
#6460=EDGE_CURVE('',#6431,#6449,#6459,.T.);
#6461=ORIENTED_EDGE('',*,*,#6460,.F.);
#6462=EDGE_LOOP('',(#6439,#6447,#6455,#6461));
#6463=FACE_BOUND('',#6462,.T.);
#6464=ADVANCED_FACE('',(#6463),#6429,.F.);
#6465=CARTESIAN_POINT('',(3.1,-0.89,0.));
#6466=DIRECTION('',(0.,0.,1.));
#6467=DIRECTION('',(-1.,0.,0.));
#6468=AXIS2_PLACEMENT_3D('',#6465,#6466,#6467);
#6469=PLANE('',#6468);
#6470=CARTESIAN_POINT('',(2.585,-0.89,0.));
#6471=VERTEX_POINT('',#6470);
#6472=CARTESIAN_POINT('',(3.1,-0.89,0.));
#6473=DIRECTION('',(-1.,0.,0.));
#6474=VECTOR('',#6473,0.515);
#6475=LINE('',#6472,#6474);
#6476=EDGE_CURVE('',#6433,#6471,#6475,.T.);
#6477=ORIENTED_EDGE('',*,*,#6476,.T.);
#6478=CARTESIAN_POINT('',(2.585,-0.38,0.));
#6479=VERTEX_POINT('',#6478);
#6480=CARTESIAN_POINT('',(2.585,-0.89,0.));
#6481=DIRECTION('',(-0.,1.,-0.));
#6482=VECTOR('',#6481,0.51);
#6483=LINE('',#6480,#6482);
#6484=EDGE_CURVE('',#6471,#6479,#6483,.T.);
#6485=ORIENTED_EDGE('',*,*,#6484,.T.);
#6486=CARTESIAN_POINT('',(3.1,-0.38,0.));
#6487=DIRECTION('',(-1.,0.,0.));
#6488=VECTOR('',#6487,0.515);
#6489=LINE('',#6486,#6488);
#6490=EDGE_CURVE('',#6441,#6479,#6489,.T.);
#6491=ORIENTED_EDGE('',*,*,#6490,.F.);
#6492=ORIENTED_EDGE('',*,*,#6446,.F.);
#6493=EDGE_LOOP('',(#6477,#6485,#6491,#6492));
#6494=FACE_BOUND('',#6493,.T.);
#6495=ADVANCED_FACE('',(#6494),#6469,.F.);
#6496=CARTESIAN_POINT('',(2.585,-0.89,0.32));
#6497=DIRECTION('',(0.,-1.,0.));
#6498=DIRECTION('',(-1.,0.,0.));
#6499=AXIS2_PLACEMENT_3D('',#6496,#6497,#6498);
#6500=CYLINDRICAL_SURFACE('',#6499,0.32);
#6501=CARTESIAN_POINT('',(2.265,-0.89,0.32));
#6502=VERTEX_POINT('',#6501);
#6503=CARTESIAN_POINT('',(2.585,-0.89,0.32));
#6504=DIRECTION('',(-0.,1.,-0.));
#6505=DIRECTION('',(0.,0.,-1.));
#6506=AXIS2_PLACEMENT_3D('',#6503,#6504,#6505);
#6507=CIRCLE('',#6506,0.32);
#6508=EDGE_CURVE('',#6471,#6502,#6507,.T.);
#6509=ORIENTED_EDGE('',*,*,#6508,.T.);
#6510=CARTESIAN_POINT('',(2.265,-0.38,0.32));
#6511=VERTEX_POINT('',#6510);
#6512=CARTESIAN_POINT('',(2.265,-0.89,0.32));
#6513=DIRECTION('',(-0.,1.,-0.));
#6514=VECTOR('',#6513,0.51);
#6515=LINE('',#6512,#6514);
#6516=EDGE_CURVE('',#6502,#6511,#6515,.T.);
#6517=ORIENTED_EDGE('',*,*,#6516,.T.);
#6518=CARTESIAN_POINT('',(2.585,-0.38,0.32));
#6519=DIRECTION('',(-0.,1.,-0.));
#6520=DIRECTION('',(0.,0.,-1.));
#6521=AXIS2_PLACEMENT_3D('',#6518,#6519,#6520);
#6522=CIRCLE('',#6521,0.32);
#6523=EDGE_CURVE('',#6479,#6511,#6522,.T.);
#6524=ORIENTED_EDGE('',*,*,#6523,.F.);
#6525=ORIENTED_EDGE('',*,*,#6484,.F.);
#6526=EDGE_LOOP('',(#6509,#6517,#6524,#6525));
#6527=FACE_BOUND('',#6526,.T.);
#6528=ADVANCED_FACE('',(#6527),#6500,.T.);
#6529=CARTESIAN_POINT('',(2.265,-0.89,0.32));
#6530=DIRECTION('',(1.,0.,0.));
#6531=DIRECTION('',(0.,0.,1.));
#6532=AXIS2_PLACEMENT_3D('',#6529,#6530,#6531);
#6533=PLANE('',#6532);
#6534=CARTESIAN_POINT('',(2.265,-0.89,0.705));
#6535=VERTEX_POINT('',#6534);
#6536=CARTESIAN_POINT('',(2.265,-0.89,0.32));
#6537=DIRECTION('',(0.,0.,1.));
#6538=VECTOR('',#6537,0.385);
#6539=LINE('',#6536,#6538);
#6540=EDGE_CURVE('',#6502,#6535,#6539,.T.);
#6541=ORIENTED_EDGE('',*,*,#6540,.T.);
#6542=CARTESIAN_POINT('',(2.265,-0.38,0.705));
#6543=VERTEX_POINT('',#6542);
#6544=CARTESIAN_POINT('',(2.265,-0.89,0.705));
#6545=DIRECTION('',(-0.,1.,-0.));
#6546=VECTOR('',#6545,0.51);
#6547=LINE('',#6544,#6546);
#6548=EDGE_CURVE('',#6535,#6543,#6547,.T.);
#6549=ORIENTED_EDGE('',*,*,#6548,.T.);
#6550=CARTESIAN_POINT('',(2.265,-0.38,0.32));
#6551=DIRECTION('',(0.,0.,1.));
#6552=VECTOR('',#6551,0.385);
#6553=LINE('',#6550,#6552);
#6554=EDGE_CURVE('',#6511,#6543,#6553,.T.);
#6555=ORIENTED_EDGE('',*,*,#6554,.F.);
#6556=ORIENTED_EDGE('',*,*,#6516,.F.);
#6557=EDGE_LOOP('',(#6541,#6549,#6555,#6556));
#6558=FACE_BOUND('',#6557,.T.);
#6559=ADVANCED_FACE('',(#6558),#6533,.F.);
#6560=CARTESIAN_POINT('',(2.195,-0.89,0.705));
#6561=DIRECTION('',(0.,-1.,0.));
#6562=DIRECTION('',(-1.,0.,0.));
#6563=AXIS2_PLACEMENT_3D('',#6560,#6561,#6562);
#6564=CYLINDRICAL_SURFACE('',#6563,0.07);
#6565=CARTESIAN_POINT('',(2.195,-0.89,0.775));
#6566=VERTEX_POINT('',#6565);
#6567=CARTESIAN_POINT('',(2.195,-0.38,0.775));
#6568=VERTEX_POINT('',#6567);
#6569=CARTESIAN_POINT('',(2.195,-0.89,0.775));
#6570=DIRECTION('',(-0.,1.,-0.));
#6571=VECTOR('',#6570,0.51);
#6572=LINE('',#6569,#6571);
#6573=EDGE_CURVE('',#6566,#6568,#6572,.T.);
#6574=ORIENTED_EDGE('',*,*,#6573,.T.);
#6575=CARTESIAN_POINT('',(2.195,-0.38,0.705));
#6576=DIRECTION('',(-0.,1.,-0.));
#6577=DIRECTION('',(0.,0.,-1.));
#6578=AXIS2_PLACEMENT_3D('',#6575,#6576,#6577);
#6579=CIRCLE('',#6578,0.07);
#6580=EDGE_CURVE('',#6568,#6543,#6579,.T.);
#6581=ORIENTED_EDGE('',*,*,#6580,.T.);
#6582=ORIENTED_EDGE('',*,*,#6548,.F.);
#6583=CARTESIAN_POINT('',(2.195,-0.89,0.705));
#6584=DIRECTION('',(-0.,1.,-0.));
#6585=DIRECTION('',(0.,0.,-1.));
#6586=AXIS2_PLACEMENT_3D('',#6583,#6584,#6585);
#6587=CIRCLE('',#6586,0.07);
#6588=EDGE_CURVE('',#6566,#6535,#6587,.T.);
#6589=ORIENTED_EDGE('',*,*,#6588,.F.);
#6590=EDGE_LOOP('',(#6574,#6581,#6582,#6589));
#6591=FACE_BOUND('',#6590,.T.);
#6592=ADVANCED_FACE('',(#6591),#6564,.F.);
#6593=CARTESIAN_POINT('',(2.195,-0.89,0.775));
#6594=DIRECTION('',(0.,0.,1.));
#6595=DIRECTION('',(-1.,0.,0.));
#6596=AXIS2_PLACEMENT_3D('',#6593,#6594,#6595);
#6597=PLANE('',#6596);
#6598=CARTESIAN_POINT('',(1.9,-0.89,0.775));
#6599=VERTEX_POINT('',#6598);
#6600=CARTESIAN_POINT('',(2.195,-0.89,0.775));
#6601=DIRECTION('',(-1.,0.,0.));
#6602=VECTOR('',#6601,0.295);
#6603=LINE('',#6600,#6602);
#6604=EDGE_CURVE('',#6566,#6599,#6603,.T.);
#6605=ORIENTED_EDGE('',*,*,#6604,.T.);
#6606=CARTESIAN_POINT('',(1.9,-0.38,0.775));
#6607=VERTEX_POINT('',#6606);
#6608=CARTESIAN_POINT('',(1.9,-0.89,0.775));
#6609=DIRECTION('',(-0.,1.,-0.));
#6610=VECTOR('',#6609,0.51);
#6611=LINE('',#6608,#6610);
#6612=EDGE_CURVE('',#6599,#6607,#6611,.T.);
#6613=ORIENTED_EDGE('',*,*,#6612,.T.);
#6614=CARTESIAN_POINT('',(2.195,-0.38,0.775));
#6615=DIRECTION('',(-1.,0.,0.));
#6616=VECTOR('',#6615,0.295);
#6617=LINE('',#6614,#6616);
#6618=EDGE_CURVE('',#6568,#6607,#6617,.T.);
#6619=ORIENTED_EDGE('',*,*,#6618,.F.);
#6620=ORIENTED_EDGE('',*,*,#6573,.F.);
#6621=EDGE_LOOP('',(#6605,#6613,#6619,#6620));
#6622=FACE_BOUND('',#6621,.T.);
#6623=ADVANCED_FACE('',(#6622),#6597,.F.);
#6624=CARTESIAN_POINT('',(1.9,-0.89,1.025));
#6625=DIRECTION('',(-1.,0.,0.));
#6626=DIRECTION('',(0.,0.,-1.));
#6627=AXIS2_PLACEMENT_3D('',#6624,#6625,#6626);
#6628=PLANE('',#6627);
#6629=CARTESIAN_POINT('',(1.9,-0.89,1.025));
#6630=VERTEX_POINT('',#6629);
#6631=CARTESIAN_POINT('',(1.9,-0.38,1.025));
#6632=VERTEX_POINT('',#6631);
#6633=CARTESIAN_POINT('',(1.9,-0.89,1.025));
#6634=DIRECTION('',(-0.,1.,-0.));
#6635=VECTOR('',#6634,0.51);
#6636=LINE('',#6633,#6635);
#6637=EDGE_CURVE('',#6630,#6632,#6636,.T.);
#6638=ORIENTED_EDGE('',*,*,#6637,.T.);
#6639=CARTESIAN_POINT('',(1.9,-0.38,1.025));
#6640=DIRECTION('',(0.,0.,-1.));
#6641=VECTOR('',#6640,0.25);
#6642=LINE('',#6639,#6641);
#6643=EDGE_CURVE('',#6632,#6607,#6642,.T.);
#6644=ORIENTED_EDGE('',*,*,#6643,.T.);
#6645=ORIENTED_EDGE('',*,*,#6612,.F.);
#6646=CARTESIAN_POINT('',(1.9,-0.89,1.025));
#6647=DIRECTION('',(-0.,-0.,-1.));
#6648=VECTOR('',#6647,0.25);
#6649=LINE('',#6646,#6648);
#6650=EDGE_CURVE('',#6630,#6599,#6649,.T.);
#6651=ORIENTED_EDGE('',*,*,#6650,.F.);
#6652=EDGE_LOOP('',(#6638,#6644,#6645,#6651));
#6653=FACE_BOUND('',#6652,.T.);
#6654=ADVANCED_FACE('',(#6653),#6628,.T.);
#6655=CARTESIAN_POINT('',(2.195,-0.89,1.025));
#6656=DIRECTION('',(0.,0.,1.));
#6657=DIRECTION('',(-1.,0.,0.));
#6658=AXIS2_PLACEMENT_3D('',#6655,#6656,#6657);
#6659=PLANE('',#6658);
#6660=CARTESIAN_POINT('',(2.195,-0.89,1.025));
#6661=VERTEX_POINT('',#6660);
#6662=CARTESIAN_POINT('',(2.195,-0.38,1.025));
#6663=VERTEX_POINT('',#6662);
#6664=CARTESIAN_POINT('',(2.195,-0.89,1.025));
#6665=DIRECTION('',(-0.,1.,-0.));
#6666=VECTOR('',#6665,0.51);
#6667=LINE('',#6664,#6666);
#6668=EDGE_CURVE('',#6661,#6663,#6667,.T.);
#6669=ORIENTED_EDGE('',*,*,#6668,.T.);
#6670=CARTESIAN_POINT('',(2.195,-0.38,1.025));
#6671=DIRECTION('',(-1.,0.,0.));
#6672=VECTOR('',#6671,0.295);
#6673=LINE('',#6670,#6672);
#6674=EDGE_CURVE('',#6663,#6632,#6673,.T.);
#6675=ORIENTED_EDGE('',*,*,#6674,.T.);
#6676=ORIENTED_EDGE('',*,*,#6637,.F.);
#6677=CARTESIAN_POINT('',(2.195,-0.89,1.025));
#6678=DIRECTION('',(-1.,0.,0.));
#6679=VECTOR('',#6678,0.295);
#6680=LINE('',#6677,#6679);
#6681=EDGE_CURVE('',#6661,#6630,#6680,.T.);
#6682=ORIENTED_EDGE('',*,*,#6681,.F.);
#6683=EDGE_LOOP('',(#6669,#6675,#6676,#6682));
#6684=FACE_BOUND('',#6683,.T.);
#6685=ADVANCED_FACE('',(#6684),#6659,.T.);
#6686=CARTESIAN_POINT('',(2.195,-0.89,0.705));
#6687=DIRECTION('',(0.,-1.,0.));
#6688=DIRECTION('',(-1.,0.,0.));
#6689=AXIS2_PLACEMENT_3D('',#6686,#6687,#6688);
#6690=CYLINDRICAL_SURFACE('',#6689,0.32);
#6691=CARTESIAN_POINT('',(2.515,-0.89,0.705));
#6692=VERTEX_POINT('',#6691);
#6693=CARTESIAN_POINT('',(2.195,-0.89,0.705));
#6694=DIRECTION('',(-0.,1.,-0.));
#6695=DIRECTION('',(0.,0.,-1.));
#6696=AXIS2_PLACEMENT_3D('',#6693,#6694,#6695);
#6697=CIRCLE('',#6696,0.32);
#6698=EDGE_CURVE('',#6661,#6692,#6697,.T.);
#6699=ORIENTED_EDGE('',*,*,#6698,.T.);
#6700=CARTESIAN_POINT('',(2.515,-0.38,0.705));
#6701=VERTEX_POINT('',#6700);
#6702=CARTESIAN_POINT('',(2.515,-0.89,0.705));
#6703=DIRECTION('',(-0.,1.,-0.));
#6704=VECTOR('',#6703,0.51);
#6705=LINE('',#6702,#6704);
#6706=EDGE_CURVE('',#6692,#6701,#6705,.T.);
#6707=ORIENTED_EDGE('',*,*,#6706,.T.);
#6708=CARTESIAN_POINT('',(2.195,-0.38,0.705));
#6709=DIRECTION('',(-0.,1.,-0.));
#6710=DIRECTION('',(0.,0.,-1.));
#6711=AXIS2_PLACEMENT_3D('',#6708,#6709,#6710);
#6712=CIRCLE('',#6711,0.32);
#6713=EDGE_CURVE('',#6663,#6701,#6712,.T.);
#6714=ORIENTED_EDGE('',*,*,#6713,.F.);
#6715=ORIENTED_EDGE('',*,*,#6668,.F.);
#6716=EDGE_LOOP('',(#6699,#6707,#6714,#6715));
#6717=FACE_BOUND('',#6716,.T.);
#6718=ADVANCED_FACE('',(#6717),#6690,.T.);
#6719=CARTESIAN_POINT('',(2.515,-0.89,0.32));
#6720=DIRECTION('',(1.,0.,0.));
#6721=DIRECTION('',(0.,0.,1.));
#6722=AXIS2_PLACEMENT_3D('',#6719,#6720,#6721);
#6723=PLANE('',#6722);
#6724=CARTESIAN_POINT('',(2.515,-0.89,0.32));
#6725=VERTEX_POINT('',#6724);
#6726=CARTESIAN_POINT('',(2.515,-0.38,0.32));
#6727=VERTEX_POINT('',#6726);
#6728=CARTESIAN_POINT('',(2.515,-0.89,0.32));
#6729=DIRECTION('',(-0.,1.,-0.));
#6730=VECTOR('',#6729,0.51);
#6731=LINE('',#6728,#6730);
#6732=EDGE_CURVE('',#6725,#6727,#6731,.T.);
#6733=ORIENTED_EDGE('',*,*,#6732,.T.);
#6734=CARTESIAN_POINT('',(2.515,-0.38,0.32));
#6735=DIRECTION('',(0.,0.,1.));
#6736=VECTOR('',#6735,0.385);
#6737=LINE('',#6734,#6736);
#6738=EDGE_CURVE('',#6727,#6701,#6737,.T.);
#6739=ORIENTED_EDGE('',*,*,#6738,.T.);
#6740=ORIENTED_EDGE('',*,*,#6706,.F.);
#6741=CARTESIAN_POINT('',(2.515,-0.89,0.32));
#6742=DIRECTION('',(0.,0.,1.));
#6743=VECTOR('',#6742,0.385);
#6744=LINE('',#6741,#6743);
#6745=EDGE_CURVE('',#6725,#6692,#6744,.T.);
#6746=ORIENTED_EDGE('',*,*,#6745,.F.);
#6747=EDGE_LOOP('',(#6733,#6739,#6740,#6746));
#6748=FACE_BOUND('',#6747,.T.);
#6749=ADVANCED_FACE('',(#6748),#6723,.T.);
#6750=CARTESIAN_POINT('',(2.585,-0.89,0.32));
#6751=DIRECTION('',(0.,-1.,0.));
#6752=DIRECTION('',(-1.,0.,0.));
#6753=AXIS2_PLACEMENT_3D('',#6750,#6751,#6752);
#6754=CYLINDRICAL_SURFACE('',#6753,0.07);
#6755=CARTESIAN_POINT('',(2.585,-0.89,0.25));
#6756=VERTEX_POINT('',#6755);
#6757=CARTESIAN_POINT('',(2.585,-0.38,0.25));
#6758=VERTEX_POINT('',#6757);
#6759=CARTESIAN_POINT('',(2.585,-0.89,0.25));
#6760=DIRECTION('',(-0.,1.,-0.));
#6761=VECTOR('',#6760,0.51);
#6762=LINE('',#6759,#6761);
#6763=EDGE_CURVE('',#6756,#6758,#6762,.T.);
#6764=ORIENTED_EDGE('',*,*,#6763,.T.);
#6765=CARTESIAN_POINT('',(2.585,-0.38,0.32));
#6766=DIRECTION('',(-0.,1.,-0.));
#6767=DIRECTION('',(0.,0.,-1.));
#6768=AXIS2_PLACEMENT_3D('',#6765,#6766,#6767);
#6769=CIRCLE('',#6768,0.07);
#6770=EDGE_CURVE('',#6758,#6727,#6769,.T.);
#6771=ORIENTED_EDGE('',*,*,#6770,.T.);
#6772=ORIENTED_EDGE('',*,*,#6732,.F.);
#6773=CARTESIAN_POINT('',(2.585,-0.89,0.32));
#6774=DIRECTION('',(-0.,1.,-0.));
#6775=DIRECTION('',(0.,0.,-1.));
#6776=AXIS2_PLACEMENT_3D('',#6773,#6774,#6775);
#6777=CIRCLE('',#6776,0.07);
#6778=EDGE_CURVE('',#6756,#6725,#6777,.T.);
#6779=ORIENTED_EDGE('',*,*,#6778,.F.);
#6780=EDGE_LOOP('',(#6764,#6771,#6772,#6779));
#6781=FACE_BOUND('',#6780,.T.);
#6782=ADVANCED_FACE('',(#6781),#6754,.F.);
#6783=CARTESIAN_POINT('',(3.1,-0.89,0.25));
#6784=DIRECTION('',(0.,0.,1.));
#6785=DIRECTION('',(-1.,0.,0.));
#6786=AXIS2_PLACEMENT_3D('',#6783,#6784,#6785);
#6787=PLANE('',#6786);
#6788=ORIENTED_EDGE('',*,*,#6460,.T.);
#6789=CARTESIAN_POINT('',(3.1,-0.38,0.25));
#6790=DIRECTION('',(-1.,0.,0.));
#6791=VECTOR('',#6790,0.515);
#6792=LINE('',#6789,#6791);
#6793=EDGE_CURVE('',#6449,#6758,#6792,.T.);
#6794=ORIENTED_EDGE('',*,*,#6793,.T.);
#6795=ORIENTED_EDGE('',*,*,#6763,.F.);
#6796=CARTESIAN_POINT('',(3.1,-0.89,0.25));
#6797=DIRECTION('',(-1.,0.,0.));
#6798=VECTOR('',#6797,0.515);
#6799=LINE('',#6796,#6798);
#6800=EDGE_CURVE('',#6431,#6756,#6799,.T.);
#6801=ORIENTED_EDGE('',*,*,#6800,.F.);
#6802=EDGE_LOOP('',(#6788,#6794,#6795,#6801));
#6803=FACE_BOUND('',#6802,.T.);
#6804=ADVANCED_FACE('',(#6803),#6787,.T.);
#6805=CARTESIAN_POINT('',(2.467780726,-0.89,0.470927543));
#6806=DIRECTION('',(0.,-1.,0.));
#6807=DIRECTION('',(0.,0.,1.));
#6808=AXIS2_PLACEMENT_3D('',#6805,#6806,#6807);
#6809=PLANE('',#6808);
#6810=ORIENTED_EDGE('',*,*,#6800,.T.);
#6811=ORIENTED_EDGE('',*,*,#6778,.T.);
#6812=ORIENTED_EDGE('',*,*,#6745,.T.);
#6813=ORIENTED_EDGE('',*,*,#6698,.F.);
#6814=ORIENTED_EDGE('',*,*,#6681,.T.);
#6815=ORIENTED_EDGE('',*,*,#6650,.T.);
#6816=ORIENTED_EDGE('',*,*,#6604,.F.);
#6817=ORIENTED_EDGE('',*,*,#6588,.T.);
#6818=ORIENTED_EDGE('',*,*,#6540,.F.);
#6819=ORIENTED_EDGE('',*,*,#6508,.F.);
#6820=ORIENTED_EDGE('',*,*,#6476,.F.);
#6821=ORIENTED_EDGE('',*,*,#6438,.F.);
#6822=EDGE_LOOP('',(#6810,#6811,#6812,#6813,#6814,#6815,#6816,#6817,#6818,#6819,#6820,#6821));
#6823=FACE_BOUND('',#6822,.T.);
#6824=ADVANCED_FACE('',(#6823),#6809,.T.);
#6825=CARTESIAN_POINT('',(2.467780726,-0.38,0.470927543));
#6826=DIRECTION('',(0.,-1.,0.));
#6827=DIRECTION('',(0.,0.,1.));
#6828=AXIS2_PLACEMENT_3D('',#6825,#6826,#6827);
#6829=PLANE('',#6828);
#6830=ORIENTED_EDGE('',*,*,#6454,.T.);
#6831=ORIENTED_EDGE('',*,*,#6490,.T.);
#6832=ORIENTED_EDGE('',*,*,#6523,.T.);
#6833=ORIENTED_EDGE('',*,*,#6554,.T.);
#6834=ORIENTED_EDGE('',*,*,#6580,.F.);
#6835=ORIENTED_EDGE('',*,*,#6618,.T.);
#6836=ORIENTED_EDGE('',*,*,#6643,.F.);
#6837=ORIENTED_EDGE('',*,*,#6674,.F.);
#6838=ORIENTED_EDGE('',*,*,#6713,.T.);
#6839=ORIENTED_EDGE('',*,*,#6738,.F.);
#6840=ORIENTED_EDGE('',*,*,#6770,.F.);
#6841=ORIENTED_EDGE('',*,*,#6793,.F.);
#6842=EDGE_LOOP('',(#6830,#6831,#6832,#6833,#6834,#6835,#6836,#6837,#6838,#6839,#6840,#6841));
#6843=FACE_BOUND('',#6842,.T.);
#6844=ADVANCED_FACE('',(#6843),#6829,.F.);
#6845=CLOSED_SHELL('',(#6464,#6495,#6528,#6559,#6592,#6623,#6654,#6685,#6718,#6749,#6782,#6804,#6824,#6844));
#6846=MANIFOLD_SOLID_BREP('Imported 03',#6845);
#6424=STYLED_ITEM('',(#910),#6846);
#6405=SHAPE_REPRESENTATION('Pin006',(#15),#6403);
#6406=ADVANCED_BREP_SHAPE_REPRESENTATION('Pin006',(#6846),#6403);
#6854=SHAPE_REPRESENTATION_RELATIONSHIP('','',#6405,#6406);
#6855=CARTESIAN_POINT('',(0.,0.,0.));
#6856=DIRECTION('',(0.,0.,1.));
#6857=DIRECTION('',(1.,0.,0.));
#6858=AXIS2_PLACEMENT_3D('',#6855,#6856,#6857);
#6860=MAPPED_ITEM('',#6859,#6858);
#6859=REPRESENTATION_MAP(#6858,#6405);
#6413=PRODUCT('Pin006','Pin006','',(#3372));
#6861=PRODUCT_RELATED_PRODUCT_CATEGORY('part','',(#6413));
#6862=PRODUCT_DEFINITION_FORMATION_WITH_SPECIFIED_SOURCE('','',#6413,.NOT_KNOWN.);
#6414=PRODUCT_DEFINITION('design','',#6862,#3373);
#6412=PRODUCT_DEFINITION_SHAPE('','',#6414);
#6863=SHAPE_DEFINITION_REPRESENTATION(#6412,#6405);
#6404=DRAUGHTING_MODEL('',(#6860),#6403);
#6864=(NAMED_UNIT(*)PLANE_ANGLE_UNIT()SI_UNIT($,.RADIAN.));
#6865=PLANE_ANGLE_MEASURE_WITH_UNIT(PLANE_ANGLE_MEASURE(0.0174532925),#6864);
#6866=(CONVERSION_BASED_UNIT('DEGREE',#6865)NAMED_UNIT(#6867)PLANE_ANGLE_UNIT());
#6867=DIMENSIONAL_EXPONENTS(0.,0.,0.,0.,0.,0.,0.);
#6868=(NAMED_UNIT(*)SI_UNIT($,.STERADIAN.)SOLID_ANGLE_UNIT());
#6869=(LENGTH_UNIT()NAMED_UNIT(*)SI_UNIT(.MILLI.,.METRE.));
#6870=UNCERTAINTY_MEASURE_WITH_UNIT(LENGTH_MEASURE(1.000000E-05),#6869,'DISTANCE_ACCURACY_VALUE','Maximum Tolerance applied to model');
#6871=(GEOMETRIC_REPRESENTATION_CONTEXT(3)GLOBAL_UNCERTAINTY_ASSIGNED_CONTEXT((#6870))GLOBAL_UNIT_ASSIGNED_CONTEXT((#6869,#6866,#6868))REPRESENTATION_CONTEXT('','Pin007'));
#6883=CARTESIAN_POINT('',(0.,0.,0.));
#6884=DIRECTION('',(0.,0.,1.));
#6885=DIRECTION('',(1.,0.,-0.));
#6886=AXIS2_PLACEMENT_3D('',#6883,#6884,#6885);
#6887=ITEM_DEFINED_TRANSFORMATION('','',#6886,#15);
#6888=(REPRESENTATION_RELATIONSHIP('','',#6873,#63)REPRESENTATION_RELATIONSHIP_WITH_TRANSFORMATION(#6887)SHAPE_REPRESENTATION_RELATIONSHIP());
#6889=NEXT_ASSEMBLY_USAGE_OCCURRENCE('Pin007_11','Pin007','Pin007',#72,#6882,$);
#6890=PRODUCT_DEFINITION_SHAPE('','',#6889);
#6891=CONTEXT_DEPENDENT_SHAPE_REPRESENTATION(#6888,#6890);
#6893=CARTESIAN_POINT('',(3.1,0.38,0.25));
#6894=DIRECTION('',(-1.,0.,0.));
#6895=DIRECTION('',(0.,0.,-1.));
#6896=AXIS2_PLACEMENT_3D('',#6893,#6894,#6895);
#6897=PLANE('',#6896);
#6898=CARTESIAN_POINT('',(3.1,0.38,0.25));
#6899=VERTEX_POINT('',#6898);
#6900=CARTESIAN_POINT('',(3.1,0.38,0.));
#6901=VERTEX_POINT('',#6900);
#6902=CARTESIAN_POINT('',(3.1,0.38,0.25));
#6903=DIRECTION('',(0.,0.,-1.));
#6904=VECTOR('',#6903,0.25);
#6905=LINE('',#6902,#6904);
#6906=EDGE_CURVE('',#6899,#6901,#6905,.T.);
#6907=ORIENTED_EDGE('',*,*,#6906,.T.);
#6908=CARTESIAN_POINT('',(3.1,0.89,0.));
#6909=VERTEX_POINT('',#6908);
#6910=CARTESIAN_POINT('',(3.1,0.38,0.));
#6911=DIRECTION('',(-0.,1.,-0.));
#6912=VECTOR('',#6911,0.51);
#6913=LINE('',#6910,#6912);
#6914=EDGE_CURVE('',#6901,#6909,#6913,.T.);
#6915=ORIENTED_EDGE('',*,*,#6914,.T.);
#6916=CARTESIAN_POINT('',(3.1,0.89,0.25));
#6917=VERTEX_POINT('',#6916);
#6918=CARTESIAN_POINT('',(3.1,0.89,0.25));
#6919=DIRECTION('',(-0.,-0.,-1.));
#6920=VECTOR('',#6919,0.25);
#6921=LINE('',#6918,#6920);
#6922=EDGE_CURVE('',#6917,#6909,#6921,.T.);
#6923=ORIENTED_EDGE('',*,*,#6922,.F.);
#6924=CARTESIAN_POINT('',(3.1,0.38,0.25));
#6925=DIRECTION('',(-0.,1.,-0.));
#6926=VECTOR('',#6925,0.51);
#6927=LINE('',#6924,#6926);
#6928=EDGE_CURVE('',#6899,#6917,#6927,.T.);
#6929=ORIENTED_EDGE('',*,*,#6928,.F.);
#6930=EDGE_LOOP('',(#6907,#6915,#6923,#6929));
#6931=FACE_BOUND('',#6930,.T.);
#6932=ADVANCED_FACE('',(#6931),#6897,.F.);
#6933=CARTESIAN_POINT('',(3.1,0.38,0.));
#6934=DIRECTION('',(0.,0.,1.));
#6935=DIRECTION('',(-1.,0.,0.));
#6936=AXIS2_PLACEMENT_3D('',#6933,#6934,#6935);
#6937=PLANE('',#6936);
#6938=CARTESIAN_POINT('',(2.585,0.38,0.));
#6939=VERTEX_POINT('',#6938);
#6940=CARTESIAN_POINT('',(3.1,0.38,0.));
#6941=DIRECTION('',(-1.,0.,0.));
#6942=VECTOR('',#6941,0.515);
#6943=LINE('',#6940,#6942);
#6944=EDGE_CURVE('',#6901,#6939,#6943,.T.);
#6945=ORIENTED_EDGE('',*,*,#6944,.T.);
#6946=CARTESIAN_POINT('',(2.585,0.89,0.));
#6947=VERTEX_POINT('',#6946);
#6948=CARTESIAN_POINT('',(2.585,0.38,0.));
#6949=DIRECTION('',(-0.,1.,-0.));
#6950=VECTOR('',#6949,0.51);
#6951=LINE('',#6948,#6950);
#6952=EDGE_CURVE('',#6939,#6947,#6951,.T.);
#6953=ORIENTED_EDGE('',*,*,#6952,.T.);
#6954=CARTESIAN_POINT('',(3.1,0.89,0.));
#6955=DIRECTION('',(-1.,0.,0.));
#6956=VECTOR('',#6955,0.515);
#6957=LINE('',#6954,#6956);
#6958=EDGE_CURVE('',#6909,#6947,#6957,.T.);
#6959=ORIENTED_EDGE('',*,*,#6958,.F.);
#6960=ORIENTED_EDGE('',*,*,#6914,.F.);
#6961=EDGE_LOOP('',(#6945,#6953,#6959,#6960));
#6962=FACE_BOUND('',#6961,.T.);
#6963=ADVANCED_FACE('',(#6962),#6937,.F.);
#6964=CARTESIAN_POINT('',(2.585,0.38,0.32));
#6965=DIRECTION('',(0.,-1.,0.));
#6966=DIRECTION('',(-1.,0.,0.));
#6967=AXIS2_PLACEMENT_3D('',#6964,#6965,#6966);
#6968=CYLINDRICAL_SURFACE('',#6967,0.32);
#6969=CARTESIAN_POINT('',(2.265,0.38,0.32));
#6970=VERTEX_POINT('',#6969);
#6971=CARTESIAN_POINT('',(2.585,0.38,0.32));
#6972=DIRECTION('',(-0.,1.,-0.));
#6973=DIRECTION('',(0.,0.,-1.));
#6974=AXIS2_PLACEMENT_3D('',#6971,#6972,#6973);
#6975=CIRCLE('',#6974,0.32);
#6976=EDGE_CURVE('',#6939,#6970,#6975,.T.);
#6977=ORIENTED_EDGE('',*,*,#6976,.T.);
#6978=CARTESIAN_POINT('',(2.265,0.89,0.32));
#6979=VERTEX_POINT('',#6978);
#6980=CARTESIAN_POINT('',(2.265,0.38,0.32));
#6981=DIRECTION('',(-0.,1.,-0.));
#6982=VECTOR('',#6981,0.51);
#6983=LINE('',#6980,#6982);
#6984=EDGE_CURVE('',#6970,#6979,#6983,.T.);
#6985=ORIENTED_EDGE('',*,*,#6984,.T.);
#6986=CARTESIAN_POINT('',(2.585,0.89,0.32));
#6987=DIRECTION('',(-0.,1.,-0.));
#6988=DIRECTION('',(0.,0.,-1.));
#6989=AXIS2_PLACEMENT_3D('',#6986,#6987,#6988);
#6990=CIRCLE('',#6989,0.32);
#6991=EDGE_CURVE('',#6947,#6979,#6990,.T.);
#6992=ORIENTED_EDGE('',*,*,#6991,.F.);
#6993=ORIENTED_EDGE('',*,*,#6952,.F.);
#6994=EDGE_LOOP('',(#6977,#6985,#6992,#6993));
#6995=FACE_BOUND('',#6994,.T.);
#6996=ADVANCED_FACE('',(#6995),#6968,.T.);
#6997=CARTESIAN_POINT('',(2.265,0.38,0.32));
#6998=DIRECTION('',(1.,0.,0.));
#6999=DIRECTION('',(0.,0.,1.));
#7000=AXIS2_PLACEMENT_3D('',#6997,#6998,#6999);
#7001=PLANE('',#7000);
#7002=CARTESIAN_POINT('',(2.265,0.38,0.705));
#7003=VERTEX_POINT('',#7002);
#7004=CARTESIAN_POINT('',(2.265,0.38,0.32));
#7005=DIRECTION('',(0.,0.,1.));
#7006=VECTOR('',#7005,0.385);
#7007=LINE('',#7004,#7006);
#7008=EDGE_CURVE('',#6970,#7003,#7007,.T.);
#7009=ORIENTED_EDGE('',*,*,#7008,.T.);
#7010=CARTESIAN_POINT('',(2.265,0.89,0.705));
#7011=VERTEX_POINT('',#7010);
#7012=CARTESIAN_POINT('',(2.265,0.38,0.705));
#7013=DIRECTION('',(-0.,1.,-0.));
#7014=VECTOR('',#7013,0.51);
#7015=LINE('',#7012,#7014);
#7016=EDGE_CURVE('',#7003,#7011,#7015,.T.);
#7017=ORIENTED_EDGE('',*,*,#7016,.T.);
#7018=CARTESIAN_POINT('',(2.265,0.89,0.32));
#7019=DIRECTION('',(0.,0.,1.));
#7020=VECTOR('',#7019,0.385);
#7021=LINE('',#7018,#7020);
#7022=EDGE_CURVE('',#6979,#7011,#7021,.T.);
#7023=ORIENTED_EDGE('',*,*,#7022,.F.);
#7024=ORIENTED_EDGE('',*,*,#6984,.F.);
#7025=EDGE_LOOP('',(#7009,#7017,#7023,#7024));
#7026=FACE_BOUND('',#7025,.T.);
#7027=ADVANCED_FACE('',(#7026),#7001,.F.);
#7028=CARTESIAN_POINT('',(2.195,0.38,0.705));
#7029=DIRECTION('',(0.,-1.,0.));
#7030=DIRECTION('',(-1.,0.,0.));
#7031=AXIS2_PLACEMENT_3D('',#7028,#7029,#7030);
#7032=CYLINDRICAL_SURFACE('',#7031,0.07);
#7033=CARTESIAN_POINT('',(2.195,0.38,0.775));
#7034=VERTEX_POINT('',#7033);
#7035=CARTESIAN_POINT('',(2.195,0.89,0.775));
#7036=VERTEX_POINT('',#7035);
#7037=CARTESIAN_POINT('',(2.195,0.38,0.775));
#7038=DIRECTION('',(-0.,1.,-0.));
#7039=VECTOR('',#7038,0.51);
#7040=LINE('',#7037,#7039);
#7041=EDGE_CURVE('',#7034,#7036,#7040,.T.);
#7042=ORIENTED_EDGE('',*,*,#7041,.T.);
#7043=CARTESIAN_POINT('',(2.195,0.89,0.705));
#7044=DIRECTION('',(-0.,1.,-0.));
#7045=DIRECTION('',(0.,0.,-1.));
#7046=AXIS2_PLACEMENT_3D('',#7043,#7044,#7045);
#7047=CIRCLE('',#7046,0.07);
#7048=EDGE_CURVE('',#7036,#7011,#7047,.T.);
#7049=ORIENTED_EDGE('',*,*,#7048,.T.);
#7050=ORIENTED_EDGE('',*,*,#7016,.F.);
#7051=CARTESIAN_POINT('',(2.195,0.38,0.705));
#7052=DIRECTION('',(-0.,1.,-0.));
#7053=DIRECTION('',(0.,0.,-1.));
#7054=AXIS2_PLACEMENT_3D('',#7051,#7052,#7053);
#7055=CIRCLE('',#7054,0.07);
#7056=EDGE_CURVE('',#7034,#7003,#7055,.T.);
#7057=ORIENTED_EDGE('',*,*,#7056,.F.);
#7058=EDGE_LOOP('',(#7042,#7049,#7050,#7057));
#7059=FACE_BOUND('',#7058,.T.);
#7060=ADVANCED_FACE('',(#7059),#7032,.F.);
#7061=CARTESIAN_POINT('',(2.195,0.38,0.775));
#7062=DIRECTION('',(0.,0.,1.));
#7063=DIRECTION('',(-1.,0.,0.));
#7064=AXIS2_PLACEMENT_3D('',#7061,#7062,#7063);
#7065=PLANE('',#7064);
#7066=CARTESIAN_POINT('',(1.9,0.38,0.775));
#7067=VERTEX_POINT('',#7066);
#7068=CARTESIAN_POINT('',(2.195,0.38,0.775));
#7069=DIRECTION('',(-1.,0.,0.));
#7070=VECTOR('',#7069,0.295);
#7071=LINE('',#7068,#7070);
#7072=EDGE_CURVE('',#7034,#7067,#7071,.T.);
#7073=ORIENTED_EDGE('',*,*,#7072,.T.);
#7074=CARTESIAN_POINT('',(1.9,0.89,0.775));
#7075=VERTEX_POINT('',#7074);
#7076=CARTESIAN_POINT('',(1.9,0.38,0.775));
#7077=DIRECTION('',(-0.,1.,-0.));
#7078=VECTOR('',#7077,0.51);
#7079=LINE('',#7076,#7078);
#7080=EDGE_CURVE('',#7067,#7075,#7079,.T.);
#7081=ORIENTED_EDGE('',*,*,#7080,.T.);
#7082=CARTESIAN_POINT('',(2.195,0.89,0.775));
#7083=DIRECTION('',(-1.,0.,0.));
#7084=VECTOR('',#7083,0.295);
#7085=LINE('',#7082,#7084);
#7086=EDGE_CURVE('',#7036,#7075,#7085,.T.);
#7087=ORIENTED_EDGE('',*,*,#7086,.F.);
#7088=ORIENTED_EDGE('',*,*,#7041,.F.);
#7089=EDGE_LOOP('',(#7073,#7081,#7087,#7088));
#7090=FACE_BOUND('',#7089,.T.);
#7091=ADVANCED_FACE('',(#7090),#7065,.F.);
#7092=CARTESIAN_POINT('',(1.9,0.38,1.025));
#7093=DIRECTION('',(-1.,0.,0.));
#7094=DIRECTION('',(0.,0.,-1.));
#7095=AXIS2_PLACEMENT_3D('',#7092,#7093,#7094);
#7096=PLANE('',#7095);
#7097=CARTESIAN_POINT('',(1.9,0.38,1.025));
#7098=VERTEX_POINT('',#7097);
#7099=CARTESIAN_POINT('',(1.9,0.89,1.025));
#7100=VERTEX_POINT('',#7099);
#7101=CARTESIAN_POINT('',(1.9,0.38,1.025));
#7102=DIRECTION('',(-0.,1.,-0.));
#7103=VECTOR('',#7102,0.51);
#7104=LINE('',#7101,#7103);
#7105=EDGE_CURVE('',#7098,#7100,#7104,.T.);
#7106=ORIENTED_EDGE('',*,*,#7105,.T.);
#7107=CARTESIAN_POINT('',(1.9,0.89,1.025));
#7108=DIRECTION('',(0.,0.,-1.));
#7109=VECTOR('',#7108,0.25);
#7110=LINE('',#7107,#7109);
#7111=EDGE_CURVE('',#7100,#7075,#7110,.T.);
#7112=ORIENTED_EDGE('',*,*,#7111,.T.);
#7113=ORIENTED_EDGE('',*,*,#7080,.F.);
#7114=CARTESIAN_POINT('',(1.9,0.38,1.025));
#7115=DIRECTION('',(-0.,-0.,-1.));
#7116=VECTOR('',#7115,0.25);
#7117=LINE('',#7114,#7116);
#7118=EDGE_CURVE('',#7098,#7067,#7117,.T.);
#7119=ORIENTED_EDGE('',*,*,#7118,.F.);
#7120=EDGE_LOOP('',(#7106,#7112,#7113,#7119));
#7121=FACE_BOUND('',#7120,.T.);
#7122=ADVANCED_FACE('',(#7121),#7096,.T.);
#7123=CARTESIAN_POINT('',(2.195,0.38,1.025));
#7124=DIRECTION('',(0.,0.,1.));
#7125=DIRECTION('',(-1.,0.,0.));
#7126=AXIS2_PLACEMENT_3D('',#7123,#7124,#7125);
#7127=PLANE('',#7126);
#7128=CARTESIAN_POINT('',(2.195,0.38,1.025));
#7129=VERTEX_POINT('',#7128);
#7130=CARTESIAN_POINT('',(2.195,0.89,1.025));
#7131=VERTEX_POINT('',#7130);
#7132=CARTESIAN_POINT('',(2.195,0.38,1.025));
#7133=DIRECTION('',(-0.,1.,-0.));
#7134=VECTOR('',#7133,0.51);
#7135=LINE('',#7132,#7134);
#7136=EDGE_CURVE('',#7129,#7131,#7135,.T.);
#7137=ORIENTED_EDGE('',*,*,#7136,.T.);
#7138=CARTESIAN_POINT('',(2.195,0.89,1.025));
#7139=DIRECTION('',(-1.,0.,0.));
#7140=VECTOR('',#7139,0.295);
#7141=LINE('',#7138,#7140);
#7142=EDGE_CURVE('',#7131,#7100,#7141,.T.);
#7143=ORIENTED_EDGE('',*,*,#7142,.T.);
#7144=ORIENTED_EDGE('',*,*,#7105,.F.);
#7145=CARTESIAN_POINT('',(2.195,0.38,1.025));
#7146=DIRECTION('',(-1.,0.,0.));
#7147=VECTOR('',#7146,0.295);
#7148=LINE('',#7145,#7147);
#7149=EDGE_CURVE('',#7129,#7098,#7148,.T.);
#7150=ORIENTED_EDGE('',*,*,#7149,.F.);
#7151=EDGE_LOOP('',(#7137,#7143,#7144,#7150));
#7152=FACE_BOUND('',#7151,.T.);
#7153=ADVANCED_FACE('',(#7152),#7127,.T.);
#7154=CARTESIAN_POINT('',(2.195,0.38,0.705));
#7155=DIRECTION('',(0.,-1.,0.));
#7156=DIRECTION('',(-1.,0.,0.));
#7157=AXIS2_PLACEMENT_3D('',#7154,#7155,#7156);
#7158=CYLINDRICAL_SURFACE('',#7157,0.32);
#7159=CARTESIAN_POINT('',(2.515,0.38,0.705));
#7160=VERTEX_POINT('',#7159);
#7161=CARTESIAN_POINT('',(2.195,0.38,0.705));
#7162=DIRECTION('',(-0.,1.,-0.));
#7163=DIRECTION('',(0.,0.,-1.));
#7164=AXIS2_PLACEMENT_3D('',#7161,#7162,#7163);
#7165=CIRCLE('',#7164,0.32);
#7166=EDGE_CURVE('',#7129,#7160,#7165,.T.);
#7167=ORIENTED_EDGE('',*,*,#7166,.T.);
#7168=CARTESIAN_POINT('',(2.515,0.89,0.705));
#7169=VERTEX_POINT('',#7168);
#7170=CARTESIAN_POINT('',(2.515,0.38,0.705));
#7171=DIRECTION('',(-0.,1.,-0.));
#7172=VECTOR('',#7171,0.51);
#7173=LINE('',#7170,#7172);
#7174=EDGE_CURVE('',#7160,#7169,#7173,.T.);
#7175=ORIENTED_EDGE('',*,*,#7174,.T.);
#7176=CARTESIAN_POINT('',(2.195,0.89,0.705));
#7177=DIRECTION('',(-0.,1.,-0.));
#7178=DIRECTION('',(0.,0.,-1.));
#7179=AXIS2_PLACEMENT_3D('',#7176,#7177,#7178);
#7180=CIRCLE('',#7179,0.32);
#7181=EDGE_CURVE('',#7131,#7169,#7180,.T.);
#7182=ORIENTED_EDGE('',*,*,#7181,.F.);
#7183=ORIENTED_EDGE('',*,*,#7136,.F.);
#7184=EDGE_LOOP('',(#7167,#7175,#7182,#7183));
#7185=FACE_BOUND('',#7184,.T.);
#7186=ADVANCED_FACE('',(#7185),#7158,.T.);
#7187=CARTESIAN_POINT('',(2.515,0.38,0.32));
#7188=DIRECTION('',(1.,0.,0.));
#7189=DIRECTION('',(0.,0.,1.));
#7190=AXIS2_PLACEMENT_3D('',#7187,#7188,#7189);
#7191=PLANE('',#7190);
#7192=CARTESIAN_POINT('',(2.515,0.38,0.32));
#7193=VERTEX_POINT('',#7192);
#7194=CARTESIAN_POINT('',(2.515,0.89,0.32));
#7195=VERTEX_POINT('',#7194);
#7196=CARTESIAN_POINT('',(2.515,0.38,0.32));
#7197=DIRECTION('',(-0.,1.,-0.));
#7198=VECTOR('',#7197,0.51);
#7199=LINE('',#7196,#7198);
#7200=EDGE_CURVE('',#7193,#7195,#7199,.T.);
#7201=ORIENTED_EDGE('',*,*,#7200,.T.);
#7202=CARTESIAN_POINT('',(2.515,0.89,0.32));
#7203=DIRECTION('',(0.,0.,1.));
#7204=VECTOR('',#7203,0.385);
#7205=LINE('',#7202,#7204);
#7206=EDGE_CURVE('',#7195,#7169,#7205,.T.);
#7207=ORIENTED_EDGE('',*,*,#7206,.T.);
#7208=ORIENTED_EDGE('',*,*,#7174,.F.);
#7209=CARTESIAN_POINT('',(2.515,0.38,0.32));
#7210=DIRECTION('',(0.,0.,1.));
#7211=VECTOR('',#7210,0.385);
#7212=LINE('',#7209,#7211);
#7213=EDGE_CURVE('',#7193,#7160,#7212,.T.);
#7214=ORIENTED_EDGE('',*,*,#7213,.F.);
#7215=EDGE_LOOP('',(#7201,#7207,#7208,#7214));
#7216=FACE_BOUND('',#7215,.T.);
#7217=ADVANCED_FACE('',(#7216),#7191,.T.);
#7218=CARTESIAN_POINT('',(2.585,0.38,0.32));
#7219=DIRECTION('',(0.,-1.,0.));
#7220=DIRECTION('',(-1.,0.,0.));
#7221=AXIS2_PLACEMENT_3D('',#7218,#7219,#7220);
#7222=CYLINDRICAL_SURFACE('',#7221,0.07);
#7223=CARTESIAN_POINT('',(2.585,0.38,0.25));
#7224=VERTEX_POINT('',#7223);
#7225=CARTESIAN_POINT('',(2.585,0.89,0.25));
#7226=VERTEX_POINT('',#7225);
#7227=CARTESIAN_POINT('',(2.585,0.38,0.25));
#7228=DIRECTION('',(-0.,1.,-0.));
#7229=VECTOR('',#7228,0.51);
#7230=LINE('',#7227,#7229);
#7231=EDGE_CURVE('',#7224,#7226,#7230,.T.);
#7232=ORIENTED_EDGE('',*,*,#7231,.T.);
#7233=CARTESIAN_POINT('',(2.585,0.89,0.32));
#7234=DIRECTION('',(-0.,1.,-0.));
#7235=DIRECTION('',(0.,0.,-1.));
#7236=AXIS2_PLACEMENT_3D('',#7233,#7234,#7235);
#7237=CIRCLE('',#7236,0.07);
#7238=EDGE_CURVE('',#7226,#7195,#7237,.T.);
#7239=ORIENTED_EDGE('',*,*,#7238,.T.);
#7240=ORIENTED_EDGE('',*,*,#7200,.F.);
#7241=CARTESIAN_POINT('',(2.585,0.38,0.32));
#7242=DIRECTION('',(-0.,1.,-0.));
#7243=DIRECTION('',(0.,0.,-1.));
#7244=AXIS2_PLACEMENT_3D('',#7241,#7242,#7243);
#7245=CIRCLE('',#7244,0.07);
#7246=EDGE_CURVE('',#7224,#7193,#7245,.T.);
#7247=ORIENTED_EDGE('',*,*,#7246,.F.);
#7248=EDGE_LOOP('',(#7232,#7239,#7240,#7247));
#7249=FACE_BOUND('',#7248,.T.);
#7250=ADVANCED_FACE('',(#7249),#7222,.F.);
#7251=CARTESIAN_POINT('',(3.1,0.38,0.25));
#7252=DIRECTION('',(0.,0.,1.));
#7253=DIRECTION('',(-1.,0.,0.));
#7254=AXIS2_PLACEMENT_3D('',#7251,#7252,#7253);
#7255=PLANE('',#7254);
#7256=ORIENTED_EDGE('',*,*,#6928,.T.);
#7257=CARTESIAN_POINT('',(3.1,0.89,0.25));
#7258=DIRECTION('',(-1.,0.,0.));
#7259=VECTOR('',#7258,0.515);
#7260=LINE('',#7257,#7259);
#7261=EDGE_CURVE('',#6917,#7226,#7260,.T.);
#7262=ORIENTED_EDGE('',*,*,#7261,.T.);
#7263=ORIENTED_EDGE('',*,*,#7231,.F.);
#7264=CARTESIAN_POINT('',(3.1,0.38,0.25));
#7265=DIRECTION('',(-1.,0.,0.));
#7266=VECTOR('',#7265,0.515);
#7267=LINE('',#7264,#7266);
#7268=EDGE_CURVE('',#6899,#7224,#7267,.T.);
#7269=ORIENTED_EDGE('',*,*,#7268,.F.);
#7270=EDGE_LOOP('',(#7256,#7262,#7263,#7269));
#7271=FACE_BOUND('',#7270,.T.);
#7272=ADVANCED_FACE('',(#7271),#7255,.T.);
#7273=CARTESIAN_POINT('',(2.467780726,0.38,0.470927543));
#7274=DIRECTION('',(0.,-1.,0.));
#7275=DIRECTION('',(0.,0.,1.));
#7276=AXIS2_PLACEMENT_3D('',#7273,#7274,#7275);
#7277=PLANE('',#7276);
#7278=ORIENTED_EDGE('',*,*,#7268,.T.);
#7279=ORIENTED_EDGE('',*,*,#7246,.T.);
#7280=ORIENTED_EDGE('',*,*,#7213,.T.);
#7281=ORIENTED_EDGE('',*,*,#7166,.F.);
#7282=ORIENTED_EDGE('',*,*,#7149,.T.);
#7283=ORIENTED_EDGE('',*,*,#7118,.T.);
#7284=ORIENTED_EDGE('',*,*,#7072,.F.);
#7285=ORIENTED_EDGE('',*,*,#7056,.T.);
#7286=ORIENTED_EDGE('',*,*,#7008,.F.);
#7287=ORIENTED_EDGE('',*,*,#6976,.F.);
#7288=ORIENTED_EDGE('',*,*,#6944,.F.);
#7289=ORIENTED_EDGE('',*,*,#6906,.F.);
#7290=EDGE_LOOP('',(#7278,#7279,#7280,#7281,#7282,#7283,#7284,#7285,#7286,#7287,#7288,#7289));
#7291=FACE_BOUND('',#7290,.T.);
#7292=ADVANCED_FACE('',(#7291),#7277,.T.);
#7293=CARTESIAN_POINT('',(2.467780726,0.89,0.470927543));
#7294=DIRECTION('',(0.,-1.,0.));
#7295=DIRECTION('',(0.,0.,1.));
#7296=AXIS2_PLACEMENT_3D('',#7293,#7294,#7295);
#7297=PLANE('',#7296);
#7298=ORIENTED_EDGE('',*,*,#6922,.T.);
#7299=ORIENTED_EDGE('',*,*,#6958,.T.);
#7300=ORIENTED_EDGE('',*,*,#6991,.T.);
#7301=ORIENTED_EDGE('',*,*,#7022,.T.);
#7302=ORIENTED_EDGE('',*,*,#7048,.F.);
#7303=ORIENTED_EDGE('',*,*,#7086,.T.);
#7304=ORIENTED_EDGE('',*,*,#7111,.F.);
#7305=ORIENTED_EDGE('',*,*,#7142,.F.);
#7306=ORIENTED_EDGE('',*,*,#7181,.T.);
#7307=ORIENTED_EDGE('',*,*,#7206,.F.);
#7308=ORIENTED_EDGE('',*,*,#7238,.F.);
#7309=ORIENTED_EDGE('',*,*,#7261,.F.);
#7310=EDGE_LOOP('',(#7298,#7299,#7300,#7301,#7302,#7303,#7304,#7305,#7306,#7307,#7308,#7309));
#7311=FACE_BOUND('',#7310,.T.);
#7312=ADVANCED_FACE('',(#7311),#7297,.F.);
#7313=CLOSED_SHELL('',(#6932,#6963,#6996,#7027,#7060,#7091,#7122,#7153,#7186,#7217,#7250,#7272,#7292,#7312));
#7314=MANIFOLD_SOLID_BREP('Imported 02',#7313);
#6892=STYLED_ITEM('',(#910),#7314);
#6873=SHAPE_REPRESENTATION('Pin007',(#15),#6871);
#6874=ADVANCED_BREP_SHAPE_REPRESENTATION('Pin007',(#7314),#6871);
#7322=SHAPE_REPRESENTATION_RELATIONSHIP('','',#6873,#6874);
#7323=CARTESIAN_POINT('',(0.,0.,0.));
#7324=DIRECTION('',(0.,0.,1.));
#7325=DIRECTION('',(1.,0.,0.));
#7326=AXIS2_PLACEMENT_3D('',#7323,#7324,#7325);
#7328=MAPPED_ITEM('',#7327,#7326);
#7327=REPRESENTATION_MAP(#7326,#6873);
#6881=PRODUCT('Pin007','Pin007','',(#3372));
#7329=PRODUCT_RELATED_PRODUCT_CATEGORY('part','',(#6881));
#7330=PRODUCT_DEFINITION_FORMATION_WITH_SPECIFIED_SOURCE('','',#6881,.NOT_KNOWN.);
#6882=PRODUCT_DEFINITION('design','',#7330,#3373);
#6880=PRODUCT_DEFINITION_SHAPE('','',#6882);
#7331=SHAPE_DEFINITION_REPRESENTATION(#6880,#6873);
#6872=DRAUGHTING_MODEL('',(#7328),#6871);
#7332=(NAMED_UNIT(*)PLANE_ANGLE_UNIT()SI_UNIT($,.RADIAN.));
#7333=PLANE_ANGLE_MEASURE_WITH_UNIT(PLANE_ANGLE_MEASURE(0.0174532925),#7332);
#7334=(CONVERSION_BASED_UNIT('DEGREE',#7333)NAMED_UNIT(#7335)PLANE_ANGLE_UNIT());
#7335=DIMENSIONAL_EXPONENTS(0.,0.,0.,0.,0.,0.,0.);
#7336=(NAMED_UNIT(*)SI_UNIT($,.STERADIAN.)SOLID_ANGLE_UNIT());
#7337=(LENGTH_UNIT()NAMED_UNIT(*)SI_UNIT(.MILLI.,.METRE.));
#7338=UNCERTAINTY_MEASURE_WITH_UNIT(LENGTH_MEASURE(1.000000E-05),#7337,'DISTANCE_ACCURACY_VALUE','Maximum Tolerance applied to model');
#7339=(GEOMETRIC_REPRESENTATION_CONTEXT(3)GLOBAL_UNCERTAINTY_ASSIGNED_CONTEXT((#7338))GLOBAL_UNIT_ASSIGNED_CONTEXT((#7337,#7334,#7336))REPRESENTATION_CONTEXT('','Pin008'));
#7351=CARTESIAN_POINT('',(0.,0.,0.));
#7352=DIRECTION('',(0.,0.,1.));
#7353=DIRECTION('',(1.,0.,-0.));
#7354=AXIS2_PLACEMENT_3D('',#7351,#7352,#7353);
#7355=ITEM_DEFINED_TRANSFORMATION('','',#7354,#15);
#7356=(REPRESENTATION_RELATIONSHIP('','',#7341,#63)REPRESENTATION_RELATIONSHIP_WITH_TRANSFORMATION(#7355)SHAPE_REPRESENTATION_RELATIONSHIP());
#7357=NEXT_ASSEMBLY_USAGE_OCCURRENCE('Pin008_12','Pin008','Pin008',#72,#7350,$);
#7358=PRODUCT_DEFINITION_SHAPE('','',#7357);
#7359=CONTEXT_DEPENDENT_SHAPE_REPRESENTATION(#7356,#7358);
#7361=CARTESIAN_POINT('',(3.1,1.65,0.25));
#7362=DIRECTION('',(-1.,0.,0.));
#7363=DIRECTION('',(0.,0.,-1.));
#7364=AXIS2_PLACEMENT_3D('',#7361,#7362,#7363);
#7365=PLANE('',#7364);
#7366=CARTESIAN_POINT('',(3.1,1.65,0.25));
#7367=VERTEX_POINT('',#7366);
#7368=CARTESIAN_POINT('',(3.1,1.65,0.));
#7369=VERTEX_POINT('',#7368);
#7370=CARTESIAN_POINT('',(3.1,1.65,0.25));
#7371=DIRECTION('',(0.,0.,-1.));
#7372=VECTOR('',#7371,0.25);
#7373=LINE('',#7370,#7372);
#7374=EDGE_CURVE('',#7367,#7369,#7373,.T.);
#7375=ORIENTED_EDGE('',*,*,#7374,.T.);
#7376=CARTESIAN_POINT('',(3.1,2.16,0.));
#7377=VERTEX_POINT('',#7376);
#7378=CARTESIAN_POINT('',(3.1,1.65,0.));
#7379=DIRECTION('',(-0.,1.,-0.));
#7380=VECTOR('',#7379,0.51);
#7381=LINE('',#7378,#7380);
#7382=EDGE_CURVE('',#7369,#7377,#7381,.T.);
#7383=ORIENTED_EDGE('',*,*,#7382,.T.);
#7384=CARTESIAN_POINT('',(3.1,2.16,0.25));
#7385=VERTEX_POINT('',#7384);
#7386=CARTESIAN_POINT('',(3.1,2.16,0.25));
#7387=DIRECTION('',(-0.,-0.,-1.));
#7388=VECTOR('',#7387,0.25);
#7389=LINE('',#7386,#7388);
#7390=EDGE_CURVE('',#7385,#7377,#7389,.T.);
#7391=ORIENTED_EDGE('',*,*,#7390,.F.);
#7392=CARTESIAN_POINT('',(3.1,1.65,0.25));
#7393=DIRECTION('',(-0.,1.,-0.));
#7394=VECTOR('',#7393,0.51);
#7395=LINE('',#7392,#7394);
#7396=EDGE_CURVE('',#7367,#7385,#7395,.T.);
#7397=ORIENTED_EDGE('',*,*,#7396,.F.);
#7398=EDGE_LOOP('',(#7375,#7383,#7391,#7397));
#7399=FACE_BOUND('',#7398,.T.);
#7400=ADVANCED_FACE('',(#7399),#7365,.F.);
#7401=CARTESIAN_POINT('',(3.1,1.65,0.));
#7402=DIRECTION('',(0.,0.,1.));
#7403=DIRECTION('',(-1.,0.,0.));
#7404=AXIS2_PLACEMENT_3D('',#7401,#7402,#7403);
#7405=PLANE('',#7404);
#7406=CARTESIAN_POINT('',(2.585,1.65,0.));
#7407=VERTEX_POINT('',#7406);
#7408=CARTESIAN_POINT('',(3.1,1.65,0.));
#7409=DIRECTION('',(-1.,0.,0.));
#7410=VECTOR('',#7409,0.515);
#7411=LINE('',#7408,#7410);
#7412=EDGE_CURVE('',#7369,#7407,#7411,.T.);
#7413=ORIENTED_EDGE('',*,*,#7412,.T.);
#7414=CARTESIAN_POINT('',(2.585,2.16,0.));
#7415=VERTEX_POINT('',#7414);
#7416=CARTESIAN_POINT('',(2.585,1.65,0.));
#7417=DIRECTION('',(-0.,1.,-0.));
#7418=VECTOR('',#7417,0.51);
#7419=LINE('',#7416,#7418);
#7420=EDGE_CURVE('',#7407,#7415,#7419,.T.);
#7421=ORIENTED_EDGE('',*,*,#7420,.T.);
#7422=CARTESIAN_POINT('',(3.1,2.16,0.));
#7423=DIRECTION('',(-1.,0.,0.));
#7424=VECTOR('',#7423,0.515);
#7425=LINE('',#7422,#7424);
#7426=EDGE_CURVE('',#7377,#7415,#7425,.T.);
#7427=ORIENTED_EDGE('',*,*,#7426,.F.);
#7428=ORIENTED_EDGE('',*,*,#7382,.F.);
#7429=EDGE_LOOP('',(#7413,#7421,#7427,#7428));
#7430=FACE_BOUND('',#7429,.T.);
#7431=ADVANCED_FACE('',(#7430),#7405,.F.);
#7432=CARTESIAN_POINT('',(2.585,1.65,0.32));
#7433=DIRECTION('',(0.,-1.,0.));
#7434=DIRECTION('',(-1.,0.,0.));
#7435=AXIS2_PLACEMENT_3D('',#7432,#7433,#7434);
#7436=CYLINDRICAL_SURFACE('',#7435,0.32);
#7437=CARTESIAN_POINT('',(2.265,1.65,0.32));
#7438=VERTEX_POINT('',#7437);
#7439=CARTESIAN_POINT('',(2.585,1.65,0.32));
#7440=DIRECTION('',(-0.,1.,-0.));
#7441=DIRECTION('',(0.,0.,-1.));
#7442=AXIS2_PLACEMENT_3D('',#7439,#7440,#7441);
#7443=CIRCLE('',#7442,0.32);
#7444=EDGE_CURVE('',#7407,#7438,#7443,.T.);
#7445=ORIENTED_EDGE('',*,*,#7444,.T.);
#7446=CARTESIAN_POINT('',(2.265,2.16,0.32));
#7447=VERTEX_POINT('',#7446);
#7448=CARTESIAN_POINT('',(2.265,1.65,0.32));
#7449=DIRECTION('',(-0.,1.,-0.));
#7450=VECTOR('',#7449,0.51);
#7451=LINE('',#7448,#7450);
#7452=EDGE_CURVE('',#7438,#7447,#7451,.T.);
#7453=ORIENTED_EDGE('',*,*,#7452,.T.);
#7454=CARTESIAN_POINT('',(2.585,2.16,0.32));
#7455=DIRECTION('',(-0.,1.,-0.));
#7456=DIRECTION('',(0.,0.,-1.));
#7457=AXIS2_PLACEMENT_3D('',#7454,#7455,#7456);
#7458=CIRCLE('',#7457,0.32);
#7459=EDGE_CURVE('',#7415,#7447,#7458,.T.);
#7460=ORIENTED_EDGE('',*,*,#7459,.F.);
#7461=ORIENTED_EDGE('',*,*,#7420,.F.);
#7462=EDGE_LOOP('',(#7445,#7453,#7460,#7461));
#7463=FACE_BOUND('',#7462,.T.);
#7464=ADVANCED_FACE('',(#7463),#7436,.T.);
#7465=CARTESIAN_POINT('',(2.265,1.65,0.32));
#7466=DIRECTION('',(1.,0.,0.));
#7467=DIRECTION('',(0.,0.,1.));
#7468=AXIS2_PLACEMENT_3D('',#7465,#7466,#7467);
#7469=PLANE('',#7468);
#7470=CARTESIAN_POINT('',(2.265,1.65,0.705));
#7471=VERTEX_POINT('',#7470);
#7472=CARTESIAN_POINT('',(2.265,1.65,0.32));
#7473=DIRECTION('',(0.,0.,1.));
#7474=VECTOR('',#7473,0.385);
#7475=LINE('',#7472,#7474);
#7476=EDGE_CURVE('',#7438,#7471,#7475,.T.);
#7477=ORIENTED_EDGE('',*,*,#7476,.T.);
#7478=CARTESIAN_POINT('',(2.265,2.16,0.705));
#7479=VERTEX_POINT('',#7478);
#7480=CARTESIAN_POINT('',(2.265,1.65,0.705));
#7481=DIRECTION('',(-0.,1.,-0.));
#7482=VECTOR('',#7481,0.51);
#7483=LINE('',#7480,#7482);
#7484=EDGE_CURVE('',#7471,#7479,#7483,.T.);
#7485=ORIENTED_EDGE('',*,*,#7484,.T.);
#7486=CARTESIAN_POINT('',(2.265,2.16,0.32));
#7487=DIRECTION('',(0.,0.,1.));
#7488=VECTOR('',#7487,0.385);
#7489=LINE('',#7486,#7488);
#7490=EDGE_CURVE('',#7447,#7479,#7489,.T.);
#7491=ORIENTED_EDGE('',*,*,#7490,.F.);
#7492=ORIENTED_EDGE('',*,*,#7452,.F.);
#7493=EDGE_LOOP('',(#7477,#7485,#7491,#7492));
#7494=FACE_BOUND('',#7493,.T.);
#7495=ADVANCED_FACE('',(#7494),#7469,.F.);
#7496=CARTESIAN_POINT('',(2.195,1.65,0.705));
#7497=DIRECTION('',(0.,-1.,0.));
#7498=DIRECTION('',(-1.,0.,0.));
#7499=AXIS2_PLACEMENT_3D('',#7496,#7497,#7498);
#7500=CYLINDRICAL_SURFACE('',#7499,0.07);
#7501=CARTESIAN_POINT('',(2.195,1.65,0.775));
#7502=VERTEX_POINT('',#7501);
#7503=CARTESIAN_POINT('',(2.195,2.16,0.775));
#7504=VERTEX_POINT('',#7503);
#7505=CARTESIAN_POINT('',(2.195,1.65,0.775));
#7506=DIRECTION('',(-0.,1.,-0.));
#7507=VECTOR('',#7506,0.51);
#7508=LINE('',#7505,#7507);
#7509=EDGE_CURVE('',#7502,#7504,#7508,.T.);
#7510=ORIENTED_EDGE('',*,*,#7509,.T.);
#7511=CARTESIAN_POINT('',(2.195,2.16,0.705));
#7512=DIRECTION('',(-0.,1.,-0.));
#7513=DIRECTION('',(0.,0.,-1.));
#7514=AXIS2_PLACEMENT_3D('',#7511,#7512,#7513);
#7515=CIRCLE('',#7514,0.07);
#7516=EDGE_CURVE('',#7504,#7479,#7515,.T.);
#7517=ORIENTED_EDGE('',*,*,#7516,.T.);
#7518=ORIENTED_EDGE('',*,*,#7484,.F.);
#7519=CARTESIAN_POINT('',(2.195,1.65,0.705));
#7520=DIRECTION('',(-0.,1.,-0.));
#7521=DIRECTION('',(0.,0.,-1.));
#7522=AXIS2_PLACEMENT_3D('',#7519,#7520,#7521);
#7523=CIRCLE('',#7522,0.07);
#7524=EDGE_CURVE('',#7502,#7471,#7523,.T.);
#7525=ORIENTED_EDGE('',*,*,#7524,.F.);
#7526=EDGE_LOOP('',(#7510,#7517,#7518,#7525));
#7527=FACE_BOUND('',#7526,.T.);
#7528=ADVANCED_FACE('',(#7527),#7500,.F.);
#7529=CARTESIAN_POINT('',(2.195,1.65,0.775));
#7530=DIRECTION('',(0.,0.,1.));
#7531=DIRECTION('',(-1.,0.,0.));
#7532=AXIS2_PLACEMENT_3D('',#7529,#7530,#7531);
#7533=PLANE('',#7532);
#7534=CARTESIAN_POINT('',(1.9,1.65,0.775));
#7535=VERTEX_POINT('',#7534);
#7536=CARTESIAN_POINT('',(2.195,1.65,0.775));
#7537=DIRECTION('',(-1.,0.,0.));
#7538=VECTOR('',#7537,0.295);
#7539=LINE('',#7536,#7538);
#7540=EDGE_CURVE('',#7502,#7535,#7539,.T.);
#7541=ORIENTED_EDGE('',*,*,#7540,.T.);
#7542=CARTESIAN_POINT('',(1.9,2.16,0.775));
#7543=VERTEX_POINT('',#7542);
#7544=CARTESIAN_POINT('',(1.9,1.65,0.775));
#7545=DIRECTION('',(-0.,1.,-0.));
#7546=VECTOR('',#7545,0.51);
#7547=LINE('',#7544,#7546);
#7548=EDGE_CURVE('',#7535,#7543,#7547,.T.);
#7549=ORIENTED_EDGE('',*,*,#7548,.T.);
#7550=CARTESIAN_POINT('',(2.195,2.16,0.775));
#7551=DIRECTION('',(-1.,0.,0.));
#7552=VECTOR('',#7551,0.295);
#7553=LINE('',#7550,#7552);
#7554=EDGE_CURVE('',#7504,#7543,#7553,.T.);
#7555=ORIENTED_EDGE('',*,*,#7554,.F.);
#7556=ORIENTED_EDGE('',*,*,#7509,.F.);
#7557=EDGE_LOOP('',(#7541,#7549,#7555,#7556));
#7558=FACE_BOUND('',#7557,.T.);
#7559=ADVANCED_FACE('',(#7558),#7533,.F.);
#7560=CARTESIAN_POINT('',(1.9,1.65,1.025));
#7561=DIRECTION('',(-1.,0.,0.));
#7562=DIRECTION('',(0.,0.,-1.));
#7563=AXIS2_PLACEMENT_3D('',#7560,#7561,#7562);
#7564=PLANE('',#7563);
#7565=CARTESIAN_POINT('',(1.9,1.65,1.025));
#7566=VERTEX_POINT('',#7565);
#7567=CARTESIAN_POINT('',(1.9,2.16,1.025));
#7568=VERTEX_POINT('',#7567);
#7569=CARTESIAN_POINT('',(1.9,1.65,1.025));
#7570=DIRECTION('',(-0.,1.,-0.));
#7571=VECTOR('',#7570,0.51);
#7572=LINE('',#7569,#7571);
#7573=EDGE_CURVE('',#7566,#7568,#7572,.T.);
#7574=ORIENTED_EDGE('',*,*,#7573,.T.);
#7575=CARTESIAN_POINT('',(1.9,2.16,1.025));
#7576=DIRECTION('',(0.,0.,-1.));
#7577=VECTOR('',#7576,0.25);
#7578=LINE('',#7575,#7577);
#7579=EDGE_CURVE('',#7568,#7543,#7578,.T.);
#7580=ORIENTED_EDGE('',*,*,#7579,.T.);
#7581=ORIENTED_EDGE('',*,*,#7548,.F.);
#7582=CARTESIAN_POINT('',(1.9,1.65,1.025));
#7583=DIRECTION('',(-0.,-0.,-1.));
#7584=VECTOR('',#7583,0.25);
#7585=LINE('',#7582,#7584);
#7586=EDGE_CURVE('',#7566,#7535,#7585,.T.);
#7587=ORIENTED_EDGE('',*,*,#7586,.F.);
#7588=EDGE_LOOP('',(#7574,#7580,#7581,#7587));
#7589=FACE_BOUND('',#7588,.T.);
#7590=ADVANCED_FACE('',(#7589),#7564,.T.);
#7591=CARTESIAN_POINT('',(2.195,1.65,1.025));
#7592=DIRECTION('',(0.,0.,1.));
#7593=DIRECTION('',(-1.,0.,0.));
#7594=AXIS2_PLACEMENT_3D('',#7591,#7592,#7593);
#7595=PLANE('',#7594);
#7596=CARTESIAN_POINT('',(2.195,1.65,1.025));
#7597=VERTEX_POINT('',#7596);
#7598=CARTESIAN_POINT('',(2.195,2.16,1.025));
#7599=VERTEX_POINT('',#7598);
#7600=CARTESIAN_POINT('',(2.195,1.65,1.025));
#7601=DIRECTION('',(-0.,1.,-0.));
#7602=VECTOR('',#7601,0.51);
#7603=LINE('',#7600,#7602);
#7604=EDGE_CURVE('',#7597,#7599,#7603,.T.);
#7605=ORIENTED_EDGE('',*,*,#7604,.T.);
#7606=CARTESIAN_POINT('',(2.195,2.16,1.025));
#7607=DIRECTION('',(-1.,0.,0.));
#7608=VECTOR('',#7607,0.295);
#7609=LINE('',#7606,#7608);
#7610=EDGE_CURVE('',#7599,#7568,#7609,.T.);
#7611=ORIENTED_EDGE('',*,*,#7610,.T.);
#7612=ORIENTED_EDGE('',*,*,#7573,.F.);
#7613=CARTESIAN_POINT('',(2.195,1.65,1.025));
#7614=DIRECTION('',(-1.,0.,0.));
#7615=VECTOR('',#7614,0.295);
#7616=LINE('',#7613,#7615);
#7617=EDGE_CURVE('',#7597,#7566,#7616,.T.);
#7618=ORIENTED_EDGE('',*,*,#7617,.F.);
#7619=EDGE_LOOP('',(#7605,#7611,#7612,#7618));
#7620=FACE_BOUND('',#7619,.T.);
#7621=ADVANCED_FACE('',(#7620),#7595,.T.);
#7622=CARTESIAN_POINT('',(2.195,1.65,0.705));
#7623=DIRECTION('',(0.,-1.,0.));
#7624=DIRECTION('',(-1.,0.,0.));
#7625=AXIS2_PLACEMENT_3D('',#7622,#7623,#7624);
#7626=CYLINDRICAL_SURFACE('',#7625,0.32);
#7627=CARTESIAN_POINT('',(2.515,1.65,0.705));
#7628=VERTEX_POINT('',#7627);
#7629=CARTESIAN_POINT('',(2.195,1.65,0.705));
#7630=DIRECTION('',(-0.,1.,-0.));
#7631=DIRECTION('',(0.,0.,-1.));
#7632=AXIS2_PLACEMENT_3D('',#7629,#7630,#7631);
#7633=CIRCLE('',#7632,0.32);
#7634=EDGE_CURVE('',#7597,#7628,#7633,.T.);
#7635=ORIENTED_EDGE('',*,*,#7634,.T.);
#7636=CARTESIAN_POINT('',(2.515,2.16,0.705));
#7637=VERTEX_POINT('',#7636);
#7638=CARTESIAN_POINT('',(2.515,1.65,0.705));
#7639=DIRECTION('',(-0.,1.,-0.));
#7640=VECTOR('',#7639,0.51);
#7641=LINE('',#7638,#7640);
#7642=EDGE_CURVE('',#7628,#7637,#7641,.T.);
#7643=ORIENTED_EDGE('',*,*,#7642,.T.);
#7644=CARTESIAN_POINT('',(2.195,2.16,0.705));
#7645=DIRECTION('',(-0.,1.,-0.));
#7646=DIRECTION('',(0.,0.,-1.));
#7647=AXIS2_PLACEMENT_3D('',#7644,#7645,#7646);
#7648=CIRCLE('',#7647,0.32);
#7649=EDGE_CURVE('',#7599,#7637,#7648,.T.);
#7650=ORIENTED_EDGE('',*,*,#7649,.F.);
#7651=ORIENTED_EDGE('',*,*,#7604,.F.);
#7652=EDGE_LOOP('',(#7635,#7643,#7650,#7651));
#7653=FACE_BOUND('',#7652,.T.);
#7654=ADVANCED_FACE('',(#7653),#7626,.T.);
#7655=CARTESIAN_POINT('',(2.515,1.65,0.32));
#7656=DIRECTION('',(1.,0.,0.));
#7657=DIRECTION('',(0.,0.,1.));
#7658=AXIS2_PLACEMENT_3D('',#7655,#7656,#7657);
#7659=PLANE('',#7658);
#7660=CARTESIAN_POINT('',(2.515,1.65,0.32));
#7661=VERTEX_POINT('',#7660);
#7662=CARTESIAN_POINT('',(2.515,2.16,0.32));
#7663=VERTEX_POINT('',#7662);
#7664=CARTESIAN_POINT('',(2.515,1.65,0.32));
#7665=DIRECTION('',(-0.,1.,-0.));
#7666=VECTOR('',#7665,0.51);
#7667=LINE('',#7664,#7666);
#7668=EDGE_CURVE('',#7661,#7663,#7667,.T.);
#7669=ORIENTED_EDGE('',*,*,#7668,.T.);
#7670=CARTESIAN_POINT('',(2.515,2.16,0.32));
#7671=DIRECTION('',(0.,0.,1.));
#7672=VECTOR('',#7671,0.385);
#7673=LINE('',#7670,#7672);
#7674=EDGE_CURVE('',#7663,#7637,#7673,.T.);
#7675=ORIENTED_EDGE('',*,*,#7674,.T.);
#7676=ORIENTED_EDGE('',*,*,#7642,.F.);
#7677=CARTESIAN_POINT('',(2.515,1.65,0.32));
#7678=DIRECTION('',(0.,0.,1.));
#7679=VECTOR('',#7678,0.385);
#7680=LINE('',#7677,#7679);
#7681=EDGE_CURVE('',#7661,#7628,#7680,.T.);
#7682=ORIENTED_EDGE('',*,*,#7681,.F.);
#7683=EDGE_LOOP('',(#7669,#7675,#7676,#7682));
#7684=FACE_BOUND('',#7683,.T.);
#7685=ADVANCED_FACE('',(#7684),#7659,.T.);
#7686=CARTESIAN_POINT('',(2.585,1.65,0.32));
#7687=DIRECTION('',(0.,-1.,0.));
#7688=DIRECTION('',(-1.,0.,0.));
#7689=AXIS2_PLACEMENT_3D('',#7686,#7687,#7688);
#7690=CYLINDRICAL_SURFACE('',#7689,0.07);
#7691=CARTESIAN_POINT('',(2.585,1.65,0.25));
#7692=VERTEX_POINT('',#7691);
#7693=CARTESIAN_POINT('',(2.585,2.16,0.25));
#7694=VERTEX_POINT('',#7693);
#7695=CARTESIAN_POINT('',(2.585,1.65,0.25));
#7696=DIRECTION('',(-0.,1.,-0.));
#7697=VECTOR('',#7696,0.51);
#7698=LINE('',#7695,#7697);
#7699=EDGE_CURVE('',#7692,#7694,#7698,.T.);
#7700=ORIENTED_EDGE('',*,*,#7699,.T.);
#7701=CARTESIAN_POINT('',(2.585,2.16,0.32));
#7702=DIRECTION('',(-0.,1.,-0.));
#7703=DIRECTION('',(0.,0.,-1.));
#7704=AXIS2_PLACEMENT_3D('',#7701,#7702,#7703);
#7705=CIRCLE('',#7704,0.07);
#7706=EDGE_CURVE('',#7694,#7663,#7705,.T.);
#7707=ORIENTED_EDGE('',*,*,#7706,.T.);
#7708=ORIENTED_EDGE('',*,*,#7668,.F.);
#7709=CARTESIAN_POINT('',(2.585,1.65,0.32));
#7710=DIRECTION('',(-0.,1.,-0.));
#7711=DIRECTION('',(0.,0.,-1.));
#7712=AXIS2_PLACEMENT_3D('',#7709,#7710,#7711);
#7713=CIRCLE('',#7712,0.07);
#7714=EDGE_CURVE('',#7692,#7661,#7713,.T.);
#7715=ORIENTED_EDGE('',*,*,#7714,.F.);
#7716=EDGE_LOOP('',(#7700,#7707,#7708,#7715));
#7717=FACE_BOUND('',#7716,.T.);
#7718=ADVANCED_FACE('',(#7717),#7690,.F.);
#7719=CARTESIAN_POINT('',(3.1,1.65,0.25));
#7720=DIRECTION('',(0.,0.,1.));
#7721=DIRECTION('',(-1.,0.,0.));
#7722=AXIS2_PLACEMENT_3D('',#7719,#7720,#7721);
#7723=PLANE('',#7722);
#7724=ORIENTED_EDGE('',*,*,#7396,.T.);
#7725=CARTESIAN_POINT('',(3.1,2.16,0.25));
#7726=DIRECTION('',(-1.,0.,0.));
#7727=VECTOR('',#7726,0.515);
#7728=LINE('',#7725,#7727);
#7729=EDGE_CURVE('',#7385,#7694,#7728,.T.);
#7730=ORIENTED_EDGE('',*,*,#7729,.T.);
#7731=ORIENTED_EDGE('',*,*,#7699,.F.);
#7732=CARTESIAN_POINT('',(3.1,1.65,0.25));
#7733=DIRECTION('',(-1.,0.,0.));
#7734=VECTOR('',#7733,0.515);
#7735=LINE('',#7732,#7734);
#7736=EDGE_CURVE('',#7367,#7692,#7735,.T.);
#7737=ORIENTED_EDGE('',*,*,#7736,.F.);
#7738=EDGE_LOOP('',(#7724,#7730,#7731,#7737));
#7739=FACE_BOUND('',#7738,.T.);
#7740=ADVANCED_FACE('',(#7739),#7723,.T.);
#7741=CARTESIAN_POINT('',(2.467780726,1.65,0.470927543));
#7742=DIRECTION('',(0.,-1.,0.));
#7743=DIRECTION('',(0.,0.,1.));
#7744=AXIS2_PLACEMENT_3D('',#7741,#7742,#7743);
#7745=PLANE('',#7744);
#7746=ORIENTED_EDGE('',*,*,#7736,.T.);
#7747=ORIENTED_EDGE('',*,*,#7714,.T.);
#7748=ORIENTED_EDGE('',*,*,#7681,.T.);
#7749=ORIENTED_EDGE('',*,*,#7634,.F.);
#7750=ORIENTED_EDGE('',*,*,#7617,.T.);
#7751=ORIENTED_EDGE('',*,*,#7586,.T.);
#7752=ORIENTED_EDGE('',*,*,#7540,.F.);
#7753=ORIENTED_EDGE('',*,*,#7524,.T.);
#7754=ORIENTED_EDGE('',*,*,#7476,.F.);
#7755=ORIENTED_EDGE('',*,*,#7444,.F.);
#7756=ORIENTED_EDGE('',*,*,#7412,.F.);
#7757=ORIENTED_EDGE('',*,*,#7374,.F.);
#7758=EDGE_LOOP('',(#7746,#7747,#7748,#7749,#7750,#7751,#7752,#7753,#7754,#7755,#7756,#7757));
#7759=FACE_BOUND('',#7758,.T.);
#7760=ADVANCED_FACE('',(#7759),#7745,.T.);
#7761=CARTESIAN_POINT('',(2.467780726,2.16,0.470927543));
#7762=DIRECTION('',(0.,-1.,0.));
#7763=DIRECTION('',(0.,0.,1.));
#7764=AXIS2_PLACEMENT_3D('',#7761,#7762,#7763);
#7765=PLANE('',#7764);
#7766=ORIENTED_EDGE('',*,*,#7390,.T.);
#7767=ORIENTED_EDGE('',*,*,#7426,.T.);
#7768=ORIENTED_EDGE('',*,*,#7459,.T.);
#7769=ORIENTED_EDGE('',*,*,#7490,.T.);
#7770=ORIENTED_EDGE('',*,*,#7516,.F.);
#7771=ORIENTED_EDGE('',*,*,#7554,.T.);
#7772=ORIENTED_EDGE('',*,*,#7579,.F.);
#7773=ORIENTED_EDGE('',*,*,#7610,.F.);
#7774=ORIENTED_EDGE('',*,*,#7649,.T.);
#7775=ORIENTED_EDGE('',*,*,#7674,.F.);
#7776=ORIENTED_EDGE('',*,*,#7706,.F.);
#7777=ORIENTED_EDGE('',*,*,#7729,.F.);
#7778=EDGE_LOOP('',(#7766,#7767,#7768,#7769,#7770,#7771,#7772,#7773,#7774,#7775,#7776,#7777));
#7779=FACE_BOUND('',#7778,.T.);
#7780=ADVANCED_FACE('',(#7779),#7765,.F.);
#7781=CLOSED_SHELL('',(#7400,#7431,#7464,#7495,#7528,#7559,#7590,#7621,#7654,#7685,#7718,#7740,#7760,#7780));
#7782=MANIFOLD_SOLID_BREP('Imported 01',#7781);
#7360=STYLED_ITEM('',(#910),#7782);
#7341=SHAPE_REPRESENTATION('Pin008',(#15),#7339);
#7342=ADVANCED_BREP_SHAPE_REPRESENTATION('Pin008',(#7782),#7339);
#7790=SHAPE_REPRESENTATION_RELATIONSHIP('','',#7341,#7342);
#7791=CARTESIAN_POINT('',(0.,0.,0.));
#7792=DIRECTION('',(0.,0.,1.));
#7793=DIRECTION('',(1.,0.,0.));
#7794=AXIS2_PLACEMENT_3D('',#7791,#7792,#7793);
#7796=MAPPED_ITEM('',#7795,#7794);
#7795=REPRESENTATION_MAP(#7794,#7341);
#7349=PRODUCT('Pin008','Pin008','',(#3372));
#7797=PRODUCT_RELATED_PRODUCT_CATEGORY('part','',(#7349));
#7798=PRODUCT_DEFINITION_FORMATION_WITH_SPECIFIED_SOURCE('','',#7349,.NOT_KNOWN.);
#7350=PRODUCT_DEFINITION('design','',#7798,#3373);
#7348=PRODUCT_DEFINITION_SHAPE('','',#7350);
#7799=SHAPE_DEFINITION_REPRESENTATION(#7348,#7341);
#7340=DRAUGHTING_MODEL('',(#7796),#7339);
#63=SHAPE_REPRESENTATION('SOP-8_LM358.step',(#15,#104,#3399,#4078,#4546,#5014,#5482,#5950,#6418,#6886,#7354),#61);
#7800=CARTESIAN_POINT('',(0.,0.,0.));
#7801=DIRECTION('',(0.,0.,1.));
#7802=DIRECTION('',(1.,0.,0.));
#7803=AXIS2_PLACEMENT_3D('',#7800,#7801,#7802);
#7805=MAPPED_ITEM('',#7804,#7803);
#7804=REPRESENTATION_MAP(#7803,#63);
#71=PRODUCT('SOP-8_LM358.step','SOP-8_LM358.step','',(#3372));
#7806=PRODUCT_RELATED_PRODUCT_CATEGORY('part','',(#71));
#7807=PRODUCT_DEFINITION_FORMATION_WITH_SPECIFIED_SOURCE('','',#71,.NOT_KNOWN.);
#72=PRODUCT_DEFINITION('design','',#7807,#3373);
#70=PRODUCT_DEFINITION_SHAPE('','',#72);
#7808=SHAPE_DEFINITION_REPRESENTATION(#70,#63);
#62=DRAUGHTING_MODEL('',(#7805),#61);
#35=SHAPE_REPRESENTATION('SOP-8.step',(#15,#76),#33);
#7809=CARTESIAN_POINT('',(0.,0.,0.));
#7810=DIRECTION('',(0.,0.,1.));
#7811=DIRECTION('',(1.,0.,0.));
#7812=AXIS2_PLACEMENT_3D('',#7809,#7810,#7811);
#7814=MAPPED_ITEM('',#7813,#7812);
#7813=REPRESENTATION_MAP(#7812,#35);
#43=PRODUCT('SOP-8.step','SOP-8.step','',(#3372));
#7815=PRODUCT_RELATED_PRODUCT_CATEGORY('part','',(#43));
#7816=PRODUCT_DEFINITION_FORMATION_WITH_SPECIFIED_SOURCE('','',#43,.NOT_KNOWN.);
#44=PRODUCT_DEFINITION('design','',#7816,#3373);
#42=PRODUCT_DEFINITION_SHAPE('','',#44);
#7817=SHAPE_DEFINITION_REPRESENTATION(#42,#35);
#34=DRAUGHTING_MODEL('',(#7814),#33);
#16=SHAPE_REPRESENTATION('root',(#15,#48),#10);
#7818=CARTESIAN_POINT('',(0.,0.,0.));
#7819=DIRECTION('',(0.,0.,1.));
#7820=DIRECTION('',(1.,0.,0.));
#7821=AXIS2_PLACEMENT_3D('',#7818,#7819,#7820);
#7823=MAPPED_ITEM('',#7822,#7821);
#7822=REPRESENTATION_MAP(#7821,#16);
#24=PRODUCT('root','root','',(#3372));
#7824=PRODUCT_RELATED_PRODUCT_CATEGORY('part','',(#24));
#7825=PRODUCT_DEFINITION_FORMATION_WITH_SPECIFIED_SOURCE('','',#24,.NOT_KNOWN.);
#25=PRODUCT_DEFINITION('design','',#7825,#3373);
#23=PRODUCT_DEFINITION_SHAPE('','',#25);
#7826=SHAPE_DEFINITION_REPRESENTATION(#23,#16);
#11=DRAUGHTING_MODEL('',(#7823),#10);
#7827=DESCRIPTIVE_REPRESENTATION_ITEM('KEY','C:\\Users\\Nhatkhongbuon\\AppData\\Local\\Packages\\Shapr3D.Shapr3D_dvv5p1vgwv6mp\\TempState\\04d75e33-2a21-42ca-827e-2d6827e3c37b.tmp');
#7828=PROPERTY_DEFINITION('KEY','',#25);
#7829=REPRESENTATION('',(#7827),#10);
#7830=PROPERTY_DEFINITION_REPRESENTATION(#7828,#7829);
#7831=GENERAL_PROPERTY('','KEY','');
#7832=GENERAL_PROPERTY_ASSOCIATION('','',#7831,#7828);
#1=MECHANICAL_DESIGN_GEOMETRIC_PRESENTATION_REPRESENTATION('',(#911,#1651,#1780,#2220,#2545,#3037,#3346,#110,#4036,#3405,#4084,#4552,#5020,#5488,#5956,#6424,#6892,#7360),#10);
ENDSEC;
END-ISO-10303-21;
