ISO-10303-21;
HEADER;
FILE_DESCRIPTION(('STEP AP214'),
    '1');
FILE_NAME('RM065',
    '2026-05-22T04:46:53',
    ('EK'),
    (''),
    'ASCON STEP Converter 1.3',
    'ASCON Math Kernel',
    '');
FILE_SCHEMA(('AUTOMOTIVE_DESIGN { 1 0 10303 214 3 1 1}'));
ENDSEC;

DATA;
#1=SHAPE_REPRESENTATION('NONE',(#2),#6);
#2=AXIS2_PLACEMENT_3D('',#3,#4,#5);
#3=CARTESIAN_POINT('',(0.,0.,0.));
#4=DIRECTION('',(0.,0.,1.));
#5=DIRECTION('',(1.,0.,0.));
#6=(GEOMETRIC_REPRESENTATION_CONTEXT(3)GLOBAL_UNCERTAINTY_ASSIGNED_CONTEXT((#8))
GLOBAL_UNIT_ASSIGNED_CONTEXT((#7,#9,#10))REPRESENTATION_CONTEXT('NONE','NONE'));
#7=(LENGTH_UNIT()NAMED_UNIT(*)SI_UNIT(.MILLI.,.METRE.));
#8=UNCERTAINTY_MEASURE_WITH_UNIT(LENGTH_MEASURE(1.E-005),#7,'NONE','NONE');
#9=(NAMED_UNIT(*)PLANE_ANGLE_UNIT()SI_UNIT($,.RADIAN.));
#10=(NAMED_UNIT(*)SI_UNIT($,.STERADIAN.)SOLID_ANGLE_UNIT());
#11=SHAPE_DEFINITION_REPRESENTATION(#12,#1);
#12=PRODUCT_DEFINITION_SHAPE('NONE','NONE',#13);
#13=PRODUCT_DEFINITION('','UNSPECIFIED',#14,#22);
#14=PRODUCT_DEFINITION_FORMATION_WITH_SPECIFIED_SOURCE('ANY','UNSPECIFIED',#15,.NOT_KNOWN.);
#15=PRODUCT('','Деталь','NONE',(#25));
#16=PERSON('UNSPECIFIED','EK','UNSPECIFIED',('UNSPECIFIED'),('UNSPECIFIED'),('UNSPECIFIED'));
#17=ORGANIZATION('UNSPECIFIED','UNSPECIFIED','UNSPECIFIED');
#18=PERSON_AND_ORGANIZATION(#16,#17);
#19=PERSON_AND_ORGANIZATION_ROLE('design_owner');
#20=CC_DESIGN_PERSON_AND_ORGANIZATION_ASSIGNMENT(#18,#19,(#15));
#21=PRODUCT_RELATED_PRODUCT_CATEGORY('detail','',(#15));
#22=DESIGN_CONTEXT('detailed design',#23,'design');
#23=APPLICATION_CONTEXT('configuration controlled 3d designs of mechanical parts and assemblies');
#24=APPLICATION_PROTOCOL_DEFINITION('international standard','automotive_design',
2011,#23);
#25=MECHANICAL_CONTEXT('NONE',#23,'mechanical');
#26=CC_DESIGN_DATE_AND_TIME_ASSIGNMENT(#27,#31,(#13));
#27=DATE_AND_TIME(#28,#29);
#28=CALENDAR_DATE(0,1,1);
#29=LOCAL_TIME(0,0,0.,#30);
#30=COORDINATED_UNIVERSAL_TIME_OFFSET(0,0,.AHEAD.);
#31=DATE_TIME_ROLE('creation_date');
#32=CC_DESIGN_APPROVAL(#33,(#13));
#33=APPROVAL(#34,'UNSPECIFIED');
#34=APPROVAL_STATUS('not_yet_approved');
#35=APPROVAL_DATE_TIME(#36,#33);
#36=DATE_AND_TIME(#37,#38);
#37=CALENDAR_DATE(0,1,1);
#38=LOCAL_TIME(0,0,0.,#39);
#39=COORDINATED_UNIVERSAL_TIME_OFFSET(0,0,.AHEAD.);
#40=DERIVED_UNIT((#44,#41));
#41=DERIVED_UNIT_ELEMENT(#42,-1.);
#42=VOLUME_UNIT(#43);
#43=DIMENSIONAL_EXPONENTS(3.,0.,0.,0.,0.,0.,0.);
#44=(NAMED_UNIT($)MASS_UNIT()SI_UNIT($,.GRAM.));
#45=MANIFOLD_SOLID_BREP('',#46);
#46=CLOSED_SHELL('',(#68,#77,#86,#95,#104,#113,#122,#131,#140,#149,#158,#167,#176,
#185,#194,#203,#212,#221,#230,#239,#248,#257,#266,#275,#284,#293,#302,#311,#320,
#329,#338,#347,#356,#365,#374,#383,#392,#401,#410,#419,#428,#437,#446,#455,#464,
#473,#482,#491,#500,#509,#518,#527,#536,#545,#554,#563));
#47=COLOUR_RGB($,0.564705882352941,0.564705882352941,0.564705882352941);
#48=FILL_AREA_STYLE_COLOUR($,#47);
#49=FILL_AREA_STYLE($,(#48));
#50=SURFACE_STYLE_FILL_AREA(#49);
#51=SURFACE_SIDE_STYLE('',(#50));
#52=SURFACE_STYLE_USAGE(.BOTH.,#51);
#53=PRESENTATION_STYLE_ASSIGNMENT((#52));
#54=MECHANICAL_DESIGN_GEOMETRIC_PRESENTATION_REPRESENTATION('NONE',(#55,#65,#76,
#85,#94,#103,#112,#121,#130,#139,#148,#157,#166,#175,#184,#193,#202,#211,#220,#229,
#238,#247,#256,#265,#274,#283,#292,#301,#310,#319,#328,#337,#346,#355,#364,#373,
#382,#391,#400,#409,#418,#427,#436,#445,#454,#463,#472,#481,#490,#499,#508,#517,
#526,#535,#544,#553,#562,#571,#580,#589,#598,#607,#616,#625,#634,#643,#652,#661,
#670,#679,#688,#697,#706,#715,#724,#733,#742,#751,#760,#769,#778,#787,#796,#805,
#814,#823,#832,#841,#850,#859,#868,#877,#886,#895,#904,#913,#922,#931,#940,#949,
#958,#967,#976,#985,#994,#1003,#1012,#1021,#1030,#1039,#1048,#1057,#1066,#1075,#1084,
#1093,#1102,#1111,#1120,#1129,#1138,#1147,#1156,#1165,#1174,#1183,#1192,#1201,#1210,
#1219,#1228,#1237,#1246,#1255,#1264,#1273,#1282,#1291,#1300,#1309,#1318,#1327,#1336,
#1345,#1354,#1363,#1372,#1381,#1390,#1399,#1408,#1417,#1426,#1435,#1444,#1453,#1462,
#1471,#1480,#1489,#1498,#1507,#1516,#1525,#1534,#1543,#1552),#6);
#55=STYLED_ITEM('',(#53),#45);
#56=MANIFOLD_SOLID_BREP('',#57);
#57=CLOSED_SHELL('',(#572,#581,#590,#599,#608,#617,#626,#635,#644,#653,#662,#671,
#680,#689,#698,#707,#716,#725,#734,#743,#752,#761,#770,#779,#788,#797,#806,#815,
#824,#833,#842,#851,#860,#869,#878,#887,#896,#905,#914,#923,#932,#941,#950,#959,
#968,#977,#986,#995,#1004,#1013,#1022,#1031,#1040,#1049,#1058,#1067,#1076,#1085,
#1094,#1103,#1112,#1121,#1130,#1139,#1148,#1157,#1166,#1175,#1184,#1193,#1202,#1211,
#1220,#1229,#1238,#1247,#1256,#1265,#1274,#1283,#1292,#1301,#1310,#1319,#1328,#1337,
#1346,#1355,#1364,#1373,#1382,#1391,#1400,#1409,#1418,#1427,#1436,#1445,#1454,#1463,
#1472,#1481,#1490,#1499,#1508,#1517,#1526,#1535,#1544));
#58=COLOUR_RGB($,0.564705882352941,0.564705882352941,0.564705882352941);
#59=FILL_AREA_STYLE_COLOUR($,#58);
#60=FILL_AREA_STYLE($,(#59));
#61=SURFACE_STYLE_FILL_AREA(#60);
#62=SURFACE_SIDE_STYLE('',(#61));
#63=SURFACE_STYLE_USAGE(.BOTH.,#62);
#64=PRESENTATION_STYLE_ASSIGNMENT((#63));
#65=STYLED_ITEM('',(#64),#56);
#66=ADVANCED_BREP_SHAPE_REPRESENTATION('NONE',(#45,#56),#6);
#67=SHAPE_REPRESENTATION_RELATIONSHIP('','',#1,#66);
#68=ADVANCED_FACE('',(#1553,#1555),#1557,.T.);
#69=COLOUR_RGB($,1.,1.,1.);
#70=FILL_AREA_STYLE_COLOUR($,#69);
#71=FILL_AREA_STYLE($,(#70));
#72=SURFACE_STYLE_FILL_AREA(#71);
#73=SURFACE_SIDE_STYLE('',(#72));
#74=SURFACE_STYLE_USAGE(.BOTH.,#73);
#75=PRESENTATION_STYLE_ASSIGNMENT((#74));
#76=STYLED_ITEM('',(#75),#68);
#77=ADVANCED_FACE('',(#1562),#1564,.T.);
#78=COLOUR_RGB($,0.752941176470588,0.752941176470588,0.752941176470588);
#79=FILL_AREA_STYLE_COLOUR($,#78);
#80=FILL_AREA_STYLE($,(#79));
#81=SURFACE_STYLE_FILL_AREA(#80);
#82=SURFACE_SIDE_STYLE('',(#81));
#83=SURFACE_STYLE_USAGE(.BOTH.,#82);
#84=PRESENTATION_STYLE_ASSIGNMENT((#83));
#85=STYLED_ITEM('',(#84),#77);
#86=ADVANCED_FACE('',(#1569),#1571,.T.);
#87=COLOUR_RGB($,0.752941176470588,0.752941176470588,0.752941176470588);
#88=FILL_AREA_STYLE_COLOUR($,#87);
#89=FILL_AREA_STYLE($,(#88));
#90=SURFACE_STYLE_FILL_AREA(#89);
#91=SURFACE_SIDE_STYLE('',(#90));
#92=SURFACE_STYLE_USAGE(.BOTH.,#91);
#93=PRESENTATION_STYLE_ASSIGNMENT((#92));
#94=STYLED_ITEM('',(#93),#86);
#95=ADVANCED_FACE('',(#1576),#1578,.F.);
#96=COLOUR_RGB($,1.,1.,1.);
#97=FILL_AREA_STYLE_COLOUR($,#96);
#98=FILL_AREA_STYLE($,(#97));
#99=SURFACE_STYLE_FILL_AREA(#98);
#100=SURFACE_SIDE_STYLE('',(#99));
#101=SURFACE_STYLE_USAGE(.BOTH.,#100);
#102=PRESENTATION_STYLE_ASSIGNMENT((#101));
#103=STYLED_ITEM('',(#102),#95);
#104=ADVANCED_FACE('',(#1583),#1585,.F.);
#105=COLOUR_RGB($,1.,1.,1.);
#106=FILL_AREA_STYLE_COLOUR($,#105);
#107=FILL_AREA_STYLE($,(#106));
#108=SURFACE_STYLE_FILL_AREA(#107);
#109=SURFACE_SIDE_STYLE('',(#108));
#110=SURFACE_STYLE_USAGE(.BOTH.,#109);
#111=PRESENTATION_STYLE_ASSIGNMENT((#110));
#112=STYLED_ITEM('',(#111),#104);
#113=ADVANCED_FACE('',(#1590),#1592,.T.);
#114=COLOUR_RGB($,0.752941176470588,0.752941176470588,0.752941176470588);
#115=FILL_AREA_STYLE_COLOUR($,#114);
#116=FILL_AREA_STYLE($,(#115));
#117=SURFACE_STYLE_FILL_AREA(#116);
#118=SURFACE_SIDE_STYLE('',(#117));
#119=SURFACE_STYLE_USAGE(.BOTH.,#118);
#120=PRESENTATION_STYLE_ASSIGNMENT((#119));
#121=STYLED_ITEM('',(#120),#113);
#122=ADVANCED_FACE('',(#1597),#1599,.T.);
#123=COLOUR_RGB($,0.752941176470588,0.752941176470588,0.752941176470588);
#124=FILL_AREA_STYLE_COLOUR($,#123);
#125=FILL_AREA_STYLE($,(#124));
#126=SURFACE_STYLE_FILL_AREA(#125);
#127=SURFACE_SIDE_STYLE('',(#126));
#128=SURFACE_STYLE_USAGE(.BOTH.,#127);
#129=PRESENTATION_STYLE_ASSIGNMENT((#128));
#130=STYLED_ITEM('',(#129),#122);
#131=ADVANCED_FACE('',(#1604),#1606,.T.);
#132=COLOUR_RGB($,0.752941176470588,0.752941176470588,0.752941176470588);
#133=FILL_AREA_STYLE_COLOUR($,#132);
#134=FILL_AREA_STYLE($,(#133));
#135=SURFACE_STYLE_FILL_AREA(#134);
#136=SURFACE_SIDE_STYLE('',(#135));
#137=SURFACE_STYLE_USAGE(.BOTH.,#136);
#138=PRESENTATION_STYLE_ASSIGNMENT((#137));
#139=STYLED_ITEM('',(#138),#131);
#140=ADVANCED_FACE('',(#1611),#1613,.T.);
#141=COLOUR_RGB($,0.752941176470588,0.752941176470588,0.752941176470588);
#142=FILL_AREA_STYLE_COLOUR($,#141);
#143=FILL_AREA_STYLE($,(#142));
#144=SURFACE_STYLE_FILL_AREA(#143);
#145=SURFACE_SIDE_STYLE('',(#144));
#146=SURFACE_STYLE_USAGE(.BOTH.,#145);
#147=PRESENTATION_STYLE_ASSIGNMENT((#146));
#148=STYLED_ITEM('',(#147),#140);
#149=ADVANCED_FACE('',(#1618),#1620,.T.);
#150=COLOUR_RGB($,0.752941176470588,0.752941176470588,0.752941176470588);
#151=FILL_AREA_STYLE_COLOUR($,#150);
#152=FILL_AREA_STYLE($,(#151));
#153=SURFACE_STYLE_FILL_AREA(#152);
#154=SURFACE_SIDE_STYLE('',(#153));
#155=SURFACE_STYLE_USAGE(.BOTH.,#154);
#156=PRESENTATION_STYLE_ASSIGNMENT((#155));
#157=STYLED_ITEM('',(#156),#149);
#158=ADVANCED_FACE('',(#1625),#1627,.T.);
#159=COLOUR_RGB($,0.752941176470588,0.752941176470588,0.752941176470588);
#160=FILL_AREA_STYLE_COLOUR($,#159);
#161=FILL_AREA_STYLE($,(#160));
#162=SURFACE_STYLE_FILL_AREA(#161);
#163=SURFACE_SIDE_STYLE('',(#162));
#164=SURFACE_STYLE_USAGE(.BOTH.,#163);
#165=PRESENTATION_STYLE_ASSIGNMENT((#164));
#166=STYLED_ITEM('',(#165),#158);
#167=ADVANCED_FACE('',(#1632),#1634,.T.);
#168=COLOUR_RGB($,0.752941176470588,0.752941176470588,0.752941176470588);
#169=FILL_AREA_STYLE_COLOUR($,#168);
#170=FILL_AREA_STYLE($,(#169));
#171=SURFACE_STYLE_FILL_AREA(#170);
#172=SURFACE_SIDE_STYLE('',(#171));
#173=SURFACE_STYLE_USAGE(.BOTH.,#172);
#174=PRESENTATION_STYLE_ASSIGNMENT((#173));
#175=STYLED_ITEM('',(#174),#167);
#176=ADVANCED_FACE('',(#1639),#1641,.T.);
#177=COLOUR_RGB($,0.752941176470588,0.752941176470588,0.752941176470588);
#178=FILL_AREA_STYLE_COLOUR($,#177);
#179=FILL_AREA_STYLE($,(#178));
#180=SURFACE_STYLE_FILL_AREA(#179);
#181=SURFACE_SIDE_STYLE('',(#180));
#182=SURFACE_STYLE_USAGE(.BOTH.,#181);
#183=PRESENTATION_STYLE_ASSIGNMENT((#182));
#184=STYLED_ITEM('',(#183),#176);
#185=ADVANCED_FACE('',(#1646),#1648,.T.);
#186=COLOUR_RGB($,0.564705882352941,0.564705882352941,0.564705882352941);
#187=FILL_AREA_STYLE_COLOUR($,#186);
#188=FILL_AREA_STYLE($,(#187));
#189=SURFACE_STYLE_FILL_AREA(#188);
#190=SURFACE_SIDE_STYLE('',(#189));
#191=SURFACE_STYLE_USAGE(.BOTH.,#190);
#192=PRESENTATION_STYLE_ASSIGNMENT((#191));
#193=STYLED_ITEM('',(#192),#185);
#194=ADVANCED_FACE('',(#1653),#1655,.T.);
#195=COLOUR_RGB($,0.564705882352941,0.564705882352941,0.564705882352941);
#196=FILL_AREA_STYLE_COLOUR($,#195);
#197=FILL_AREA_STYLE($,(#196));
#198=SURFACE_STYLE_FILL_AREA(#197);
#199=SURFACE_SIDE_STYLE('',(#198));
#200=SURFACE_STYLE_USAGE(.BOTH.,#199);
#201=PRESENTATION_STYLE_ASSIGNMENT((#200));
#202=STYLED_ITEM('',(#201),#194);
#203=ADVANCED_FACE('',(#1660,#1662),#1664,.F.);
#204=COLOUR_RGB($,0.564705882352941,0.564705882352941,0.564705882352941);
#205=FILL_AREA_STYLE_COLOUR($,#204);
#206=FILL_AREA_STYLE($,(#205));
#207=SURFACE_STYLE_FILL_AREA(#206);
#208=SURFACE_SIDE_STYLE('',(#207));
#209=SURFACE_STYLE_USAGE(.BOTH.,#208);
#210=PRESENTATION_STYLE_ASSIGNMENT((#209));
#211=STYLED_ITEM('',(#210),#203);
#212=ADVANCED_FACE('',(#1669,#1671),#1673,.T.);
#213=COLOUR_RGB($,1.,1.,1.);
#214=FILL_AREA_STYLE_COLOUR($,#213);
#215=FILL_AREA_STYLE($,(#214));
#216=SURFACE_STYLE_FILL_AREA(#215);
#217=SURFACE_SIDE_STYLE('',(#216));
#218=SURFACE_STYLE_USAGE(.BOTH.,#217);
#219=PRESENTATION_STYLE_ASSIGNMENT((#218));
#220=STYLED_ITEM('',(#219),#212);
#221=ADVANCED_FACE('',(#1678),#1680,.T.);
#222=COLOUR_RGB($,0.752941176470588,0.752941176470588,0.752941176470588);
#223=FILL_AREA_STYLE_COLOUR($,#222);
#224=FILL_AREA_STYLE($,(#223));
#225=SURFACE_STYLE_FILL_AREA(#224);
#226=SURFACE_SIDE_STYLE('',(#225));
#227=SURFACE_STYLE_USAGE(.BOTH.,#226);
#228=PRESENTATION_STYLE_ASSIGNMENT((#227));
#229=STYLED_ITEM('',(#228),#221);
#230=ADVANCED_FACE('',(#1685),#1687,.T.);
#231=COLOUR_RGB($,0.752941176470588,0.752941176470588,0.752941176470588);
#232=FILL_AREA_STYLE_COLOUR($,#231);
#233=FILL_AREA_STYLE($,(#232));
#234=SURFACE_STYLE_FILL_AREA(#233);
#235=SURFACE_SIDE_STYLE('',(#234));
#236=SURFACE_STYLE_USAGE(.BOTH.,#235);
#237=PRESENTATION_STYLE_ASSIGNMENT((#236));
#238=STYLED_ITEM('',(#237),#230);
#239=ADVANCED_FACE('',(#1692),#1694,.T.);
#240=COLOUR_RGB($,0.752941176470588,0.752941176470588,0.752941176470588);
#241=FILL_AREA_STYLE_COLOUR($,#240);
#242=FILL_AREA_STYLE($,(#241));
#243=SURFACE_STYLE_FILL_AREA(#242);
#244=SURFACE_SIDE_STYLE('',(#243));
#245=SURFACE_STYLE_USAGE(.BOTH.,#244);
#246=PRESENTATION_STYLE_ASSIGNMENT((#245));
#247=STYLED_ITEM('',(#246),#239);
#248=ADVANCED_FACE('',(#1699),#1701,.T.);
#249=COLOUR_RGB($,1.,1.,1.);
#250=FILL_AREA_STYLE_COLOUR($,#249);
#251=FILL_AREA_STYLE($,(#250));
#252=SURFACE_STYLE_FILL_AREA(#251);
#253=SURFACE_SIDE_STYLE('',(#252));
#254=SURFACE_STYLE_USAGE(.BOTH.,#253);
#255=PRESENTATION_STYLE_ASSIGNMENT((#254));
#256=STYLED_ITEM('',(#255),#248);
#257=ADVANCED_FACE('',(#1706),#1708,.F.);
#258=COLOUR_RGB($,1.,1.,1.);
#259=FILL_AREA_STYLE_COLOUR($,#258);
#260=FILL_AREA_STYLE($,(#259));
#261=SURFACE_STYLE_FILL_AREA(#260);
#262=SURFACE_SIDE_STYLE('',(#261));
#263=SURFACE_STYLE_USAGE(.BOTH.,#262);
#264=PRESENTATION_STYLE_ASSIGNMENT((#263));
#265=STYLED_ITEM('',(#264),#257);
#266=ADVANCED_FACE('',(#1713,#1715),#1717,.T.);
#267=COLOUR_RGB($,1.,1.,1.);
#268=FILL_AREA_STYLE_COLOUR($,#267);
#269=FILL_AREA_STYLE($,(#268));
#270=SURFACE_STYLE_FILL_AREA(#269);
#271=SURFACE_SIDE_STYLE('',(#270));
#272=SURFACE_STYLE_USAGE(.BOTH.,#271);
#273=PRESENTATION_STYLE_ASSIGNMENT((#272));
#274=STYLED_ITEM('',(#273),#266);
#275=ADVANCED_FACE('',(#1722),#1724,.F.);
#276=COLOUR_RGB($,1.,1.,1.);
#277=FILL_AREA_STYLE_COLOUR($,#276);
#278=FILL_AREA_STYLE($,(#277));
#279=SURFACE_STYLE_FILL_AREA(#278);
#280=SURFACE_SIDE_STYLE('',(#279));
#281=SURFACE_STYLE_USAGE(.BOTH.,#280);
#282=PRESENTATION_STYLE_ASSIGNMENT((#281));
#283=STYLED_ITEM('',(#282),#275);
#284=ADVANCED_FACE('',(#1729),#1731,.T.);
#285=COLOUR_RGB($,1.,1.,1.);
#286=FILL_AREA_STYLE_COLOUR($,#285);
#287=FILL_AREA_STYLE($,(#286));
#288=SURFACE_STYLE_FILL_AREA(#287);
#289=SURFACE_SIDE_STYLE('',(#288));
#290=SURFACE_STYLE_USAGE(.BOTH.,#289);
#291=PRESENTATION_STYLE_ASSIGNMENT((#290));
#292=STYLED_ITEM('',(#291),#284);
#293=ADVANCED_FACE('',(#1736),#1738,.F.);
#294=COLOUR_RGB($,1.,1.,1.);
#295=FILL_AREA_STYLE_COLOUR($,#294);
#296=FILL_AREA_STYLE($,(#295));
#297=SURFACE_STYLE_FILL_AREA(#296);
#298=SURFACE_SIDE_STYLE('',(#297));
#299=SURFACE_STYLE_USAGE(.BOTH.,#298);
#300=PRESENTATION_STYLE_ASSIGNMENT((#299));
#301=STYLED_ITEM('',(#300),#293);
#302=ADVANCED_FACE('',(#1743),#1745,.F.);
#303=COLOUR_RGB($,1.,1.,1.);
#304=FILL_AREA_STYLE_COLOUR($,#303);
#305=FILL_AREA_STYLE($,(#304));
#306=SURFACE_STYLE_FILL_AREA(#305);
#307=SURFACE_SIDE_STYLE('',(#306));
#308=SURFACE_STYLE_USAGE(.BOTH.,#307);
#309=PRESENTATION_STYLE_ASSIGNMENT((#308));
#310=STYLED_ITEM('',(#309),#302);
#311=ADVANCED_FACE('',(#1750),#1752,.T.);
#312=COLOUR_RGB($,1.,1.,1.);
#313=FILL_AREA_STYLE_COLOUR($,#312);
#314=FILL_AREA_STYLE($,(#313));
#315=SURFACE_STYLE_FILL_AREA(#314);
#316=SURFACE_SIDE_STYLE('',(#315));
#317=SURFACE_STYLE_USAGE(.BOTH.,#316);
#318=PRESENTATION_STYLE_ASSIGNMENT((#317));
#319=STYLED_ITEM('',(#318),#311);
#320=ADVANCED_FACE('',(#1757),#1759,.T.);
#321=COLOUR_RGB($,0.752941176470588,0.752941176470588,0.752941176470588);
#322=FILL_AREA_STYLE_COLOUR($,#321);
#323=FILL_AREA_STYLE($,(#322));
#324=SURFACE_STYLE_FILL_AREA(#323);
#325=SURFACE_SIDE_STYLE('',(#324));
#326=SURFACE_STYLE_USAGE(.BOTH.,#325);
#327=PRESENTATION_STYLE_ASSIGNMENT((#326));
#328=STYLED_ITEM('',(#327),#320);
#329=ADVANCED_FACE('',(#1764),#1766,.F.);
#330=COLOUR_RGB($,1.,1.,1.);
#331=FILL_AREA_STYLE_COLOUR($,#330);
#332=FILL_AREA_STYLE($,(#331));
#333=SURFACE_STYLE_FILL_AREA(#332);
#334=SURFACE_SIDE_STYLE('',(#333));
#335=SURFACE_STYLE_USAGE(.BOTH.,#334);
#336=PRESENTATION_STYLE_ASSIGNMENT((#335));
#337=STYLED_ITEM('',(#336),#329);
#338=ADVANCED_FACE('',(#1771),#1773,.T.);
#339=COLOUR_RGB($,1.,1.,1.);
#340=FILL_AREA_STYLE_COLOUR($,#339);
#341=FILL_AREA_STYLE($,(#340));
#342=SURFACE_STYLE_FILL_AREA(#341);
#343=SURFACE_SIDE_STYLE('',(#342));
#344=SURFACE_STYLE_USAGE(.BOTH.,#343);
#345=PRESENTATION_STYLE_ASSIGNMENT((#344));
#346=STYLED_ITEM('',(#345),#338);
#347=ADVANCED_FACE('',(#1778),#1780,.F.);
#348=COLOUR_RGB($,1.,1.,1.);
#349=FILL_AREA_STYLE_COLOUR($,#348);
#350=FILL_AREA_STYLE($,(#349));
#351=SURFACE_STYLE_FILL_AREA(#350);
#352=SURFACE_SIDE_STYLE('',(#351));
#353=SURFACE_STYLE_USAGE(.BOTH.,#352);
#354=PRESENTATION_STYLE_ASSIGNMENT((#353));
#355=STYLED_ITEM('',(#354),#347);
#356=ADVANCED_FACE('',(#1785),#1787,.F.);
#357=COLOUR_RGB($,1.,1.,1.);
#358=FILL_AREA_STYLE_COLOUR($,#357);
#359=FILL_AREA_STYLE($,(#358));
#360=SURFACE_STYLE_FILL_AREA(#359);
#361=SURFACE_SIDE_STYLE('',(#360));
#362=SURFACE_STYLE_USAGE(.BOTH.,#361);
#363=PRESENTATION_STYLE_ASSIGNMENT((#362));
#364=STYLED_ITEM('',(#363),#356);
#365=ADVANCED_FACE('',(#1792),#1794,.F.);
#366=COLOUR_RGB($,1.,1.,1.);
#367=FILL_AREA_STYLE_COLOUR($,#366);
#368=FILL_AREA_STYLE($,(#367));
#369=SURFACE_STYLE_FILL_AREA(#368);
#370=SURFACE_SIDE_STYLE('',(#369));
#371=SURFACE_STYLE_USAGE(.BOTH.,#370);
#372=PRESENTATION_STYLE_ASSIGNMENT((#371));
#373=STYLED_ITEM('',(#372),#365);
#374=ADVANCED_FACE('',(#1799),#1801,.F.);
#375=COLOUR_RGB($,1.,1.,1.);
#376=FILL_AREA_STYLE_COLOUR($,#375);
#377=FILL_AREA_STYLE($,(#376));
#378=SURFACE_STYLE_FILL_AREA(#377);
#379=SURFACE_SIDE_STYLE('',(#378));
#380=SURFACE_STYLE_USAGE(.BOTH.,#379);
#381=PRESENTATION_STYLE_ASSIGNMENT((#380));
#382=STYLED_ITEM('',(#381),#374);
#383=ADVANCED_FACE('',(#1806),#1808,.T.);
#384=COLOUR_RGB($,0.,0.501960784313725,1.);
#385=FILL_AREA_STYLE_COLOUR($,#384);
#386=FILL_AREA_STYLE($,(#385));
#387=SURFACE_STYLE_FILL_AREA(#386);
#388=SURFACE_SIDE_STYLE('',(#387));
#389=SURFACE_STYLE_USAGE(.BOTH.,#388);
#390=PRESENTATION_STYLE_ASSIGNMENT((#389));
#391=STYLED_ITEM('',(#390),#383);
#392=ADVANCED_FACE('',(#1813),#1815,.T.);
#393=COLOUR_RGB($,0.752941176470588,0.752941176470588,0.752941176470588);
#394=FILL_AREA_STYLE_COLOUR($,#393);
#395=FILL_AREA_STYLE($,(#394));
#396=SURFACE_STYLE_FILL_AREA(#395);
#397=SURFACE_SIDE_STYLE('',(#396));
#398=SURFACE_STYLE_USAGE(.BOTH.,#397);
#399=PRESENTATION_STYLE_ASSIGNMENT((#398));
#400=STYLED_ITEM('',(#399),#392);
#401=ADVANCED_FACE('',(#1820),#1822,.T.);
#402=COLOUR_RGB($,0.752941176470588,0.752941176470588,0.752941176470588);
#403=FILL_AREA_STYLE_COLOUR($,#402);
#404=FILL_AREA_STYLE($,(#403));
#405=SURFACE_STYLE_FILL_AREA(#404);
#406=SURFACE_SIDE_STYLE('',(#405));
#407=SURFACE_STYLE_USAGE(.BOTH.,#406);
#408=PRESENTATION_STYLE_ASSIGNMENT((#407));
#409=STYLED_ITEM('',(#408),#401);
#410=ADVANCED_FACE('',(#1827),#1829,.F.);
#411=COLOUR_RGB($,1.,1.,1.);
#412=FILL_AREA_STYLE_COLOUR($,#411);
#413=FILL_AREA_STYLE($,(#412));
#414=SURFACE_STYLE_FILL_AREA(#413);
#415=SURFACE_SIDE_STYLE('',(#414));
#416=SURFACE_STYLE_USAGE(.BOTH.,#415);
#417=PRESENTATION_STYLE_ASSIGNMENT((#416));
#418=STYLED_ITEM('',(#417),#410);
#419=ADVANCED_FACE('',(#1834),#1836,.T.);
#420=COLOUR_RGB($,1.,1.,1.);
#421=FILL_AREA_STYLE_COLOUR($,#420);
#422=FILL_AREA_STYLE($,(#421));
#423=SURFACE_STYLE_FILL_AREA(#422);
#424=SURFACE_SIDE_STYLE('',(#423));
#425=SURFACE_STYLE_USAGE(.BOTH.,#424);
#426=PRESENTATION_STYLE_ASSIGNMENT((#425));
#427=STYLED_ITEM('',(#426),#419);
#428=ADVANCED_FACE('',(#1841),#1843,.F.);
#429=COLOUR_RGB($,1.,1.,1.);
#430=FILL_AREA_STYLE_COLOUR($,#429);
#431=FILL_AREA_STYLE($,(#430));
#432=SURFACE_STYLE_FILL_AREA(#431);
#433=SURFACE_SIDE_STYLE('',(#432));
#434=SURFACE_STYLE_USAGE(.BOTH.,#433);
#435=PRESENTATION_STYLE_ASSIGNMENT((#434));
#436=STYLED_ITEM('',(#435),#428);
#437=ADVANCED_FACE('',(#1848),#1850,.F.);
#438=COLOUR_RGB($,1.,1.,1.);
#439=FILL_AREA_STYLE_COLOUR($,#438);
#440=FILL_AREA_STYLE($,(#439));
#441=SURFACE_STYLE_FILL_AREA(#440);
#442=SURFACE_SIDE_STYLE('',(#441));
#443=SURFACE_STYLE_USAGE(.BOTH.,#442);
#444=PRESENTATION_STYLE_ASSIGNMENT((#443));
#445=STYLED_ITEM('',(#444),#437);
#446=ADVANCED_FACE('',(#1855),#1857,.T.);
#447=COLOUR_RGB($,0.752941176470588,0.752941176470588,0.752941176470588);
#448=FILL_AREA_STYLE_COLOUR($,#447);
#449=FILL_AREA_STYLE($,(#448));
#450=SURFACE_STYLE_FILL_AREA(#449);
#451=SURFACE_SIDE_STYLE('',(#450));
#452=SURFACE_STYLE_USAGE(.BOTH.,#451);
#453=PRESENTATION_STYLE_ASSIGNMENT((#452));
#454=STYLED_ITEM('',(#453),#446);
#455=ADVANCED_FACE('',(#1862),#1864,.T.);
#456=COLOUR_RGB($,0.752941176470588,0.752941176470588,0.752941176470588);
#457=FILL_AREA_STYLE_COLOUR($,#456);
#458=FILL_AREA_STYLE($,(#457));
#459=SURFACE_STYLE_FILL_AREA(#458);
#460=SURFACE_SIDE_STYLE('',(#459));
#461=SURFACE_STYLE_USAGE(.BOTH.,#460);
#462=PRESENTATION_STYLE_ASSIGNMENT((#461));
#463=STYLED_ITEM('',(#462),#455);
#464=ADVANCED_FACE('',(#1869),#1871,.T.);
#465=COLOUR_RGB($,0.752941176470588,0.752941176470588,0.752941176470588);
#466=FILL_AREA_STYLE_COLOUR($,#465);
#467=FILL_AREA_STYLE($,(#466));
#468=SURFACE_STYLE_FILL_AREA(#467);
#469=SURFACE_SIDE_STYLE('',(#468));
#470=SURFACE_STYLE_USAGE(.BOTH.,#469);
#471=PRESENTATION_STYLE_ASSIGNMENT((#470));
#472=STYLED_ITEM('',(#471),#464);
#473=ADVANCED_FACE('',(#1876),#1878,.T.);
#474=COLOUR_RGB($,0.752941176470588,0.752941176470588,0.752941176470588);
#475=FILL_AREA_STYLE_COLOUR($,#474);
#476=FILL_AREA_STYLE($,(#475));
#477=SURFACE_STYLE_FILL_AREA(#476);
#478=SURFACE_SIDE_STYLE('',(#477));
#479=SURFACE_STYLE_USAGE(.BOTH.,#478);
#480=PRESENTATION_STYLE_ASSIGNMENT((#479));
#481=STYLED_ITEM('',(#480),#473);
#482=ADVANCED_FACE('',(#1883),#1885,.T.);
#483=COLOUR_RGB($,0.752941176470588,0.752941176470588,0.752941176470588);
#484=FILL_AREA_STYLE_COLOUR($,#483);
#485=FILL_AREA_STYLE($,(#484));
#486=SURFACE_STYLE_FILL_AREA(#485);
#487=SURFACE_SIDE_STYLE('',(#486));
#488=SURFACE_STYLE_USAGE(.BOTH.,#487);
#489=PRESENTATION_STYLE_ASSIGNMENT((#488));
#490=STYLED_ITEM('',(#489),#482);
#491=ADVANCED_FACE('',(#1890),#1892,.T.);
#492=COLOUR_RGB($,0.752941176470588,0.752941176470588,0.752941176470588);
#493=FILL_AREA_STYLE_COLOUR($,#492);
#494=FILL_AREA_STYLE($,(#493));
#495=SURFACE_STYLE_FILL_AREA(#494);
#496=SURFACE_SIDE_STYLE('',(#495));
#497=SURFACE_STYLE_USAGE(.BOTH.,#496);
#498=PRESENTATION_STYLE_ASSIGNMENT((#497));
#499=STYLED_ITEM('',(#498),#491);
#500=ADVANCED_FACE('',(#1897),#1899,.F.);
#501=COLOUR_RGB($,0.752941176470588,0.752941176470588,0.752941176470588);
#502=FILL_AREA_STYLE_COLOUR($,#501);
#503=FILL_AREA_STYLE($,(#502));
#504=SURFACE_STYLE_FILL_AREA(#503);
#505=SURFACE_SIDE_STYLE('',(#504));
#506=SURFACE_STYLE_USAGE(.BOTH.,#505);
#507=PRESENTATION_STYLE_ASSIGNMENT((#506));
#508=STYLED_ITEM('',(#507),#500);
#509=ADVANCED_FACE('',(#1904),#1906,.F.);
#510=COLOUR_RGB($,0.752941176470588,0.752941176470588,0.752941176470588);
#511=FILL_AREA_STYLE_COLOUR($,#510);
#512=FILL_AREA_STYLE($,(#511));
#513=SURFACE_STYLE_FILL_AREA(#512);
#514=SURFACE_SIDE_STYLE('',(#513));
#515=SURFACE_STYLE_USAGE(.BOTH.,#514);
#516=PRESENTATION_STYLE_ASSIGNMENT((#515));
#517=STYLED_ITEM('',(#516),#509);
#518=ADVANCED_FACE('',(#1911),#1913,.F.);
#519=COLOUR_RGB($,0.752941176470588,0.752941176470588,0.752941176470588);
#520=FILL_AREA_STYLE_COLOUR($,#519);
#521=FILL_AREA_STYLE($,(#520));
#522=SURFACE_STYLE_FILL_AREA(#521);
#523=SURFACE_SIDE_STYLE('',(#522));
#524=SURFACE_STYLE_USAGE(.BOTH.,#523);
#525=PRESENTATION_STYLE_ASSIGNMENT((#524));
#526=STYLED_ITEM('',(#525),#518);
#527=ADVANCED_FACE('',(#1918),#1920,.F.);
#528=COLOUR_RGB($,0.752941176470588,0.752941176470588,0.752941176470588);
#529=FILL_AREA_STYLE_COLOUR($,#528);
#530=FILL_AREA_STYLE($,(#529));
#531=SURFACE_STYLE_FILL_AREA(#530);
#532=SURFACE_SIDE_STYLE('',(#531));
#533=SURFACE_STYLE_USAGE(.BOTH.,#532);
#534=PRESENTATION_STYLE_ASSIGNMENT((#533));
#535=STYLED_ITEM('',(#534),#527);
#536=ADVANCED_FACE('',(#1925),#1927,.T.);
#537=COLOUR_RGB($,0.752941176470588,0.752941176470588,0.752941176470588);
#538=FILL_AREA_STYLE_COLOUR($,#537);
#539=FILL_AREA_STYLE($,(#538));
#540=SURFACE_STYLE_FILL_AREA(#539);
#541=SURFACE_SIDE_STYLE('',(#540));
#542=SURFACE_STYLE_USAGE(.BOTH.,#541);
#543=PRESENTATION_STYLE_ASSIGNMENT((#542));
#544=STYLED_ITEM('',(#543),#536);
#545=ADVANCED_FACE('',(#1932),#1934,.T.);
#546=COLOUR_RGB($,0.752941176470588,0.752941176470588,0.752941176470588);
#547=FILL_AREA_STYLE_COLOUR($,#546);
#548=FILL_AREA_STYLE($,(#547));
#549=SURFACE_STYLE_FILL_AREA(#548);
#550=SURFACE_SIDE_STYLE('',(#549));
#551=SURFACE_STYLE_USAGE(.BOTH.,#550);
#552=PRESENTATION_STYLE_ASSIGNMENT((#551));
#553=STYLED_ITEM('',(#552),#545);
#554=ADVANCED_FACE('',(#1939),#1941,.T.);
#555=COLOUR_RGB($,0.752941176470588,0.752941176470588,0.752941176470588);
#556=FILL_AREA_STYLE_COLOUR($,#555);
#557=FILL_AREA_STYLE($,(#556));
#558=SURFACE_STYLE_FILL_AREA(#557);
#559=SURFACE_SIDE_STYLE('',(#558));
#560=SURFACE_STYLE_USAGE(.BOTH.,#559);
#561=PRESENTATION_STYLE_ASSIGNMENT((#560));
#562=STYLED_ITEM('',(#561),#554);
#563=ADVANCED_FACE('',(#1946),#1948,.T.);
#564=COLOUR_RGB($,0.752941176470588,0.752941176470588,0.752941176470588);
#565=FILL_AREA_STYLE_COLOUR($,#564);
#566=FILL_AREA_STYLE($,(#565));
#567=SURFACE_STYLE_FILL_AREA(#566);
#568=SURFACE_SIDE_STYLE('',(#567));
#569=SURFACE_STYLE_USAGE(.BOTH.,#568);
#570=PRESENTATION_STYLE_ASSIGNMENT((#569));
#571=STYLED_ITEM('',(#570),#563);
#572=ADVANCED_FACE('',(#1953),#1955,.T.);
#573=COLOUR_RGB($,0.752941176470588,0.752941176470588,0.752941176470588);
#574=FILL_AREA_STYLE_COLOUR($,#573);
#575=FILL_AREA_STYLE($,(#574));
#576=SURFACE_STYLE_FILL_AREA(#575);
#577=SURFACE_SIDE_STYLE('',(#576));
#578=SURFACE_STYLE_USAGE(.BOTH.,#577);
#579=PRESENTATION_STYLE_ASSIGNMENT((#578));
#580=STYLED_ITEM('',(#579),#572);
#581=ADVANCED_FACE('',(#1960),#1962,.T.);
#582=COLOUR_RGB($,0.752941176470588,0.752941176470588,0.752941176470588);
#583=FILL_AREA_STYLE_COLOUR($,#582);
#584=FILL_AREA_STYLE($,(#583));
#585=SURFACE_STYLE_FILL_AREA(#584);
#586=SURFACE_SIDE_STYLE('',(#585));
#587=SURFACE_STYLE_USAGE(.BOTH.,#586);
#588=PRESENTATION_STYLE_ASSIGNMENT((#587));
#589=STYLED_ITEM('',(#588),#581);
#590=ADVANCED_FACE('',(#1967),#1969,.T.);
#591=COLOUR_RGB($,0.752941176470588,0.752941176470588,0.752941176470588);
#592=FILL_AREA_STYLE_COLOUR($,#591);
#593=FILL_AREA_STYLE($,(#592));
#594=SURFACE_STYLE_FILL_AREA(#593);
#595=SURFACE_SIDE_STYLE('',(#594));
#596=SURFACE_STYLE_USAGE(.BOTH.,#595);
#597=PRESENTATION_STYLE_ASSIGNMENT((#596));
#598=STYLED_ITEM('',(#597),#590);
#599=ADVANCED_FACE('',(#1974),#1976,.T.);
#600=COLOUR_RGB($,0.752941176470588,0.752941176470588,0.752941176470588);
#601=FILL_AREA_STYLE_COLOUR($,#600);
#602=FILL_AREA_STYLE($,(#601));
#603=SURFACE_STYLE_FILL_AREA(#602);
#604=SURFACE_SIDE_STYLE('',(#603));
#605=SURFACE_STYLE_USAGE(.BOTH.,#604);
#606=PRESENTATION_STYLE_ASSIGNMENT((#605));
#607=STYLED_ITEM('',(#606),#599);
#608=ADVANCED_FACE('',(#1981),#1983,.T.);
#609=COLOUR_RGB($,0.752941176470588,0.752941176470588,0.752941176470588);
#610=FILL_AREA_STYLE_COLOUR($,#609);
#611=FILL_AREA_STYLE($,(#610));
#612=SURFACE_STYLE_FILL_AREA(#611);
#613=SURFACE_SIDE_STYLE('',(#612));
#614=SURFACE_STYLE_USAGE(.BOTH.,#613);
#615=PRESENTATION_STYLE_ASSIGNMENT((#614));
#616=STYLED_ITEM('',(#615),#608);
#617=ADVANCED_FACE('',(#1988),#1990,.T.);
#618=COLOUR_RGB($,0.752941176470588,0.752941176470588,0.752941176470588);
#619=FILL_AREA_STYLE_COLOUR($,#618);
#620=FILL_AREA_STYLE($,(#619));
#621=SURFACE_STYLE_FILL_AREA(#620);
#622=SURFACE_SIDE_STYLE('',(#621));
#623=SURFACE_STYLE_USAGE(.BOTH.,#622);
#624=PRESENTATION_STYLE_ASSIGNMENT((#623));
#625=STYLED_ITEM('',(#624),#617);
#626=ADVANCED_FACE('',(#1995,#1997,#1999),#2001,.T.);
#627=COLOUR_RGB($,0.,0.470588235294118,0.941176470588235);
#628=FILL_AREA_STYLE_COLOUR($,#627);
#629=FILL_AREA_STYLE($,(#628));
#630=SURFACE_STYLE_FILL_AREA(#629);
#631=SURFACE_SIDE_STYLE('',(#630));
#632=SURFACE_STYLE_USAGE(.BOTH.,#631);
#633=PRESENTATION_STYLE_ASSIGNMENT((#632));
#634=STYLED_ITEM('',(#633),#626);
#635=ADVANCED_FACE('',(#2006),#2008,.T.);
#636=COLOUR_RGB($,0.752941176470588,0.752941176470588,0.752941176470588);
#637=FILL_AREA_STYLE_COLOUR($,#636);
#638=FILL_AREA_STYLE($,(#637));
#639=SURFACE_STYLE_FILL_AREA(#638);
#640=SURFACE_SIDE_STYLE('',(#639));
#641=SURFACE_STYLE_USAGE(.BOTH.,#640);
#642=PRESENTATION_STYLE_ASSIGNMENT((#641));
#643=STYLED_ITEM('',(#642),#635);
#644=ADVANCED_FACE('',(#2013),#2015,.T.);
#645=COLOUR_RGB($,0.752941176470588,0.752941176470588,0.752941176470588);
#646=FILL_AREA_STYLE_COLOUR($,#645);
#647=FILL_AREA_STYLE($,(#646));
#648=SURFACE_STYLE_FILL_AREA(#647);
#649=SURFACE_SIDE_STYLE('',(#648));
#650=SURFACE_STYLE_USAGE(.BOTH.,#649);
#651=PRESENTATION_STYLE_ASSIGNMENT((#650));
#652=STYLED_ITEM('',(#651),#644);
#653=ADVANCED_FACE('',(#2020),#2022,.T.);
#654=COLOUR_RGB($,0.752941176470588,0.752941176470588,0.752941176470588);
#655=FILL_AREA_STYLE_COLOUR($,#654);
#656=FILL_AREA_STYLE($,(#655));
#657=SURFACE_STYLE_FILL_AREA(#656);
#658=SURFACE_SIDE_STYLE('',(#657));
#659=SURFACE_STYLE_USAGE(.BOTH.,#658);
#660=PRESENTATION_STYLE_ASSIGNMENT((#659));
#661=STYLED_ITEM('',(#660),#653);
#662=ADVANCED_FACE('',(#2027),#2029,.T.);
#663=COLOUR_RGB($,0.752941176470588,0.752941176470588,0.752941176470588);
#664=FILL_AREA_STYLE_COLOUR($,#663);
#665=FILL_AREA_STYLE($,(#664));
#666=SURFACE_STYLE_FILL_AREA(#665);
#667=SURFACE_SIDE_STYLE('',(#666));
#668=SURFACE_STYLE_USAGE(.BOTH.,#667);
#669=PRESENTATION_STYLE_ASSIGNMENT((#668));
#670=STYLED_ITEM('',(#669),#662);
#671=ADVANCED_FACE('',(#2034),#2036,.T.);
#672=COLOUR_RGB($,0.752941176470588,0.752941176470588,0.752941176470588);
#673=FILL_AREA_STYLE_COLOUR($,#672);
#674=FILL_AREA_STYLE($,(#673));
#675=SURFACE_STYLE_FILL_AREA(#674);
#676=SURFACE_SIDE_STYLE('',(#675));
#677=SURFACE_STYLE_USAGE(.BOTH.,#676);
#678=PRESENTATION_STYLE_ASSIGNMENT((#677));
#679=STYLED_ITEM('',(#678),#671);
#680=ADVANCED_FACE('',(#2041),#2043,.F.);
#681=COLOUR_RGB($,0.752941176470588,0.752941176470588,0.752941176470588);
#682=FILL_AREA_STYLE_COLOUR($,#681);
#683=FILL_AREA_STYLE($,(#682));
#684=SURFACE_STYLE_FILL_AREA(#683);
#685=SURFACE_SIDE_STYLE('',(#684));
#686=SURFACE_STYLE_USAGE(.BOTH.,#685);
#687=PRESENTATION_STYLE_ASSIGNMENT((#686));
#688=STYLED_ITEM('',(#687),#680);
#689=ADVANCED_FACE('',(#2048),#2050,.T.);
#690=COLOUR_RGB($,0.752941176470588,0.752941176470588,0.752941176470588);
#691=FILL_AREA_STYLE_COLOUR($,#690);
#692=FILL_AREA_STYLE($,(#691));
#693=SURFACE_STYLE_FILL_AREA(#692);
#694=SURFACE_SIDE_STYLE('',(#693));
#695=SURFACE_STYLE_USAGE(.BOTH.,#694);
#696=PRESENTATION_STYLE_ASSIGNMENT((#695));
#697=STYLED_ITEM('',(#696),#689);
#698=ADVANCED_FACE('',(#2055),#2057,.T.);
#699=COLOUR_RGB($,0.752941176470588,0.752941176470588,0.752941176470588);
#700=FILL_AREA_STYLE_COLOUR($,#699);
#701=FILL_AREA_STYLE($,(#700));
#702=SURFACE_STYLE_FILL_AREA(#701);
#703=SURFACE_SIDE_STYLE('',(#702));
#704=SURFACE_STYLE_USAGE(.BOTH.,#703);
#705=PRESENTATION_STYLE_ASSIGNMENT((#704));
#706=STYLED_ITEM('',(#705),#698);
#707=ADVANCED_FACE('',(#2062),#2064,.T.);
#708=COLOUR_RGB($,0.752941176470588,0.752941176470588,0.752941176470588);
#709=FILL_AREA_STYLE_COLOUR($,#708);
#710=FILL_AREA_STYLE($,(#709));
#711=SURFACE_STYLE_FILL_AREA(#710);
#712=SURFACE_SIDE_STYLE('',(#711));
#713=SURFACE_STYLE_USAGE(.BOTH.,#712);
#714=PRESENTATION_STYLE_ASSIGNMENT((#713));
#715=STYLED_ITEM('',(#714),#707);
#716=ADVANCED_FACE('',(#2069,#2071),#2073,.F.);
#717=COLOUR_RGB($,0.,0.470588235294118,0.941176470588235);
#718=FILL_AREA_STYLE_COLOUR($,#717);
#719=FILL_AREA_STYLE($,(#718));
#720=SURFACE_STYLE_FILL_AREA(#719);
#721=SURFACE_SIDE_STYLE('',(#720));
#722=SURFACE_STYLE_USAGE(.BOTH.,#721);
#723=PRESENTATION_STYLE_ASSIGNMENT((#722));
#724=STYLED_ITEM('',(#723),#716);
#725=ADVANCED_FACE('',(#2078),#2080,.T.);
#726=COLOUR_RGB($,0.,0.470588235294118,0.941176470588235);
#727=FILL_AREA_STYLE_COLOUR($,#726);
#728=FILL_AREA_STYLE($,(#727));
#729=SURFACE_STYLE_FILL_AREA(#728);
#730=SURFACE_SIDE_STYLE('',(#729));
#731=SURFACE_STYLE_USAGE(.BOTH.,#730);
#732=PRESENTATION_STYLE_ASSIGNMENT((#731));
#733=STYLED_ITEM('',(#732),#725);
#734=ADVANCED_FACE('',(#2085,#2087),#2089,.T.);
#735=COLOUR_RGB($,0.,0.470588235294118,0.941176470588235);
#736=FILL_AREA_STYLE_COLOUR($,#735);
#737=FILL_AREA_STYLE($,(#736));
#738=SURFACE_STYLE_FILL_AREA(#737);
#739=SURFACE_SIDE_STYLE('',(#738));
#740=SURFACE_STYLE_USAGE(.BOTH.,#739);
#741=PRESENTATION_STYLE_ASSIGNMENT((#740));
#742=STYLED_ITEM('',(#741),#734);
#743=ADVANCED_FACE('',(#2094),#2096,.T.);
#744=COLOUR_RGB($,0.,0.470588235294118,0.941176470588235);
#745=FILL_AREA_STYLE_COLOUR($,#744);
#746=FILL_AREA_STYLE($,(#745));
#747=SURFACE_STYLE_FILL_AREA(#746);
#748=SURFACE_SIDE_STYLE('',(#747));
#749=SURFACE_STYLE_USAGE(.BOTH.,#748);
#750=PRESENTATION_STYLE_ASSIGNMENT((#749));
#751=STYLED_ITEM('',(#750),#743);
#752=ADVANCED_FACE('',(#2101),#2103,.T.);
#753=COLOUR_RGB($,0.752941176470588,0.752941176470588,0.752941176470588);
#754=FILL_AREA_STYLE_COLOUR($,#753);
#755=FILL_AREA_STYLE($,(#754));
#756=SURFACE_STYLE_FILL_AREA(#755);
#757=SURFACE_SIDE_STYLE('',(#756));
#758=SURFACE_STYLE_USAGE(.BOTH.,#757);
#759=PRESENTATION_STYLE_ASSIGNMENT((#758));
#760=STYLED_ITEM('',(#759),#752);
#761=ADVANCED_FACE('',(#2108),#2110,.T.);
#762=COLOUR_RGB($,0.752941176470588,0.752941176470588,0.752941176470588);
#763=FILL_AREA_STYLE_COLOUR($,#762);
#764=FILL_AREA_STYLE($,(#763));
#765=SURFACE_STYLE_FILL_AREA(#764);
#766=SURFACE_SIDE_STYLE('',(#765));
#767=SURFACE_STYLE_USAGE(.BOTH.,#766);
#768=PRESENTATION_STYLE_ASSIGNMENT((#767));
#769=STYLED_ITEM('',(#768),#761);
#770=ADVANCED_FACE('',(#2115),#2117,.T.);
#771=COLOUR_RGB($,0.752941176470588,0.752941176470588,0.752941176470588);
#772=FILL_AREA_STYLE_COLOUR($,#771);
#773=FILL_AREA_STYLE($,(#772));
#774=SURFACE_STYLE_FILL_AREA(#773);
#775=SURFACE_SIDE_STYLE('',(#774));
#776=SURFACE_STYLE_USAGE(.BOTH.,#775);
#777=PRESENTATION_STYLE_ASSIGNMENT((#776));
#778=STYLED_ITEM('',(#777),#770);
#779=ADVANCED_FACE('',(#2122),#2124,.T.);
#780=COLOUR_RGB($,0.752941176470588,0.752941176470588,0.752941176470588);
#781=FILL_AREA_STYLE_COLOUR($,#780);
#782=FILL_AREA_STYLE($,(#781));
#783=SURFACE_STYLE_FILL_AREA(#782);
#784=SURFACE_SIDE_STYLE('',(#783));
#785=SURFACE_STYLE_USAGE(.BOTH.,#784);
#786=PRESENTATION_STYLE_ASSIGNMENT((#785));
#787=STYLED_ITEM('',(#786),#779);
#788=ADVANCED_FACE('',(#2129),#2131,.T.);
#789=COLOUR_RGB($,0.,0.470588235294118,0.941176470588235);
#790=FILL_AREA_STYLE_COLOUR($,#789);
#791=FILL_AREA_STYLE($,(#790));
#792=SURFACE_STYLE_FILL_AREA(#791);
#793=SURFACE_SIDE_STYLE('',(#792));
#794=SURFACE_STYLE_USAGE(.BOTH.,#793);
#795=PRESENTATION_STYLE_ASSIGNMENT((#794));
#796=STYLED_ITEM('',(#795),#788);
#797=ADVANCED_FACE('',(#2136),#2138,.T.);
#798=COLOUR_RGB($,0.,0.470588235294118,0.941176470588235);
#799=FILL_AREA_STYLE_COLOUR($,#798);
#800=FILL_AREA_STYLE($,(#799));
#801=SURFACE_STYLE_FILL_AREA(#800);
#802=SURFACE_SIDE_STYLE('',(#801));
#803=SURFACE_STYLE_USAGE(.BOTH.,#802);
#804=PRESENTATION_STYLE_ASSIGNMENT((#803));
#805=STYLED_ITEM('',(#804),#797);
#806=ADVANCED_FACE('',(#2143),#2145,.T.);
#807=COLOUR_RGB($,0.,0.470588235294118,0.941176470588235);
#808=FILL_AREA_STYLE_COLOUR($,#807);
#809=FILL_AREA_STYLE($,(#808));
#810=SURFACE_STYLE_FILL_AREA(#809);
#811=SURFACE_SIDE_STYLE('',(#810));
#812=SURFACE_STYLE_USAGE(.BOTH.,#811);
#813=PRESENTATION_STYLE_ASSIGNMENT((#812));
#814=STYLED_ITEM('',(#813),#806);
#815=ADVANCED_FACE('',(#2150),#2152,.F.);
#816=COLOUR_RGB($,0.,0.501960784313725,1.);
#817=FILL_AREA_STYLE_COLOUR($,#816);
#818=FILL_AREA_STYLE($,(#817));
#819=SURFACE_STYLE_FILL_AREA(#818);
#820=SURFACE_SIDE_STYLE('',(#819));
#821=SURFACE_STYLE_USAGE(.BOTH.,#820);
#822=PRESENTATION_STYLE_ASSIGNMENT((#821));
#823=STYLED_ITEM('',(#822),#815);
#824=ADVANCED_FACE('',(#2157),#2159,.F.);
#825=COLOUR_RGB($,0.,0.501960784313725,1.);
#826=FILL_AREA_STYLE_COLOUR($,#825);
#827=FILL_AREA_STYLE($,(#826));
#828=SURFACE_STYLE_FILL_AREA(#827);
#829=SURFACE_SIDE_STYLE('',(#828));
#830=SURFACE_STYLE_USAGE(.BOTH.,#829);
#831=PRESENTATION_STYLE_ASSIGNMENT((#830));
#832=STYLED_ITEM('',(#831),#824);
#833=ADVANCED_FACE('',(#2164),#2166,.F.);
#834=COLOUR_RGB($,0.,0.501960784313725,1.);
#835=FILL_AREA_STYLE_COLOUR($,#834);
#836=FILL_AREA_STYLE($,(#835));
#837=SURFACE_STYLE_FILL_AREA(#836);
#838=SURFACE_SIDE_STYLE('',(#837));
#839=SURFACE_STYLE_USAGE(.BOTH.,#838);
#840=PRESENTATION_STYLE_ASSIGNMENT((#839));
#841=STYLED_ITEM('',(#840),#833);
#842=ADVANCED_FACE('',(#2171),#2173,.F.);
#843=COLOUR_RGB($,0.,0.501960784313725,1.);
#844=FILL_AREA_STYLE_COLOUR($,#843);
#845=FILL_AREA_STYLE($,(#844));
#846=SURFACE_STYLE_FILL_AREA(#845);
#847=SURFACE_SIDE_STYLE('',(#846));
#848=SURFACE_STYLE_USAGE(.BOTH.,#847);
#849=PRESENTATION_STYLE_ASSIGNMENT((#848));
#850=STYLED_ITEM('',(#849),#842);
#851=ADVANCED_FACE('',(#2178),#2180,.F.);
#852=COLOUR_RGB($,0.,0.501960784313725,1.);
#853=FILL_AREA_STYLE_COLOUR($,#852);
#854=FILL_AREA_STYLE($,(#853));
#855=SURFACE_STYLE_FILL_AREA(#854);
#856=SURFACE_SIDE_STYLE('',(#855));
#857=SURFACE_STYLE_USAGE(.BOTH.,#856);
#858=PRESENTATION_STYLE_ASSIGNMENT((#857));
#859=STYLED_ITEM('',(#858),#851);
#860=ADVANCED_FACE('',(#2185),#2187,.F.);
#861=COLOUR_RGB($,0.,0.501960784313725,1.);
#862=FILL_AREA_STYLE_COLOUR($,#861);
#863=FILL_AREA_STYLE($,(#862));
#864=SURFACE_STYLE_FILL_AREA(#863);
#865=SURFACE_SIDE_STYLE('',(#864));
#866=SURFACE_STYLE_USAGE(.BOTH.,#865);
#867=PRESENTATION_STYLE_ASSIGNMENT((#866));
#868=STYLED_ITEM('',(#867),#860);
#869=ADVANCED_FACE('',(#2192),#2194,.F.);
#870=COLOUR_RGB($,0.,0.501960784313725,1.);
#871=FILL_AREA_STYLE_COLOUR($,#870);
#872=FILL_AREA_STYLE($,(#871));
#873=SURFACE_STYLE_FILL_AREA(#872);
#874=SURFACE_SIDE_STYLE('',(#873));
#875=SURFACE_STYLE_USAGE(.BOTH.,#874);
#876=PRESENTATION_STYLE_ASSIGNMENT((#875));
#877=STYLED_ITEM('',(#876),#869);
#878=ADVANCED_FACE('',(#2199),#2201,.F.);
#879=COLOUR_RGB($,0.,0.501960784313725,1.);
#880=FILL_AREA_STYLE_COLOUR($,#879);
#881=FILL_AREA_STYLE($,(#880));
#882=SURFACE_STYLE_FILL_AREA(#881);
#883=SURFACE_SIDE_STYLE('',(#882));
#884=SURFACE_STYLE_USAGE(.BOTH.,#883);
#885=PRESENTATION_STYLE_ASSIGNMENT((#884));
#886=STYLED_ITEM('',(#885),#878);
#887=ADVANCED_FACE('',(#2206,#2208),#2210,.T.);
#888=COLOUR_RGB($,0.,0.501960784313725,1.);
#889=FILL_AREA_STYLE_COLOUR($,#888);
#890=FILL_AREA_STYLE($,(#889));
#891=SURFACE_STYLE_FILL_AREA(#890);
#892=SURFACE_SIDE_STYLE('',(#891));
#893=SURFACE_STYLE_USAGE(.BOTH.,#892);
#894=PRESENTATION_STYLE_ASSIGNMENT((#893));
#895=STYLED_ITEM('',(#894),#887);
#896=ADVANCED_FACE('',(#2215),#2217,.T.);
#897=COLOUR_RGB($,0.752941176470588,0.752941176470588,0.752941176470588);
#898=FILL_AREA_STYLE_COLOUR($,#897);
#899=FILL_AREA_STYLE($,(#898));
#900=SURFACE_STYLE_FILL_AREA(#899);
#901=SURFACE_SIDE_STYLE('',(#900));
#902=SURFACE_STYLE_USAGE(.BOTH.,#901);
#903=PRESENTATION_STYLE_ASSIGNMENT((#902));
#904=STYLED_ITEM('',(#903),#896);
#905=ADVANCED_FACE('',(#2222),#2224,.T.);
#906=COLOUR_RGB($,0.752941176470588,0.752941176470588,0.752941176470588);
#907=FILL_AREA_STYLE_COLOUR($,#906);
#908=FILL_AREA_STYLE($,(#907));
#909=SURFACE_STYLE_FILL_AREA(#908);
#910=SURFACE_SIDE_STYLE('',(#909));
#911=SURFACE_STYLE_USAGE(.BOTH.,#910);
#912=PRESENTATION_STYLE_ASSIGNMENT((#911));
#913=STYLED_ITEM('',(#912),#905);
#914=ADVANCED_FACE('',(#2229),#2231,.T.);
#915=COLOUR_RGB($,0.752941176470588,0.752941176470588,0.752941176470588);
#916=FILL_AREA_STYLE_COLOUR($,#915);
#917=FILL_AREA_STYLE($,(#916));
#918=SURFACE_STYLE_FILL_AREA(#917);
#919=SURFACE_SIDE_STYLE('',(#918));
#920=SURFACE_STYLE_USAGE(.BOTH.,#919);
#921=PRESENTATION_STYLE_ASSIGNMENT((#920));
#922=STYLED_ITEM('',(#921),#914);
#923=ADVANCED_FACE('',(#2236),#2238,.T.);
#924=COLOUR_RGB($,0.752941176470588,0.752941176470588,0.752941176470588);
#925=FILL_AREA_STYLE_COLOUR($,#924);
#926=FILL_AREA_STYLE($,(#925));
#927=SURFACE_STYLE_FILL_AREA(#926);
#928=SURFACE_SIDE_STYLE('',(#927));
#929=SURFACE_STYLE_USAGE(.BOTH.,#928);
#930=PRESENTATION_STYLE_ASSIGNMENT((#929));
#931=STYLED_ITEM('',(#930),#923);
#932=ADVANCED_FACE('',(#2243),#2245,.F.);
#933=COLOUR_RGB($,0.752941176470588,0.752941176470588,0.752941176470588);
#934=FILL_AREA_STYLE_COLOUR($,#933);
#935=FILL_AREA_STYLE($,(#934));
#936=SURFACE_STYLE_FILL_AREA(#935);
#937=SURFACE_SIDE_STYLE('',(#936));
#938=SURFACE_STYLE_USAGE(.BOTH.,#937);
#939=PRESENTATION_STYLE_ASSIGNMENT((#938));
#940=STYLED_ITEM('',(#939),#932);
#941=ADVANCED_FACE('',(#2250),#2252,.T.);
#942=COLOUR_RGB($,0.752941176470588,0.752941176470588,0.752941176470588);
#943=FILL_AREA_STYLE_COLOUR($,#942);
#944=FILL_AREA_STYLE($,(#943));
#945=SURFACE_STYLE_FILL_AREA(#944);
#946=SURFACE_SIDE_STYLE('',(#945));
#947=SURFACE_STYLE_USAGE(.BOTH.,#946);
#948=PRESENTATION_STYLE_ASSIGNMENT((#947));
#949=STYLED_ITEM('',(#948),#941);
#950=ADVANCED_FACE('',(#2257),#2259,.T.);
#951=COLOUR_RGB($,0.752941176470588,0.752941176470588,0.752941176470588);
#952=FILL_AREA_STYLE_COLOUR($,#951);
#953=FILL_AREA_STYLE($,(#952));
#954=SURFACE_STYLE_FILL_AREA(#953);
#955=SURFACE_SIDE_STYLE('',(#954));
#956=SURFACE_STYLE_USAGE(.BOTH.,#955);
#957=PRESENTATION_STYLE_ASSIGNMENT((#956));
#958=STYLED_ITEM('',(#957),#950);
#959=ADVANCED_FACE('',(#2264),#2266,.T.);
#960=COLOUR_RGB($,0.752941176470588,0.752941176470588,0.752941176470588);
#961=FILL_AREA_STYLE_COLOUR($,#960);
#962=FILL_AREA_STYLE($,(#961));
#963=SURFACE_STYLE_FILL_AREA(#962);
#964=SURFACE_SIDE_STYLE('',(#963));
#965=SURFACE_STYLE_USAGE(.BOTH.,#964);
#966=PRESENTATION_STYLE_ASSIGNMENT((#965));
#967=STYLED_ITEM('',(#966),#959);
#968=ADVANCED_FACE('',(#2271),#2273,.T.);
#969=COLOUR_RGB($,0.752941176470588,0.752941176470588,0.752941176470588);
#970=FILL_AREA_STYLE_COLOUR($,#969);
#971=FILL_AREA_STYLE($,(#970));
#972=SURFACE_STYLE_FILL_AREA(#971);
#973=SURFACE_SIDE_STYLE('',(#972));
#974=SURFACE_STYLE_USAGE(.BOTH.,#973);
#975=PRESENTATION_STYLE_ASSIGNMENT((#974));
#976=STYLED_ITEM('',(#975),#968);
#977=ADVANCED_FACE('',(#2278),#2280,.T.);
#978=COLOUR_RGB($,0.752941176470588,0.752941176470588,0.752941176470588);
#979=FILL_AREA_STYLE_COLOUR($,#978);
#980=FILL_AREA_STYLE($,(#979));
#981=SURFACE_STYLE_FILL_AREA(#980);
#982=SURFACE_SIDE_STYLE('',(#981));
#983=SURFACE_STYLE_USAGE(.BOTH.,#982);
#984=PRESENTATION_STYLE_ASSIGNMENT((#983));
#985=STYLED_ITEM('',(#984),#977);
#986=ADVANCED_FACE('',(#2285),#2287,.T.);
#987=COLOUR_RGB($,0.752941176470588,0.752941176470588,0.752941176470588);
#988=FILL_AREA_STYLE_COLOUR($,#987);
#989=FILL_AREA_STYLE($,(#988));
#990=SURFACE_STYLE_FILL_AREA(#989);
#991=SURFACE_SIDE_STYLE('',(#990));
#992=SURFACE_STYLE_USAGE(.BOTH.,#991);
#993=PRESENTATION_STYLE_ASSIGNMENT((#992));
#994=STYLED_ITEM('',(#993),#986);
#995=ADVANCED_FACE('',(#2292),#2294,.T.);
#996=COLOUR_RGB($,0.752941176470588,0.752941176470588,0.752941176470588);
#997=FILL_AREA_STYLE_COLOUR($,#996);
#998=FILL_AREA_STYLE($,(#997));
#999=SURFACE_STYLE_FILL_AREA(#998);
#1000=SURFACE_SIDE_STYLE('',(#999));
#1001=SURFACE_STYLE_USAGE(.BOTH.,#1000);
#1002=PRESENTATION_STYLE_ASSIGNMENT((#1001));
#1003=STYLED_ITEM('',(#1002),#995);
#1004=ADVANCED_FACE('',(#2299,#2301),#2303,.T.);
#1005=COLOUR_RGB($,0.,0.501960784313725,1.);
#1006=FILL_AREA_STYLE_COLOUR($,#1005);
#1007=FILL_AREA_STYLE($,(#1006));
#1008=SURFACE_STYLE_FILL_AREA(#1007);
#1009=SURFACE_SIDE_STYLE('',(#1008));
#1010=SURFACE_STYLE_USAGE(.BOTH.,#1009);
#1011=PRESENTATION_STYLE_ASSIGNMENT((#1010));
#1012=STYLED_ITEM('',(#1011),#1004);
#1013=ADVANCED_FACE('',(#2308,#2310),#2312,.T.);
#1014=COLOUR_RGB($,0.,0.501960784313725,1.);
#1015=FILL_AREA_STYLE_COLOUR($,#1014);
#1016=FILL_AREA_STYLE($,(#1015));
#1017=SURFACE_STYLE_FILL_AREA(#1016);
#1018=SURFACE_SIDE_STYLE('',(#1017));
#1019=SURFACE_STYLE_USAGE(.BOTH.,#1018);
#1020=PRESENTATION_STYLE_ASSIGNMENT((#1019));
#1021=STYLED_ITEM('',(#1020),#1013);
#1022=ADVANCED_FACE('',(#2317),#2319,.T.);
#1023=COLOUR_RGB($,0.752941176470588,0.752941176470588,0.752941176470588);
#1024=FILL_AREA_STYLE_COLOUR($,#1023);
#1025=FILL_AREA_STYLE($,(#1024));
#1026=SURFACE_STYLE_FILL_AREA(#1025);
#1027=SURFACE_SIDE_STYLE('',(#1026));
#1028=SURFACE_STYLE_USAGE(.BOTH.,#1027);
#1029=PRESENTATION_STYLE_ASSIGNMENT((#1028));
#1030=STYLED_ITEM('',(#1029),#1022);
#1031=ADVANCED_FACE('',(#2324),#2326,.T.);
#1032=COLOUR_RGB($,0.752941176470588,0.752941176470588,0.752941176470588);
#1033=FILL_AREA_STYLE_COLOUR($,#1032);
#1034=FILL_AREA_STYLE($,(#1033));
#1035=SURFACE_STYLE_FILL_AREA(#1034);
#1036=SURFACE_SIDE_STYLE('',(#1035));
#1037=SURFACE_STYLE_USAGE(.BOTH.,#1036);
#1038=PRESENTATION_STYLE_ASSIGNMENT((#1037));
#1039=STYLED_ITEM('',(#1038),#1031);
#1040=ADVANCED_FACE('',(#2331),#2333,.T.);
#1041=COLOUR_RGB($,0.752941176470588,0.752941176470588,0.752941176470588);
#1042=FILL_AREA_STYLE_COLOUR($,#1041);
#1043=FILL_AREA_STYLE($,(#1042));
#1044=SURFACE_STYLE_FILL_AREA(#1043);
#1045=SURFACE_SIDE_STYLE('',(#1044));
#1046=SURFACE_STYLE_USAGE(.BOTH.,#1045);
#1047=PRESENTATION_STYLE_ASSIGNMENT((#1046));
#1048=STYLED_ITEM('',(#1047),#1040);
#1049=ADVANCED_FACE('',(#2338),#2340,.T.);
#1050=COLOUR_RGB($,0.752941176470588,0.752941176470588,0.752941176470588);
#1051=FILL_AREA_STYLE_COLOUR($,#1050);
#1052=FILL_AREA_STYLE($,(#1051));
#1053=SURFACE_STYLE_FILL_AREA(#1052);
#1054=SURFACE_SIDE_STYLE('',(#1053));
#1055=SURFACE_STYLE_USAGE(.BOTH.,#1054);
#1056=PRESENTATION_STYLE_ASSIGNMENT((#1055));
#1057=STYLED_ITEM('',(#1056),#1049);
#1058=ADVANCED_FACE('',(#2345),#2347,.T.);
#1059=COLOUR_RGB($,0.752941176470588,0.752941176470588,0.752941176470588);
#1060=FILL_AREA_STYLE_COLOUR($,#1059);
#1061=FILL_AREA_STYLE($,(#1060));
#1062=SURFACE_STYLE_FILL_AREA(#1061);
#1063=SURFACE_SIDE_STYLE('',(#1062));
#1064=SURFACE_STYLE_USAGE(.BOTH.,#1063);
#1065=PRESENTATION_STYLE_ASSIGNMENT((#1064));
#1066=STYLED_ITEM('',(#1065),#1058);
#1067=ADVANCED_FACE('',(#2352),#2354,.T.);
#1068=COLOUR_RGB($,0.752941176470588,0.752941176470588,0.752941176470588);
#1069=FILL_AREA_STYLE_COLOUR($,#1068);
#1070=FILL_AREA_STYLE($,(#1069));
#1071=SURFACE_STYLE_FILL_AREA(#1070);
#1072=SURFACE_SIDE_STYLE('',(#1071));
#1073=SURFACE_STYLE_USAGE(.BOTH.,#1072);
#1074=PRESENTATION_STYLE_ASSIGNMENT((#1073));
#1075=STYLED_ITEM('',(#1074),#1067);
#1076=ADVANCED_FACE('',(#2359),#2361,.T.);
#1077=COLOUR_RGB($,0.752941176470588,0.752941176470588,0.752941176470588);
#1078=FILL_AREA_STYLE_COLOUR($,#1077);
#1079=FILL_AREA_STYLE($,(#1078));
#1080=SURFACE_STYLE_FILL_AREA(#1079);
#1081=SURFACE_SIDE_STYLE('',(#1080));
#1082=SURFACE_STYLE_USAGE(.BOTH.,#1081);
#1083=PRESENTATION_STYLE_ASSIGNMENT((#1082));
#1084=STYLED_ITEM('',(#1083),#1076);
#1085=ADVANCED_FACE('',(#2366),#2368,.T.);
#1086=COLOUR_RGB($,0.752941176470588,0.752941176470588,0.752941176470588);
#1087=FILL_AREA_STYLE_COLOUR($,#1086);
#1088=FILL_AREA_STYLE($,(#1087));
#1089=SURFACE_STYLE_FILL_AREA(#1088);
#1090=SURFACE_SIDE_STYLE('',(#1089));
#1091=SURFACE_STYLE_USAGE(.BOTH.,#1090);
#1092=PRESENTATION_STYLE_ASSIGNMENT((#1091));
#1093=STYLED_ITEM('',(#1092),#1085);
#1094=ADVANCED_FACE('',(#2373),#2375,.T.);
#1095=COLOUR_RGB($,0.752941176470588,0.752941176470588,0.752941176470588);
#1096=FILL_AREA_STYLE_COLOUR($,#1095);
#1097=FILL_AREA_STYLE($,(#1096));
#1098=SURFACE_STYLE_FILL_AREA(#1097);
#1099=SURFACE_SIDE_STYLE('',(#1098));
#1100=SURFACE_STYLE_USAGE(.BOTH.,#1099);
#1101=PRESENTATION_STYLE_ASSIGNMENT((#1100));
#1102=STYLED_ITEM('',(#1101),#1094);
#1103=ADVANCED_FACE('',(#2380,#2382),#2384,.F.);
#1104=COLOUR_RGB($,0.,0.501960784313725,1.);
#1105=FILL_AREA_STYLE_COLOUR($,#1104);
#1106=FILL_AREA_STYLE($,(#1105));
#1107=SURFACE_STYLE_FILL_AREA(#1106);
#1108=SURFACE_SIDE_STYLE('',(#1107));
#1109=SURFACE_STYLE_USAGE(.BOTH.,#1108);
#1110=PRESENTATION_STYLE_ASSIGNMENT((#1109));
#1111=STYLED_ITEM('',(#1110),#1103);
#1112=ADVANCED_FACE('',(#2389),#2391,.T.);
#1113=COLOUR_RGB($,0.752941176470588,0.752941176470588,0.752941176470588);
#1114=FILL_AREA_STYLE_COLOUR($,#1113);
#1115=FILL_AREA_STYLE($,(#1114));
#1116=SURFACE_STYLE_FILL_AREA(#1115);
#1117=SURFACE_SIDE_STYLE('',(#1116));
#1118=SURFACE_STYLE_USAGE(.BOTH.,#1117);
#1119=PRESENTATION_STYLE_ASSIGNMENT((#1118));
#1120=STYLED_ITEM('',(#1119),#1112);
#1121=ADVANCED_FACE('',(#2396),#2398,.T.);
#1122=COLOUR_RGB($,0.752941176470588,0.752941176470588,0.752941176470588);
#1123=FILL_AREA_STYLE_COLOUR($,#1122);
#1124=FILL_AREA_STYLE($,(#1123));
#1125=SURFACE_STYLE_FILL_AREA(#1124);
#1126=SURFACE_SIDE_STYLE('',(#1125));
#1127=SURFACE_STYLE_USAGE(.BOTH.,#1126);
#1128=PRESENTATION_STYLE_ASSIGNMENT((#1127));
#1129=STYLED_ITEM('',(#1128),#1121);
#1130=ADVANCED_FACE('',(#2403),#2405,.T.);
#1131=COLOUR_RGB($,0.752941176470588,0.752941176470588,0.752941176470588);
#1132=FILL_AREA_STYLE_COLOUR($,#1131);
#1133=FILL_AREA_STYLE($,(#1132));
#1134=SURFACE_STYLE_FILL_AREA(#1133);
#1135=SURFACE_SIDE_STYLE('',(#1134));
#1136=SURFACE_STYLE_USAGE(.BOTH.,#1135);
#1137=PRESENTATION_STYLE_ASSIGNMENT((#1136));
#1138=STYLED_ITEM('',(#1137),#1130);
#1139=ADVANCED_FACE('',(#2410),#2412,.T.);
#1140=COLOUR_RGB($,0.752941176470588,0.752941176470588,0.752941176470588);
#1141=FILL_AREA_STYLE_COLOUR($,#1140);
#1142=FILL_AREA_STYLE($,(#1141));
#1143=SURFACE_STYLE_FILL_AREA(#1142);
#1144=SURFACE_SIDE_STYLE('',(#1143));
#1145=SURFACE_STYLE_USAGE(.BOTH.,#1144);
#1146=PRESENTATION_STYLE_ASSIGNMENT((#1145));
#1147=STYLED_ITEM('',(#1146),#1139);
#1148=ADVANCED_FACE('',(#2417,#2419),#2421,.T.);
#1149=COLOUR_RGB($,0.752941176470588,0.752941176470588,0.752941176470588);
#1150=FILL_AREA_STYLE_COLOUR($,#1149);
#1151=FILL_AREA_STYLE($,(#1150));
#1152=SURFACE_STYLE_FILL_AREA(#1151);
#1153=SURFACE_SIDE_STYLE('',(#1152));
#1154=SURFACE_STYLE_USAGE(.BOTH.,#1153);
#1155=PRESENTATION_STYLE_ASSIGNMENT((#1154));
#1156=STYLED_ITEM('',(#1155),#1148);
#1157=ADVANCED_FACE('',(#2426,#2428),#2430,.T.);
#1158=COLOUR_RGB($,0.,0.501960784313725,1.);
#1159=FILL_AREA_STYLE_COLOUR($,#1158);
#1160=FILL_AREA_STYLE($,(#1159));
#1161=SURFACE_STYLE_FILL_AREA(#1160);
#1162=SURFACE_SIDE_STYLE('',(#1161));
#1163=SURFACE_STYLE_USAGE(.BOTH.,#1162);
#1164=PRESENTATION_STYLE_ASSIGNMENT((#1163));
#1165=STYLED_ITEM('',(#1164),#1157);
#1166=ADVANCED_FACE('',(#2435),#2437,.T.);
#1167=COLOUR_RGB($,0.752941176470588,0.752941176470588,0.752941176470588);
#1168=FILL_AREA_STYLE_COLOUR($,#1167);
#1169=FILL_AREA_STYLE($,(#1168));
#1170=SURFACE_STYLE_FILL_AREA(#1169);
#1171=SURFACE_SIDE_STYLE('',(#1170));
#1172=SURFACE_STYLE_USAGE(.BOTH.,#1171);
#1173=PRESENTATION_STYLE_ASSIGNMENT((#1172));
#1174=STYLED_ITEM('',(#1173),#1166);
#1175=ADVANCED_FACE('',(#2442),#2444,.T.);
#1176=COLOUR_RGB($,0.752941176470588,0.752941176470588,0.752941176470588);
#1177=FILL_AREA_STYLE_COLOUR($,#1176);
#1178=FILL_AREA_STYLE($,(#1177));
#1179=SURFACE_STYLE_FILL_AREA(#1178);
#1180=SURFACE_SIDE_STYLE('',(#1179));
#1181=SURFACE_STYLE_USAGE(.BOTH.,#1180);
#1182=PRESENTATION_STYLE_ASSIGNMENT((#1181));
#1183=STYLED_ITEM('',(#1182),#1175);
#1184=ADVANCED_FACE('',(#2449),#2451,.T.);
#1185=COLOUR_RGB($,0.752941176470588,0.752941176470588,0.752941176470588);
#1186=FILL_AREA_STYLE_COLOUR($,#1185);
#1187=FILL_AREA_STYLE($,(#1186));
#1188=SURFACE_STYLE_FILL_AREA(#1187);
#1189=SURFACE_SIDE_STYLE('',(#1188));
#1190=SURFACE_STYLE_USAGE(.BOTH.,#1189);
#1191=PRESENTATION_STYLE_ASSIGNMENT((#1190));
#1192=STYLED_ITEM('',(#1191),#1184);
#1193=ADVANCED_FACE('',(#2456),#2458,.T.);
#1194=COLOUR_RGB($,0.752941176470588,0.752941176470588,0.752941176470588);
#1195=FILL_AREA_STYLE_COLOUR($,#1194);
#1196=FILL_AREA_STYLE($,(#1195));
#1197=SURFACE_STYLE_FILL_AREA(#1196);
#1198=SURFACE_SIDE_STYLE('',(#1197));
#1199=SURFACE_STYLE_USAGE(.BOTH.,#1198);
#1200=PRESENTATION_STYLE_ASSIGNMENT((#1199));
#1201=STYLED_ITEM('',(#1200),#1193);
#1202=ADVANCED_FACE('',(#2463,#2465),#2467,.T.);
#1203=COLOUR_RGB($,0.752941176470588,0.752941176470588,0.752941176470588);
#1204=FILL_AREA_STYLE_COLOUR($,#1203);
#1205=FILL_AREA_STYLE($,(#1204));
#1206=SURFACE_STYLE_FILL_AREA(#1205);
#1207=SURFACE_SIDE_STYLE('',(#1206));
#1208=SURFACE_STYLE_USAGE(.BOTH.,#1207);
#1209=PRESENTATION_STYLE_ASSIGNMENT((#1208));
#1210=STYLED_ITEM('',(#1209),#1202);
#1211=ADVANCED_FACE('',(#2472,#2474),#2476,.F.);
#1212=COLOUR_RGB($,0.564705882352941,0.564705882352941,0.564705882352941);
#1213=FILL_AREA_STYLE_COLOUR($,#1212);
#1214=FILL_AREA_STYLE($,(#1213));
#1215=SURFACE_STYLE_FILL_AREA(#1214);
#1216=SURFACE_SIDE_STYLE('',(#1215));
#1217=SURFACE_STYLE_USAGE(.BOTH.,#1216);
#1218=PRESENTATION_STYLE_ASSIGNMENT((#1217));
#1219=STYLED_ITEM('',(#1218),#1211);
#1220=ADVANCED_FACE('',(#2481),#2483,.T.);
#1221=COLOUR_RGB($,0.752941176470588,0.752941176470588,0.752941176470588);
#1222=FILL_AREA_STYLE_COLOUR($,#1221);
#1223=FILL_AREA_STYLE($,(#1222));
#1224=SURFACE_STYLE_FILL_AREA(#1223);
#1225=SURFACE_SIDE_STYLE('',(#1224));
#1226=SURFACE_STYLE_USAGE(.BOTH.,#1225);
#1227=PRESENTATION_STYLE_ASSIGNMENT((#1226));
#1228=STYLED_ITEM('',(#1227),#1220);
#1229=ADVANCED_FACE('',(#2488),#2490,.T.);
#1230=COLOUR_RGB($,0.752941176470588,0.752941176470588,0.752941176470588);
#1231=FILL_AREA_STYLE_COLOUR($,#1230);
#1232=FILL_AREA_STYLE($,(#1231));
#1233=SURFACE_STYLE_FILL_AREA(#1232);
#1234=SURFACE_SIDE_STYLE('',(#1233));
#1235=SURFACE_STYLE_USAGE(.BOTH.,#1234);
#1236=PRESENTATION_STYLE_ASSIGNMENT((#1235));
#1237=STYLED_ITEM('',(#1236),#1229);
#1238=ADVANCED_FACE('',(#2495,#2497),#2499,.T.);
#1239=COLOUR_RGB($,0.752941176470588,0.752941176470588,0.752941176470588);
#1240=FILL_AREA_STYLE_COLOUR($,#1239);
#1241=FILL_AREA_STYLE($,(#1240));
#1242=SURFACE_STYLE_FILL_AREA(#1241);
#1243=SURFACE_SIDE_STYLE('',(#1242));
#1244=SURFACE_STYLE_USAGE(.BOTH.,#1243);
#1245=PRESENTATION_STYLE_ASSIGNMENT((#1244));
#1246=STYLED_ITEM('',(#1245),#1238);
#1247=ADVANCED_FACE('',(#2504,#2506),#2508,.T.);
#1248=COLOUR_RGB($,0.752941176470588,0.752941176470588,0.752941176470588);
#1249=FILL_AREA_STYLE_COLOUR($,#1248);
#1250=FILL_AREA_STYLE($,(#1249));
#1251=SURFACE_STYLE_FILL_AREA(#1250);
#1252=SURFACE_SIDE_STYLE('',(#1251));
#1253=SURFACE_STYLE_USAGE(.BOTH.,#1252);
#1254=PRESENTATION_STYLE_ASSIGNMENT((#1253));
#1255=STYLED_ITEM('',(#1254),#1247);
#1256=ADVANCED_FACE('',(#2513,#2515),#2517,.T.);
#1257=COLOUR_RGB($,0.752941176470588,0.752941176470588,0.752941176470588);
#1258=FILL_AREA_STYLE_COLOUR($,#1257);
#1259=FILL_AREA_STYLE($,(#1258));
#1260=SURFACE_STYLE_FILL_AREA(#1259);
#1261=SURFACE_SIDE_STYLE('',(#1260));
#1262=SURFACE_STYLE_USAGE(.BOTH.,#1261);
#1263=PRESENTATION_STYLE_ASSIGNMENT((#1262));
#1264=STYLED_ITEM('',(#1263),#1256);
#1265=ADVANCED_FACE('',(#2522,#2524),#2526,.T.);
#1266=COLOUR_RGB($,0.752941176470588,0.752941176470588,0.752941176470588);
#1267=FILL_AREA_STYLE_COLOUR($,#1266);
#1268=FILL_AREA_STYLE($,(#1267));
#1269=SURFACE_STYLE_FILL_AREA(#1268);
#1270=SURFACE_SIDE_STYLE('',(#1269));
#1271=SURFACE_STYLE_USAGE(.BOTH.,#1270);
#1272=PRESENTATION_STYLE_ASSIGNMENT((#1271));
#1273=STYLED_ITEM('',(#1272),#1265);
#1274=ADVANCED_FACE('',(#2531,#2533),#2535,.F.);
#1275=COLOUR_RGB($,0.752941176470588,0.752941176470588,0.752941176470588);
#1276=FILL_AREA_STYLE_COLOUR($,#1275);
#1277=FILL_AREA_STYLE($,(#1276));
#1278=SURFACE_STYLE_FILL_AREA(#1277);
#1279=SURFACE_SIDE_STYLE('',(#1278));
#1280=SURFACE_STYLE_USAGE(.BOTH.,#1279);
#1281=PRESENTATION_STYLE_ASSIGNMENT((#1280));
#1282=STYLED_ITEM('',(#1281),#1274);
#1283=ADVANCED_FACE('',(#2540,#2542),#2544,.T.);
#1284=COLOUR_RGB($,0.752941176470588,0.752941176470588,0.752941176470588);
#1285=FILL_AREA_STYLE_COLOUR($,#1284);
#1286=FILL_AREA_STYLE($,(#1285));
#1287=SURFACE_STYLE_FILL_AREA(#1286);
#1288=SURFACE_SIDE_STYLE('',(#1287));
#1289=SURFACE_STYLE_USAGE(.BOTH.,#1288);
#1290=PRESENTATION_STYLE_ASSIGNMENT((#1289));
#1291=STYLED_ITEM('',(#1290),#1283);
#1292=ADVANCED_FACE('',(#2549,#2551),#2553,.T.);
#1293=COLOUR_RGB($,0.752941176470588,0.752941176470588,0.752941176470588);
#1294=FILL_AREA_STYLE_COLOUR($,#1293);
#1295=FILL_AREA_STYLE($,(#1294));
#1296=SURFACE_STYLE_FILL_AREA(#1295);
#1297=SURFACE_SIDE_STYLE('',(#1296));
#1298=SURFACE_STYLE_USAGE(.BOTH.,#1297);
#1299=PRESENTATION_STYLE_ASSIGNMENT((#1298));
#1300=STYLED_ITEM('',(#1299),#1292);
#1301=ADVANCED_FACE('',(#2558),#2560,.T.);
#1302=COLOUR_RGB($,0.752941176470588,0.752941176470588,0.752941176470588);
#1303=FILL_AREA_STYLE_COLOUR($,#1302);
#1304=FILL_AREA_STYLE($,(#1303));
#1305=SURFACE_STYLE_FILL_AREA(#1304);
#1306=SURFACE_SIDE_STYLE('',(#1305));
#1307=SURFACE_STYLE_USAGE(.BOTH.,#1306);
#1308=PRESENTATION_STYLE_ASSIGNMENT((#1307));
#1309=STYLED_ITEM('',(#1308),#1301);
#1310=ADVANCED_FACE('',(#2565),#2567,.T.);
#1311=COLOUR_RGB($,0.752941176470588,0.752941176470588,0.752941176470588);
#1312=FILL_AREA_STYLE_COLOUR($,#1311);
#1313=FILL_AREA_STYLE($,(#1312));
#1314=SURFACE_STYLE_FILL_AREA(#1313);
#1315=SURFACE_SIDE_STYLE('',(#1314));
#1316=SURFACE_STYLE_USAGE(.BOTH.,#1315);
#1317=PRESENTATION_STYLE_ASSIGNMENT((#1316));
#1318=STYLED_ITEM('',(#1317),#1310);
#1319=ADVANCED_FACE('',(#2572),#2574,.F.);
#1320=COLOUR_RGB($,0.752941176470588,0.752941176470588,0.752941176470588);
#1321=FILL_AREA_STYLE_COLOUR($,#1320);
#1322=FILL_AREA_STYLE($,(#1321));
#1323=SURFACE_STYLE_FILL_AREA(#1322);
#1324=SURFACE_SIDE_STYLE('',(#1323));
#1325=SURFACE_STYLE_USAGE(.BOTH.,#1324);
#1326=PRESENTATION_STYLE_ASSIGNMENT((#1325));
#1327=STYLED_ITEM('',(#1326),#1319);
#1328=ADVANCED_FACE('',(#2579),#2581,.T.);
#1329=COLOUR_RGB($,0.752941176470588,0.752941176470588,0.752941176470588);
#1330=FILL_AREA_STYLE_COLOUR($,#1329);
#1331=FILL_AREA_STYLE($,(#1330));
#1332=SURFACE_STYLE_FILL_AREA(#1331);
#1333=SURFACE_SIDE_STYLE('',(#1332));
#1334=SURFACE_STYLE_USAGE(.BOTH.,#1333);
#1335=PRESENTATION_STYLE_ASSIGNMENT((#1334));
#1336=STYLED_ITEM('',(#1335),#1328);
#1337=ADVANCED_FACE('',(#2586),#2588,.F.);
#1338=COLOUR_RGB($,0.752941176470588,0.752941176470588,0.752941176470588);
#1339=FILL_AREA_STYLE_COLOUR($,#1338);
#1340=FILL_AREA_STYLE($,(#1339));
#1341=SURFACE_STYLE_FILL_AREA(#1340);
#1342=SURFACE_SIDE_STYLE('',(#1341));
#1343=SURFACE_STYLE_USAGE(.BOTH.,#1342);
#1344=PRESENTATION_STYLE_ASSIGNMENT((#1343));
#1345=STYLED_ITEM('',(#1344),#1337);
#1346=ADVANCED_FACE('',(#2593),#2595,.F.);
#1347=COLOUR_RGB($,0.752941176470588,0.752941176470588,0.752941176470588);
#1348=FILL_AREA_STYLE_COLOUR($,#1347);
#1349=FILL_AREA_STYLE($,(#1348));
#1350=SURFACE_STYLE_FILL_AREA(#1349);
#1351=SURFACE_SIDE_STYLE('',(#1350));
#1352=SURFACE_STYLE_USAGE(.BOTH.,#1351);
#1353=PRESENTATION_STYLE_ASSIGNMENT((#1352));
#1354=STYLED_ITEM('',(#1353),#1346);
#1355=ADVANCED_FACE('',(#2600),#2602,.T.);
#1356=COLOUR_RGB($,0.752941176470588,0.752941176470588,0.752941176470588);
#1357=FILL_AREA_STYLE_COLOUR($,#1356);
#1358=FILL_AREA_STYLE($,(#1357));
#1359=SURFACE_STYLE_FILL_AREA(#1358);
#1360=SURFACE_SIDE_STYLE('',(#1359));
#1361=SURFACE_STYLE_USAGE(.BOTH.,#1360);
#1362=PRESENTATION_STYLE_ASSIGNMENT((#1361));
#1363=STYLED_ITEM('',(#1362),#1355);
#1364=ADVANCED_FACE('',(#2607),#2609,.F.);
#1365=COLOUR_RGB($,0.752941176470588,0.752941176470588,0.752941176470588);
#1366=FILL_AREA_STYLE_COLOUR($,#1365);
#1367=FILL_AREA_STYLE($,(#1366));
#1368=SURFACE_STYLE_FILL_AREA(#1367);
#1369=SURFACE_SIDE_STYLE('',(#1368));
#1370=SURFACE_STYLE_USAGE(.BOTH.,#1369);
#1371=PRESENTATION_STYLE_ASSIGNMENT((#1370));
#1372=STYLED_ITEM('',(#1371),#1364);
#1373=ADVANCED_FACE('',(#2614),#2616,.T.);
#1374=COLOUR_RGB($,0.752941176470588,0.752941176470588,0.752941176470588);
#1375=FILL_AREA_STYLE_COLOUR($,#1374);
#1376=FILL_AREA_STYLE($,(#1375));
#1377=SURFACE_STYLE_FILL_AREA(#1376);
#1378=SURFACE_SIDE_STYLE('',(#1377));
#1379=SURFACE_STYLE_USAGE(.BOTH.,#1378);
#1380=PRESENTATION_STYLE_ASSIGNMENT((#1379));
#1381=STYLED_ITEM('',(#1380),#1373);
#1382=ADVANCED_FACE('',(#2621),#2623,.F.);
#1383=COLOUR_RGB($,0.752941176470588,0.752941176470588,0.752941176470588);
#1384=FILL_AREA_STYLE_COLOUR($,#1383);
#1385=FILL_AREA_STYLE($,(#1384));
#1386=SURFACE_STYLE_FILL_AREA(#1385);
#1387=SURFACE_SIDE_STYLE('',(#1386));
#1388=SURFACE_STYLE_USAGE(.BOTH.,#1387);
#1389=PRESENTATION_STYLE_ASSIGNMENT((#1388));
#1390=STYLED_ITEM('',(#1389),#1382);
#1391=ADVANCED_FACE('',(#2628),#2630,.T.);
#1392=COLOUR_RGB($,0.752941176470588,0.752941176470588,0.752941176470588);
#1393=FILL_AREA_STYLE_COLOUR($,#1392);
#1394=FILL_AREA_STYLE($,(#1393));
#1395=SURFACE_STYLE_FILL_AREA(#1394);
#1396=SURFACE_SIDE_STYLE('',(#1395));
#1397=SURFACE_STYLE_USAGE(.BOTH.,#1396);
#1398=PRESENTATION_STYLE_ASSIGNMENT((#1397));
#1399=STYLED_ITEM('',(#1398),#1391);
#1400=ADVANCED_FACE('',(#2635),#2637,.F.);
#1401=COLOUR_RGB($,0.752941176470588,0.752941176470588,0.752941176470588);
#1402=FILL_AREA_STYLE_COLOUR($,#1401);
#1403=FILL_AREA_STYLE($,(#1402));
#1404=SURFACE_STYLE_FILL_AREA(#1403);
#1405=SURFACE_SIDE_STYLE('',(#1404));
#1406=SURFACE_STYLE_USAGE(.BOTH.,#1405);
#1407=PRESENTATION_STYLE_ASSIGNMENT((#1406));
#1408=STYLED_ITEM('',(#1407),#1400);
#1409=ADVANCED_FACE('',(#2642),#2644,.F.);
#1410=COLOUR_RGB($,0.752941176470588,0.752941176470588,0.752941176470588);
#1411=FILL_AREA_STYLE_COLOUR($,#1410);
#1412=FILL_AREA_STYLE($,(#1411));
#1413=SURFACE_STYLE_FILL_AREA(#1412);
#1414=SURFACE_SIDE_STYLE('',(#1413));
#1415=SURFACE_STYLE_USAGE(.BOTH.,#1414);
#1416=PRESENTATION_STYLE_ASSIGNMENT((#1415));
#1417=STYLED_ITEM('',(#1416),#1409);
#1418=ADVANCED_FACE('',(#2649),#2651,.F.);
#1419=COLOUR_RGB($,0.752941176470588,0.752941176470588,0.752941176470588);
#1420=FILL_AREA_STYLE_COLOUR($,#1419);
#1421=FILL_AREA_STYLE($,(#1420));
#1422=SURFACE_STYLE_FILL_AREA(#1421);
#1423=SURFACE_SIDE_STYLE('',(#1422));
#1424=SURFACE_STYLE_USAGE(.BOTH.,#1423);
#1425=PRESENTATION_STYLE_ASSIGNMENT((#1424));
#1426=STYLED_ITEM('',(#1425),#1418);
#1427=ADVANCED_FACE('',(#2656),#2658,.T.);
#1428=COLOUR_RGB($,0.752941176470588,0.752941176470588,0.752941176470588);
#1429=FILL_AREA_STYLE_COLOUR($,#1428);
#1430=FILL_AREA_STYLE($,(#1429));
#1431=SURFACE_STYLE_FILL_AREA(#1430);
#1432=SURFACE_SIDE_STYLE('',(#1431));
#1433=SURFACE_STYLE_USAGE(.BOTH.,#1432);
#1434=PRESENTATION_STYLE_ASSIGNMENT((#1433));
#1435=STYLED_ITEM('',(#1434),#1427);
#1436=ADVANCED_FACE('',(#2663),#2665,.F.);
#1437=COLOUR_RGB($,0.752941176470588,0.752941176470588,0.752941176470588);
#1438=FILL_AREA_STYLE_COLOUR($,#1437);
#1439=FILL_AREA_STYLE($,(#1438));
#1440=SURFACE_STYLE_FILL_AREA(#1439);
#1441=SURFACE_SIDE_STYLE('',(#1440));
#1442=SURFACE_STYLE_USAGE(.BOTH.,#1441);
#1443=PRESENTATION_STYLE_ASSIGNMENT((#1442));
#1444=STYLED_ITEM('',(#1443),#1436);
#1445=ADVANCED_FACE('',(#2670),#2672,.T.);
#1446=COLOUR_RGB($,0.752941176470588,0.752941176470588,0.752941176470588);
#1447=FILL_AREA_STYLE_COLOUR($,#1446);
#1448=FILL_AREA_STYLE($,(#1447));
#1449=SURFACE_STYLE_FILL_AREA(#1448);
#1450=SURFACE_SIDE_STYLE('',(#1449));
#1451=SURFACE_STYLE_USAGE(.BOTH.,#1450);
#1452=PRESENTATION_STYLE_ASSIGNMENT((#1451));
#1453=STYLED_ITEM('',(#1452),#1445);
#1454=ADVANCED_FACE('',(#2677),#2679,.T.);
#1455=COLOUR_RGB($,0.752941176470588,0.752941176470588,0.752941176470588);
#1456=FILL_AREA_STYLE_COLOUR($,#1455);
#1457=FILL_AREA_STYLE($,(#1456));
#1458=SURFACE_STYLE_FILL_AREA(#1457);
#1459=SURFACE_SIDE_STYLE('',(#1458));
#1460=SURFACE_STYLE_USAGE(.BOTH.,#1459);
#1461=PRESENTATION_STYLE_ASSIGNMENT((#1460));
#1462=STYLED_ITEM('',(#1461),#1454);
#1463=ADVANCED_FACE('',(#2684),#2686,.T.);
#1464=COLOUR_RGB($,0.752941176470588,0.752941176470588,0.752941176470588);
#1465=FILL_AREA_STYLE_COLOUR($,#1464);
#1466=FILL_AREA_STYLE($,(#1465));
#1467=SURFACE_STYLE_FILL_AREA(#1466);
#1468=SURFACE_SIDE_STYLE('',(#1467));
#1469=SURFACE_STYLE_USAGE(.BOTH.,#1468);
#1470=PRESENTATION_STYLE_ASSIGNMENT((#1469));
#1471=STYLED_ITEM('',(#1470),#1463);
#1472=ADVANCED_FACE('',(#2691),#2693,.T.);
#1473=COLOUR_RGB($,0.752941176470588,0.752941176470588,0.752941176470588);
#1474=FILL_AREA_STYLE_COLOUR($,#1473);
#1475=FILL_AREA_STYLE($,(#1474));
#1476=SURFACE_STYLE_FILL_AREA(#1475);
#1477=SURFACE_SIDE_STYLE('',(#1476));
#1478=SURFACE_STYLE_USAGE(.BOTH.,#1477);
#1479=PRESENTATION_STYLE_ASSIGNMENT((#1478));
#1480=STYLED_ITEM('',(#1479),#1472);
#1481=ADVANCED_FACE('',(#2698),#2700,.F.);
#1482=COLOUR_RGB($,0.752941176470588,0.752941176470588,0.752941176470588);
#1483=FILL_AREA_STYLE_COLOUR($,#1482);
#1484=FILL_AREA_STYLE($,(#1483));
#1485=SURFACE_STYLE_FILL_AREA(#1484);
#1486=SURFACE_SIDE_STYLE('',(#1485));
#1487=SURFACE_STYLE_USAGE(.BOTH.,#1486);
#1488=PRESENTATION_STYLE_ASSIGNMENT((#1487));
#1489=STYLED_ITEM('',(#1488),#1481);
#1490=ADVANCED_FACE('',(#2705),#2707,.T.);
#1491=COLOUR_RGB($,0.752941176470588,0.752941176470588,0.752941176470588);
#1492=FILL_AREA_STYLE_COLOUR($,#1491);
#1493=FILL_AREA_STYLE($,(#1492));
#1494=SURFACE_STYLE_FILL_AREA(#1493);
#1495=SURFACE_SIDE_STYLE('',(#1494));
#1496=SURFACE_STYLE_USAGE(.BOTH.,#1495);
#1497=PRESENTATION_STYLE_ASSIGNMENT((#1496));
#1498=STYLED_ITEM('',(#1497),#1490);
#1499=ADVANCED_FACE('',(#2712),#2714,.F.);
#1500=COLOUR_RGB($,0.752941176470588,0.752941176470588,0.752941176470588);
#1501=FILL_AREA_STYLE_COLOUR($,#1500);
#1502=FILL_AREA_STYLE($,(#1501));
#1503=SURFACE_STYLE_FILL_AREA(#1502);
#1504=SURFACE_SIDE_STYLE('',(#1503));
#1505=SURFACE_STYLE_USAGE(.BOTH.,#1504);
#1506=PRESENTATION_STYLE_ASSIGNMENT((#1505));
#1507=STYLED_ITEM('',(#1506),#1499);
#1508=ADVANCED_FACE('',(#2719),#2721,.T.);
#1509=COLOUR_RGB($,0.752941176470588,0.752941176470588,0.752941176470588);
#1510=FILL_AREA_STYLE_COLOUR($,#1509);
#1511=FILL_AREA_STYLE($,(#1510));
#1512=SURFACE_STYLE_FILL_AREA(#1511);
#1513=SURFACE_SIDE_STYLE('',(#1512));
#1514=SURFACE_STYLE_USAGE(.BOTH.,#1513);
#1515=PRESENTATION_STYLE_ASSIGNMENT((#1514));
#1516=STYLED_ITEM('',(#1515),#1508);
#1517=ADVANCED_FACE('',(#2726),#2728,.T.);
#1518=COLOUR_RGB($,0.752941176470588,0.752941176470588,0.752941176470588);
#1519=FILL_AREA_STYLE_COLOUR($,#1518);
#1520=FILL_AREA_STYLE($,(#1519));
#1521=SURFACE_STYLE_FILL_AREA(#1520);
#1522=SURFACE_SIDE_STYLE('',(#1521));
#1523=SURFACE_STYLE_USAGE(.BOTH.,#1522);
#1524=PRESENTATION_STYLE_ASSIGNMENT((#1523));
#1525=STYLED_ITEM('',(#1524),#1517);
#1526=ADVANCED_FACE('',(#2733),#2735,.T.);
#1527=COLOUR_RGB($,0.752941176470588,0.752941176470588,0.752941176470588);
#1528=FILL_AREA_STYLE_COLOUR($,#1527);
#1529=FILL_AREA_STYLE($,(#1528));
#1530=SURFACE_STYLE_FILL_AREA(#1529);
#1531=SURFACE_SIDE_STYLE('',(#1530));
#1532=SURFACE_STYLE_USAGE(.BOTH.,#1531);
#1533=PRESENTATION_STYLE_ASSIGNMENT((#1532));
#1534=STYLED_ITEM('',(#1533),#1526);
#1535=ADVANCED_FACE('',(#2740),#2742,.T.);
#1536=COLOUR_RGB($,0.752941176470588,0.752941176470588,0.752941176470588);
#1537=FILL_AREA_STYLE_COLOUR($,#1536);
#1538=FILL_AREA_STYLE($,(#1537));
#1539=SURFACE_STYLE_FILL_AREA(#1538);
#1540=SURFACE_SIDE_STYLE('',(#1539));
#1541=SURFACE_STYLE_USAGE(.BOTH.,#1540);
#1542=PRESENTATION_STYLE_ASSIGNMENT((#1541));
#1543=STYLED_ITEM('',(#1542),#1535);
#1544=ADVANCED_FACE('',(#2747),#2749,.F.);
#1545=COLOUR_RGB($,0.752941176470588,0.752941176470588,0.752941176470588);
#1546=FILL_AREA_STYLE_COLOUR($,#1545);
#1547=FILL_AREA_STYLE($,(#1546));
#1548=SURFACE_STYLE_FILL_AREA(#1547);
#1549=SURFACE_SIDE_STYLE('',(#1548));
#1550=SURFACE_STYLE_USAGE(.BOTH.,#1549);
#1551=PRESENTATION_STYLE_ASSIGNMENT((#1550));
#1552=STYLED_ITEM('',(#1551),#1544);
#1553=FACE_BOUND('',#1554,.T.);
#1554=EDGE_LOOP('',(#2754));
#1555=FACE_BOUND('',#1556,.T.);
#1556=EDGE_LOOP('',(#2755));
#1557=PLANE('',#1558);
#1558=AXIS2_PLACEMENT_3D('',#1559,#1560,#1561);
#1559=CARTESIAN_POINT('',(0.,0.,1.45));
#1560=DIRECTION('',(-0.,0.,-1.));
#1561=DIRECTION('',(-1.,0.,0.));
#1562=FACE_BOUND('',#1563,.T.);
#1563=EDGE_LOOP('',(#2756,#2757,#2758,#2759));
#1564=PLANE('',#1565);
#1565=AXIS2_PLACEMENT_3D('',#1566,#1567,#1568);
#1566=CARTESIAN_POINT('',(0.,0.,2.9));
#1567=DIRECTION('',(0.,0.,1.));
#1568=DIRECTION('',(1.,0.,0.));
#1569=FACE_BOUND('',#1570,.T.);
#1570=EDGE_LOOP('',(#2760,#2761,#2762,#2763));
#1571=PLANE('',#1572);
#1572=AXIS2_PLACEMENT_3D('',#1573,#1574,#1575);
#1573=CARTESIAN_POINT('',(0.,0.,2.9));
#1574=DIRECTION('',(0.,0.,1.));
#1575=DIRECTION('',(1.,0.,0.));
#1576=FACE_BOUND('',#1577,.T.);
#1577=EDGE_LOOP('',(#2764,#2765,#2766,#2767,#2768,#2769,#2770,#2771,#2772,#2773,
#2774,#2775,#2776,#2777,#2778,#2779));
#1578=PLANE('',#1579);
#1579=AXIS2_PLACEMENT_3D('',#1580,#1581,#1582);
#1580=CARTESIAN_POINT('',(2.5,0.5,2.2));
#1581=DIRECTION('',(0.,1.,-0.));
#1582=DIRECTION('',(-1.,0.,0.));
#1583=FACE_BOUND('',#1584,.T.);
#1584=EDGE_LOOP('',(#2780,#2781,#2782,#2783,#2784,#2785,#2786,#2787,#2788,#2789,
#2790,#2791,#2792,#2793,#2794,#2795));
#1585=PLANE('',#1586);
#1586=AXIS2_PLACEMENT_3D('',#1587,#1588,#1589);
#1587=CARTESIAN_POINT('',(-2.5,-0.5,2.2));
#1588=DIRECTION('',(0.,-1.,0.));
#1589=DIRECTION('',(1.,0.,0.));
#1590=FACE_BOUND('',#1591,.T.);
#1591=EDGE_LOOP('',(#2796,#2797,#2798,#2799,#2800,#2801,#2802));
#1592=PLANE('',#1593);
#1593=AXIS2_PLACEMENT_3D('',#1594,#1595,#1596);
#1594=CARTESIAN_POINT('',(-0.397467037607664,0.482127344852522,2.4));
#1595=DIRECTION('',(1.84777152116818E-016,1.,-0.));
#1596=DIRECTION('',(-1.,1.84777152116818E-016,0.));
#1597=FACE_BOUND('',#1598,.T.);
#1598=EDGE_LOOP('',(#2803,#2804,#2805,#2806,#2807,#2808,#2809));
#1599=PLANE('',#1600);
#1600=AXIS2_PLACEMENT_3D('',#1601,#1602,#1603);
#1601=CARTESIAN_POINT('',(-2.2,-0.482127344852522,2.4));
#1602=DIRECTION('',(-1.84777152116818E-016,-1.,0.));
#1603=DIRECTION('',(1.,-1.84777152116818E-016,0.));
#1604=FACE_BOUND('',#1605,.T.);
#1605=EDGE_LOOP('',(#2810,#2811,#2812,#2813,#2814,#2815,#2816));
#1606=PLANE('',#1607);
#1607=AXIS2_PLACEMENT_3D('',#1608,#1609,#1610);
#1608=CARTESIAN_POINT('',(0.397467037608805,-0.482127344852522,2.4));
#1609=DIRECTION('',(-1.53980960097446E-016,-1.,0.));
#1610=DIRECTION('',(1.,-1.53980960097446E-016,0.));
#1611=FACE_BOUND('',#1612,.T.);
#1612=EDGE_LOOP('',(#2817,#2818,#2819,#2820,#2821,#2822,#2823));
#1613=PLANE('',#1614);
#1614=AXIS2_PLACEMENT_3D('',#1615,#1616,#1617);
#1615=CARTESIAN_POINT('',(2.2,0.482127344852522,2.4));
#1616=DIRECTION('',(2.46369536155913E-016,1.,-0.));
#1617=DIRECTION('',(-1.,2.46369536155913E-016,0.));
#1618=FACE_BOUND('',#1619,.T.);
#1619=EDGE_LOOP('',(#2824,#2825,#2826,#2827));
#1620=PLANE('',#1621);
#1621=AXIS2_PLACEMENT_3D('',#1622,#1623,#1624);
#1622=CARTESIAN_POINT('',(0.,0.,2.4));
#1623=DIRECTION('',(0.,0.,1.));
#1624=DIRECTION('',(1.,0.,0.));
#1625=FACE_BOUND('',#1626,.T.);
#1626=EDGE_LOOP('',(#2828,#2829,#2830,#2831));
#1627=PLANE('',#1628);
#1628=AXIS2_PLACEMENT_3D('',#1629,#1630,#1631);
#1629=CARTESIAN_POINT('',(0.,0.,2.4));
#1630=DIRECTION('',(0.,0.,1.));
#1631=DIRECTION('',(1.,0.,0.));
#1632=FACE_BOUND('',#1633,.T.);
#1633=EDGE_LOOP('',(#2832,#2833,#2834,#2835));
#1634=PLANE('',#1635);
#1635=AXIS2_PLACEMENT_3D('',#1636,#1637,#1638);
#1636=CARTESIAN_POINT('',(0.,0.,2.4));
#1637=DIRECTION('',(0.,0.,1.));
#1638=DIRECTION('',(1.,0.,0.));
#1639=FACE_BOUND('',#1640,.T.);
#1640=EDGE_LOOP('',(#2836,#2837,#2838,#2839));
#1641=PLANE('',#1642);
#1642=AXIS2_PLACEMENT_3D('',#1643,#1644,#1645);
#1643=CARTESIAN_POINT('',(0.,0.,2.4));
#1644=DIRECTION('',(0.,0.,1.));
#1645=DIRECTION('',(1.,0.,0.));
#1646=FACE_BOUND('',#1647,.T.);
#1647=EDGE_LOOP('',(#2840,#2841));
#1648=PLANE('',#1649);
#1649=AXIS2_PLACEMENT_3D('',#1650,#1651,#1652);
#1650=CARTESIAN_POINT('',(0.,0.,3.05));
#1651=DIRECTION('',(-0.,0.,-1.));
#1652=DIRECTION('',(-1.,-0.,0.));
#1653=FACE_BOUND('',#1654,.T.);
#1654=EDGE_LOOP('',(#2842,#2843));
#1655=PLANE('',#1656);
#1656=AXIS2_PLACEMENT_3D('',#1657,#1658,#1659);
#1657=CARTESIAN_POINT('',(0.,0.,3.05));
#1658=DIRECTION('',(-0.,0.,-1.));
#1659=DIRECTION('',(-1.,-0.,0.));
#1660=FACE_BOUND('',#1661,.T.);
#1661=EDGE_LOOP('',(#2844,#2845,#2846,#2847,#2848,#2849,#2850,#2851,#2852,#2853,
#2854,#2855,#2856,#2857,#2858,#2859,#2860));
#1662=FACE_OUTER_BOUND('',#1663,.T.);
#1663=EDGE_LOOP('',(#2861));
#1664=CYLINDRICAL_SURFACE('',#1665,0.65);
#1665=AXIS2_PLACEMENT_3D('',#1666,#1667,#1668);
#1666=CARTESIAN_POINT('',(0.,0.,3.05));
#1667=DIRECTION('',(0.,0.,-1.));
#1668=DIRECTION('',(-1.,0.,0.));
#1669=FACE_BOUND('',#1670,.T.);
#1670=EDGE_LOOP('',(#2862,#2863,#2864,#2865,#2866));
#1671=FACE_OUTER_BOUND('',#1672,.T.);
#1672=EDGE_LOOP('',(#2867));
#1673=CYLINDRICAL_SURFACE('',#1674,2.75);
#1674=AXIS2_PLACEMENT_3D('',#1675,#1676,#1677);
#1675=CARTESIAN_POINT('',(0.,0.,2.7));
#1676=DIRECTION('',(0.,0.,-1.));
#1677=DIRECTION('',(-1.,0.,0.));
#1678=FACE_BOUND('',#1679,.T.);
#1679=EDGE_LOOP('',(#2868,#2869,#2870,#2871,#2872,#2873));
#1680=PLANE('',#1681);
#1681=AXIS2_PLACEMENT_3D('',#1682,#1683,#1684);
#1682=CARTESIAN_POINT('',(-2.2,0.482127344852523,2.4));
#1683=DIRECTION('',(-1.,0.,0.));
#1684=DIRECTION('',(0.,-1.,0.));
#1685=FACE_BOUND('',#1686,.T.);
#1686=EDGE_LOOP('',(#2874,#2875,#2876,#2877,#2878,#2879));
#1687=PLANE('',#1688);
#1688=AXIS2_PLACEMENT_3D('',#1689,#1690,#1691);
#1689=CARTESIAN_POINT('',(2.2,-0.482127344852523,2.4));
#1690=DIRECTION('',(1.,0.,0.));
#1691=DIRECTION('',(0.,1.,0.));
#1692=FACE_BOUND('',#1693,.T.);
#1693=EDGE_LOOP('',(#2880,#2881,#2882,#2883,#2884,#2885,#2886,#2887));
#1694=CYLINDRICAL_SURFACE('',#1695,2.25);
#1695=AXIS2_PLACEMENT_3D('',#1696,#1697,#1698);
#1696=CARTESIAN_POINT('',(0.,0.,2.2));
#1697=DIRECTION('',(0.,0.,1.));
#1698=DIRECTION('',(0.159999999999999,-0.987117014340245,0.));
#1699=FACE_BOUND('',#1700,.T.);
#1700=EDGE_LOOP('',(#2888,#2889,#2890,#2891));
#1701=PLANE('',#1702);
#1702=AXIS2_PLACEMENT_3D('',#1703,#1704,#1705);
#1703=CARTESIAN_POINT('',(0.,0.,2.2));
#1704=DIRECTION('',(0.,0.,1.));
#1705=DIRECTION('',(1.,0.,0.));
#1706=FACE_BOUND('',#1707,.T.);
#1707=EDGE_LOOP('',(#2892,#2893,#2894,#2895));
#1708=PLANE('',#1709);
#1709=AXIS2_PLACEMENT_3D('',#1710,#1711,#1712);
#1710=CARTESIAN_POINT('',(2.5,-0.5,2.2));
#1711=DIRECTION('',(1.,0.,0.));
#1712=DIRECTION('',(0.,1.,0.));
#1713=FACE_BOUND('',#1714,.T.);
#1714=EDGE_LOOP('',(#2896,#2897,#2898,#2899));
#1715=FACE_BOUND('',#1716,.T.);
#1716=EDGE_LOOP('',(#2900,#2901,#2902,#2903,#2904,#2905,#2906,#2907,#2908,#2909,
#2910,#2911));
#1717=PLANE('',#1718);
#1718=AXIS2_PLACEMENT_3D('',#1719,#1720,#1721);
#1719=CARTESIAN_POINT('',(0.,0.,4.7));
#1720=DIRECTION('',(0.,0.,1.));
#1721=DIRECTION('',(1.,0.,0.));
#1722=FACE_BOUND('',#1723,.T.);
#1723=EDGE_LOOP('',(#2912,#2913,#2914,#2915));
#1724=PLANE('',#1725);
#1725=AXIS2_PLACEMENT_3D('',#1726,#1727,#1728);
#1726=CARTESIAN_POINT('',(0.4,-1.5,3.7));
#1727=DIRECTION('',(1.,0.,0.));
#1728=DIRECTION('',(0.,1.,0.));
#1729=FACE_BOUND('',#1730,.T.);
#1730=EDGE_LOOP('',(#2916,#2917,#2918,#2919));
#1731=PLANE('',#1732);
#1732=AXIS2_PLACEMENT_3D('',#1733,#1734,#1735);
#1733=CARTESIAN_POINT('',(0.,0.,3.7));
#1734=DIRECTION('',(0.,0.,1.));
#1735=DIRECTION('',(1.,0.,0.));
#1736=FACE_BOUND('',#1737,.T.);
#1737=EDGE_LOOP('',(#2920,#2921,#2922,#2923));
#1738=PLANE('',#1739);
#1739=AXIS2_PLACEMENT_3D('',#1740,#1741,#1742);
#1740=CARTESIAN_POINT('',(-0.4,1.5,3.7));
#1741=DIRECTION('',(-1.,0.,0.));
#1742=DIRECTION('',(0.,-1.,0.));
#1743=FACE_BOUND('',#1744,.T.);
#1744=EDGE_LOOP('',(#2924,#2925,#2926,#2927));
#1745=PLANE('',#1746);
#1746=AXIS2_PLACEMENT_3D('',#1747,#1748,#1749);
#1747=CARTESIAN_POINT('',(-2.5,0.5,2.2));
#1748=DIRECTION('',(-1.,0.,0.));
#1749=DIRECTION('',(0.,-1.,0.));
#1750=FACE_BOUND('',#1751,.T.);
#1751=EDGE_LOOP('',(#2928,#2929,#2930,#2931));
#1752=PLANE('',#1753);
#1753=AXIS2_PLACEMENT_3D('',#1754,#1755,#1756);
#1754=CARTESIAN_POINT('',(0.,0.,2.2));
#1755=DIRECTION('',(0.,0.,1.));
#1756=DIRECTION('',(1.,0.,0.));
#1757=FACE_BOUND('',#1758,.T.);
#1758=EDGE_LOOP('',(#2932,#2933,#2934,#2935,#2936,#2937,#2938,#2939));
#1759=CYLINDRICAL_SURFACE('',#1760,2.25);
#1760=AXIS2_PLACEMENT_3D('',#1761,#1762,#1763);
#1761=CARTESIAN_POINT('',(0.,0.,2.2));
#1762=DIRECTION('',(0.,0.,1.));
#1763=DIRECTION('',(0.159999999999999,-0.987117014340245,0.));
#1764=FACE_BOUND('',#1765,.T.);
#1765=EDGE_LOOP('',(#2940,#2941,#2942,#2943));
#1766=PLANE('',#1767);
#1767=AXIS2_PLACEMENT_3D('',#1768,#1769,#1770);
#1768=CARTESIAN_POINT('',(-0.4,1.5,3.7));
#1769=DIRECTION('',(-1.,0.,0.));
#1770=DIRECTION('',(0.,-1.,0.));
#1771=FACE_BOUND('',#1772,.T.);
#1772=EDGE_LOOP('',(#2944,#2945,#2946,#2947));
#1773=PLANE('',#1774);
#1774=AXIS2_PLACEMENT_3D('',#1775,#1776,#1777);
#1775=CARTESIAN_POINT('',(0.,0.,3.7));
#1776=DIRECTION('',(0.,0.,1.));
#1777=DIRECTION('',(1.,0.,0.));
#1778=FACE_BOUND('',#1779,.T.);
#1779=EDGE_LOOP('',(#2948,#2949,#2950,#2951));
#1780=PLANE('',#1781);
#1781=AXIS2_PLACEMENT_3D('',#1782,#1783,#1784);
#1782=CARTESIAN_POINT('',(0.4,-1.5,3.7));
#1783=DIRECTION('',(1.,0.,0.));
#1784=DIRECTION('',(0.,1.,0.));
#1785=FACE_BOUND('',#1786,.T.);
#1786=EDGE_LOOP('',(#2952,#2953,#2954,#2955,#2956,#2957));
#1787=PLANE('',#1788);
#1788=AXIS2_PLACEMENT_3D('',#1789,#1790,#1791);
#1789=CARTESIAN_POINT('',(-1.6,-1.9,2.2));
#1790=DIRECTION('',(-1.,0.,0.));
#1791=DIRECTION('',(0.,-1.,0.));
#1792=FACE_BOUND('',#1793,.T.);
#1793=EDGE_LOOP('',(#2958,#2959,#2960,#2961,#2962));
#1794=PLANE('',#1795);
#1795=AXIS2_PLACEMENT_3D('',#1796,#1797,#1798);
#1796=CARTESIAN_POINT('',(0.,0.,2.7));
#1797=DIRECTION('',(0.,0.,1.));
#1798=DIRECTION('',(1.,0.,0.));
#1799=FACE_BOUND('',#1800,.T.);
#1800=EDGE_LOOP('',(#2963,#2964,#2965,#2966,#2967,#2968));
#1801=PLANE('',#1802);
#1802=AXIS2_PLACEMENT_3D('',#1803,#1804,#1805);
#1803=CARTESIAN_POINT('',(1.6,-2.65518361042811,2.2));
#1804=DIRECTION('',(1.,0.,0.));
#1805=DIRECTION('',(0.,1.,0.));
#1806=FACE_BOUND('',#1807,.T.);
#1807=EDGE_LOOP('',(#2969,#2970,#2971,#2972,#2973,#2974,#2975,#2976,#2977,#2978));
#1808=PLANE('',#1809);
#1809=AXIS2_PLACEMENT_3D('',#1810,#1811,#1812);
#1810=CARTESIAN_POINT('',(0.,0.,2.2));
#1811=DIRECTION('',(0.,0.,1.));
#1812=DIRECTION('',(1.,0.,0.));
#1813=FACE_BOUND('',#1814,.T.);
#1814=EDGE_LOOP('',(#2979,#2980));
#1815=PLANE('',#1816);
#1816=AXIS2_PLACEMENT_3D('',#1817,#1818,#1819);
#1817=CARTESIAN_POINT('',(0.,0.,2.4));
#1818=DIRECTION('',(0.,0.,1.));
#1819=DIRECTION('',(1.,0.,0.));
#1820=FACE_BOUND('',#1821,.T.);
#1821=EDGE_LOOP('',(#2981,#2982));
#1822=PLANE('',#1823);
#1823=AXIS2_PLACEMENT_3D('',#1824,#1825,#1826);
#1824=CARTESIAN_POINT('',(0.,0.,2.4));
#1825=DIRECTION('',(0.,0.,1.));
#1826=DIRECTION('',(1.,0.,0.));
#1827=FACE_BOUND('',#1828,.T.);
#1828=EDGE_LOOP('',(#2983,#2984,#2985,#2986,#2987,#2988,#2989,#2990,#2991,#2992,
#2993,#2994));
#1829=PLANE('',#1830);
#1830=AXIS2_PLACEMENT_3D('',#1831,#1832,#1833);
#1831=CARTESIAN_POINT('',(1.6,-1.9,2.2));
#1832=DIRECTION('',(6.93889390390723E-017,1.,-0.));
#1833=DIRECTION('',(-1.,6.93889390390723E-017,0.));
#1834=FACE_BOUND('',#1835,.T.);
#1835=EDGE_LOOP('',(#2995,#2996,#2997,#2998));
#1836=CYLINDRICAL_SURFACE('',#1837,3.1);
#1837=AXIS2_PLACEMENT_3D('',#1838,#1839,#1840);
#1838=CARTESIAN_POINT('',(0.,0.,2.7));
#1839=DIRECTION('',(0.,0.,1.));
#1840=DIRECTION('',(1.,0.,0.));
#1841=FACE_BOUND('',#1842,.T.);
#1842=EDGE_LOOP('',(#2999,#3000,#3001,#3002));
#1843=PLANE('',#1844);
#1844=AXIS2_PLACEMENT_3D('',#1845,#1846,#1847);
#1845=CARTESIAN_POINT('',(-0.4,-1.5,3.7));
#1846=DIRECTION('',(0.,-1.,0.));
#1847=DIRECTION('',(1.,0.,0.));
#1848=FACE_BOUND('',#1849,.T.);
#1849=EDGE_LOOP('',(#3003,#3004,#3005,#3006));
#1850=PLANE('',#1851);
#1851=AXIS2_PLACEMENT_3D('',#1852,#1853,#1854);
#1852=CARTESIAN_POINT('',(0.4,1.5,3.7));
#1853=DIRECTION('',(0.,1.,-0.));
#1854=DIRECTION('',(-1.,0.,0.));
#1855=FACE_BOUND('',#1856,.T.);
#1856=EDGE_LOOP('',(#3007,#3008,#3009,#3010));
#1857=PLANE('',#1858);
#1858=AXIS2_PLACEMENT_3D('',#1859,#1860,#1861);
#1859=CARTESIAN_POINT('',(-0.360000000000003,-2.22101328226555,2.2));
#1860=DIRECTION('',(1.,0.,0.));
#1861=DIRECTION('',(0.,1.,0.));
#1862=FACE_BOUND('',#1863,.T.);
#1863=EDGE_LOOP('',(#3011,#3012,#3013,#3014));
#1864=CYLINDRICAL_SURFACE('',#1865,2.25);
#1865=AXIS2_PLACEMENT_3D('',#1866,#1867,#1868);
#1866=CARTESIAN_POINT('',(0.,0.,2.2));
#1867=DIRECTION('',(0.,0.,1.));
#1868=DIRECTION('',(0.159999999999999,-0.987117014340245,0.));
#1869=FACE_BOUND('',#1870,.T.);
#1870=EDGE_LOOP('',(#3015,#3016,#3017,#3018));
#1871=CYLINDRICAL_SURFACE('',#1872,2.25);
#1872=AXIS2_PLACEMENT_3D('',#1873,#1874,#1875);
#1873=CARTESIAN_POINT('',(0.,0.,2.2));
#1874=DIRECTION('',(0.,0.,1.));
#1875=DIRECTION('',(0.159999999999999,-0.987117014340245,0.));
#1876=FACE_BOUND('',#1877,.T.);
#1877=EDGE_LOOP('',(#3019,#3020,#3021,#3022));
#1878=PLANE('',#1879);
#1879=AXIS2_PLACEMENT_3D('',#1880,#1881,#1882);
#1880=CARTESIAN_POINT('',(0.359999999999998,-0.5,2.2));
#1881=DIRECTION('',(-1.,0.,0.));
#1882=DIRECTION('',(0.,-1.,0.));
#1883=FACE_BOUND('',#1884,.T.);
#1884=EDGE_LOOP('',(#3023,#3024,#3025));
#1885=PLANE('',#1886);
#1886=AXIS2_PLACEMENT_3D('',#1887,#1888,#1889);
#1887=CARTESIAN_POINT('',(0.,0.,2.4));
#1888=DIRECTION('',(0.,0.,1.));
#1889=DIRECTION('',(1.,0.,0.));
#1890=FACE_BOUND('',#1891,.T.);
#1891=EDGE_LOOP('',(#3026,#3027,#3028));
#1892=PLANE('',#1893);
#1893=AXIS2_PLACEMENT_3D('',#1894,#1895,#1896);
#1894=CARTESIAN_POINT('',(0.,0.,2.4));
#1895=DIRECTION('',(0.,0.,1.));
#1896=DIRECTION('',(1.,0.,0.));
#1897=FACE_BOUND('',#1898,.T.);
#1898=EDGE_LOOP('',(#3029,#3030,#3031));
#1899=PLANE('',#1900);
#1900=AXIS2_PLACEMENT_3D('',#1901,#1902,#1903);
#1901=CARTESIAN_POINT('',(0.,0.,2.4));
#1902=DIRECTION('',(0.,0.,1.));
#1903=DIRECTION('',(1.,0.,0.));
#1904=FACE_BOUND('',#1905,.T.);
#1905=EDGE_LOOP('',(#3032,#3033,#3034));
#1906=PLANE('',#1907);
#1907=AXIS2_PLACEMENT_3D('',#1908,#1909,#1910);
#1908=CARTESIAN_POINT('',(0.,0.,2.4));
#1909=DIRECTION('',(0.,0.,1.));
#1910=DIRECTION('',(1.,0.,0.));
#1911=FACE_BOUND('',#1912,.T.);
#1912=EDGE_LOOP('',(#3035,#3036,#3037));
#1913=PLANE('',#1914);
#1914=AXIS2_PLACEMENT_3D('',#1915,#1916,#1917);
#1915=CARTESIAN_POINT('',(0.,0.,2.4));
#1916=DIRECTION('',(0.,0.,1.));
#1917=DIRECTION('',(1.,0.,0.));
#1918=FACE_BOUND('',#1919,.T.);
#1919=EDGE_LOOP('',(#3038,#3039,#3040));
#1920=PLANE('',#1921);
#1921=AXIS2_PLACEMENT_3D('',#1922,#1923,#1924);
#1922=CARTESIAN_POINT('',(0.,0.,2.4));
#1923=DIRECTION('',(0.,0.,1.));
#1924=DIRECTION('',(1.,0.,0.));
#1925=FACE_BOUND('',#1926,.T.);
#1926=EDGE_LOOP('',(#3041,#3042,#3043,#3044));
#1927=TOROIDAL_SURFACE('',#1928,0.85,0.2);
#1928=AXIS2_PLACEMENT_3D('',#1929,#1930,#1931);
#1929=CARTESIAN_POINT('',(0.,0.,2.7));
#1930=DIRECTION('',(-0.,-0.,-1.));
#1931=DIRECTION('',(-0.204578188270642,0.978850225971217,0.));
#1932=FACE_BOUND('',#1933,.T.);
#1933=EDGE_LOOP('',(#3045,#3046,#3047,#3048));
#1934=CYLINDRICAL_SURFACE('',#1935,0.2);
#1935=AXIS2_PLACEMENT_3D('',#1936,#1937,#1938);
#1936=CARTESIAN_POINT('',(-2.,1.28212734485252,2.7));
#1937=DIRECTION('',(0.,-1.,-0.));
#1938=DIRECTION('',(0.,0.,1.));
#1939=FACE_BOUND('',#1940,.T.);
#1940=EDGE_LOOP('',(#3049,#3050,#3051,#3052));
#1941=CYLINDRICAL_SURFACE('',#1942,0.2);
#1942=AXIS2_PLACEMENT_3D('',#1943,#1944,#1945);
#1943=CARTESIAN_POINT('',(2.,-1.28212734485252,2.7));
#1944=DIRECTION('',(0.,1.,-0.));
#1945=DIRECTION('',(0.,0.,1.));
#1946=FACE_BOUND('',#1947,.T.);
#1947=EDGE_LOOP('',(#3053,#3054,#3055,#3056,#3057));
#1948=TOROIDAL_SURFACE('',#1949,0.85,0.2);
#1949=AXIS2_PLACEMENT_3D('',#1950,#1951,#1952);
#1950=CARTESIAN_POINT('',(0.,0.,2.7));
#1951=DIRECTION('',(-0.,-0.,-1.));
#1952=DIRECTION('',(0.204578188270642,-0.978850225971217,0.));
#1953=FACE_BOUND('',#1954,.T.);
#1954=EDGE_LOOP('',(#3058,#3059,#3060,#3061,#3062,#3063,#3064,#3065,#3066,#3067,
#3068,#3069,#3070,#3071,#3072,#3073,#3074,#3075,#3076,#3077,#3078,#3079,#3080));
#1955=PLANE('',#1956);
#1956=AXIS2_PLACEMENT_3D('',#1957,#1958,#1959);
#1957=CARTESIAN_POINT('',(3.,-3.8,1.15));
#1958=DIRECTION('',(1.,0.,-0.));
#1959=DIRECTION('',(0.,0.,1.));
#1960=FACE_BOUND('',#1961,.T.);
#1961=EDGE_LOOP('',(#3081,#3082,#3083,#3084,#3085,#3086,#3087,#3088,#3089,#3090,
#3091));
#1962=PLANE('',#1963);
#1963=AXIS2_PLACEMENT_3D('',#1964,#1965,#1966);
#1964=CARTESIAN_POINT('',(2.2,-3.36445778871886,-5.45));
#1965=DIRECTION('',(-1.,0.,0.));
#1966=DIRECTION('',(0.,-1.,0.));
#1967=FACE_BOUND('',#1968,.T.);
#1968=EDGE_LOOP('',(#3092,#3093,#3094,#3095));
#1969=PLANE('',#1970);
#1970=AXIS2_PLACEMENT_3D('',#1971,#1972,#1973);
#1971=CARTESIAN_POINT('',(3.,-3.36445778871886,-5.45));
#1972=DIRECTION('',(0.,0.914917801572932,-0.403640206576294));
#1973=DIRECTION('',(-1.,0.,0.));
#1974=FACE_BOUND('',#1975,.T.);
#1975=EDGE_LOOP('',(#3096,#3097,#3098,#3099));
#1976=PLANE('',#1977);
#1977=AXIS2_PLACEMENT_3D('',#1978,#1979,#1980);
#1978=CARTESIAN_POINT('',(2.2,-3.56445778871886,-5.45));
#1979=DIRECTION('',(0.,-0.914917801572932,0.403640206576294));
#1980=DIRECTION('',(1.,0.,0.));
#1981=FACE_BOUND('',#1982,.T.);
#1982=EDGE_LOOP('',(#3100,#3101,#3102,#3103));
#1983=PLANE('',#1984);
#1984=AXIS2_PLACEMENT_3D('',#1985,#1986,#1987);
#1985=CARTESIAN_POINT('',(3.,-3.56445778871886,-5.45));
#1986=DIRECTION('',(-0.,-0.914917801572932,-0.403640206576294));
#1987=DIRECTION('',(-1.,0.,0.));
#1988=FACE_BOUND('',#1989,.T.);
#1989=EDGE_LOOP('',(#3104,#3105,#3106,#3107));
#1990=PLANE('',#1991);
#1991=AXIS2_PLACEMENT_3D('',#1992,#1993,#1994);
#1992=CARTESIAN_POINT('',(2.2,-3.36445778871886,-5.45));
#1993=DIRECTION('',(-0.,0.914917801572932,0.403640206576294));
#1994=DIRECTION('',(1.,0.,0.));
#1995=FACE_BOUND('',#1996,.T.);
#1996=EDGE_LOOP('',(#3108,#3109,#3110,#3111));
#1997=FACE_BOUND('',#1998,.T.);
#1998=EDGE_LOOP('',(#3112,#3113,#3114,#3115));
#1999=FACE_BOUND('',#2000,.T.);
#2000=EDGE_LOOP('',(#3116,#3117,#3118,#3119));
#2001=PLANE('',#2002);
#2002=AXIS2_PLACEMENT_3D('',#2003,#2004,#2005);
#2003=CARTESIAN_POINT('',(-3.2,-3.8,0.));
#2004=DIRECTION('',(0.,-1.,0.));
#2005=DIRECTION('',(1.,0.,0.));
#2006=FACE_BOUND('',#2007,.T.);
#2007=EDGE_LOOP('',(#3120,#3121,#3122,#3123));
#2008=PLANE('',#2009);
#2009=AXIS2_PLACEMENT_3D('',#2010,#2011,#2012);
#2010=CARTESIAN_POINT('',(3.,-3.8,1.35));
#2011=DIRECTION('',(0.,0.,1.));
#2012=DIRECTION('',(-1.,0.,0.));
#2013=FACE_BOUND('',#2014,.T.);
#2014=EDGE_LOOP('',(#3124,#3125,#3126,#3127));
#2015=PLANE('',#2016);
#2016=AXIS2_PLACEMENT_3D('',#2017,#2018,#2019);
#2017=CARTESIAN_POINT('',(0.,-4.3,0.));
#2018=DIRECTION('',(0.,-1.,0.));
#2019=DIRECTION('',(1.,0.,0.));
#2020=FACE_BOUND('',#2021,.T.);
#2021=EDGE_LOOP('',(#3128,#3129,#3130,#3131));
#2022=PLANE('',#2023);
#2023=AXIS2_PLACEMENT_3D('',#2024,#2025,#2026);
#2024=CARTESIAN_POINT('',(0.,0.,-1.85));
#2025=DIRECTION('',(-0.,0.,-1.));
#2026=DIRECTION('',(-1.,-0.,0.));
#2027=FACE_BOUND('',#2028,.T.);
#2028=EDGE_LOOP('',(#3132,#3133,#3134,#3135,#3136,#3137));
#2029=PLANE('',#2030);
#2030=AXIS2_PLACEMENT_3D('',#2031,#2032,#2033);
#2031=CARTESIAN_POINT('',(3.,-2.81445778871886,-1.85));
#2032=DIRECTION('',(-0.,-1.,-0.));
#2033=DIRECTION('',(-1.,0.,0.));
#2034=FACE_BOUND('',#2035,.T.);
#2035=EDGE_LOOP('',(#3138,#3139,#3140,#3141));
#2036=PLANE('',#2037);
#2037=AXIS2_PLACEMENT_3D('',#2038,#2039,#2040);
#2038=CARTESIAN_POINT('',(0.,0.,-7.15));
#2039=DIRECTION('',(-0.,0.,-1.));
#2040=DIRECTION('',(-1.,0.,0.));
#2041=FACE_BOUND('',#2042,.T.);
#2042=EDGE_LOOP('',(#3142,#3143,#3144,#3145,#3146,#3147));
#2043=PLANE('',#2044);
#2044=AXIS2_PLACEMENT_3D('',#2045,#2046,#2047);
#2045=CARTESIAN_POINT('',(1.19,-2.61445778871886,0.25));
#2046=DIRECTION('',(-0.,-1.,-0.));
#2047=DIRECTION('',(-1.,0.,0.));
#2048=FACE_BOUND('',#2049,.T.);
#2049=EDGE_LOOP('',(#3148,#3149,#3150,#3151));
#2050=PLANE('',#2051);
#2051=AXIS2_PLACEMENT_3D('',#2052,#2053,#2054);
#2052=CARTESIAN_POINT('',(1.,-4.1,-1.65));
#2053=DIRECTION('',(0.,0.,1.));
#2054=DIRECTION('',(1.,0.,0.));
#2055=FACE_BOUND('',#2056,.T.);
#2056=EDGE_LOOP('',(#3152,#3153,#3154,#3155));
#2057=PLANE('',#2058);
#2058=AXIS2_PLACEMENT_3D('',#2059,#2060,#2061);
#2059=CARTESIAN_POINT('',(1.,-4.1,1.15));
#2060=DIRECTION('',(-0.,1.,0.));
#2061=DIRECTION('',(1.,0.,0.));
#2062=FACE_BOUND('',#2063,.T.);
#2063=EDGE_LOOP('',(#3156,#3157,#3158,#3159));
#2064=PLANE('',#2065);
#2065=AXIS2_PLACEMENT_3D('',#2066,#2067,#2068);
#2066=CARTESIAN_POINT('',(0.,0.,-3.75));
#2067=DIRECTION('',(-0.,0.,-1.));
#2068=DIRECTION('',(-1.,-0.,0.));
#2069=FACE_BOUND('',#2070,.T.);
#2070=EDGE_LOOP('',(#3160,#3161,#3162,#3163,#3164,#3165));
#2071=FACE_BOUND('',#2072,.T.);
#2072=EDGE_LOOP('',(#3166,#3167,#3168,#3169,#3170,#3171,#3172,#3173));
#2073=PLANE('',#2074);
#2074=AXIS2_PLACEMENT_3D('',#2075,#2076,#2077);
#2075=CARTESIAN_POINT('',(0.,0.,0.));
#2076=DIRECTION('',(0.,0.,1.));
#2077=DIRECTION('',(1.,0.,0.));
#2078=FACE_BOUND('',#2079,.T.);
#2079=EDGE_LOOP('',(#3174,#3175,#3176,#3177));
#2080=PLANE('',#2081);
#2081=AXIS2_PLACEMENT_3D('',#2082,#2083,#2084);
#2082=CARTESIAN_POINT('',(3.2,-3.8,0.));
#2083=DIRECTION('',(1.,0.,0.));
#2084=DIRECTION('',(0.,1.,0.));
#2085=FACE_BOUND('',#2086,.T.);
#2086=EDGE_LOOP('',(#3178,#3179,#3180,#3181,#3182,#3183));
#2087=FACE_BOUND('',#2088,.T.);
#2088=EDGE_LOOP('',(#3184));
#2089=PLANE('',#2090);
#2090=AXIS2_PLACEMENT_3D('',#2091,#2092,#2093);
#2091=CARTESIAN_POINT('',(0.,0.,2.5));
#2092=DIRECTION('',(0.,0.,1.));
#2093=DIRECTION('',(1.,0.,0.));
#2094=FACE_BOUND('',#2095,.T.);
#2095=EDGE_LOOP('',(#3185,#3186,#3187,#3188));
#2096=PLANE('',#2097);
#2097=AXIS2_PLACEMENT_3D('',#2098,#2099,#2100);
#2098=CARTESIAN_POINT('',(-3.2,1.2,0.));
#2099=DIRECTION('',(-1.,0.,0.));
#2100=DIRECTION('',(0.,-1.,0.));
#2101=FACE_BOUND('',#2102,.T.);
#2102=EDGE_LOOP('',(#3189,#3190,#3191,#3192));
#2103=PLANE('',#2104);
#2104=AXIS2_PLACEMENT_3D('',#2105,#2106,#2107);
#2105=CARTESIAN_POINT('',(-1.,-3.8,1.35));
#2106=DIRECTION('',(0.,0.,1.));
#2107=DIRECTION('',(-1.,0.,0.));
#2108=FACE_BOUND('',#2109,.T.);
#2109=EDGE_LOOP('',(#3193,#3194,#3195,#3196,#3197,#3198,#3199,#3200,#3201,#3202,
#3203,#3204,#3205,#3206,#3207));
#2110=PLANE('',#2111);
#2111=AXIS2_PLACEMENT_3D('',#2112,#2113,#2114);
#2112=CARTESIAN_POINT('',(-1.,-3.8,1.15));
#2113=DIRECTION('',(1.,0.,-0.));
#2114=DIRECTION('',(0.,0.,1.));
#2115=FACE_BOUND('',#2116,.T.);
#2116=EDGE_LOOP('',(#3208,#3209,#3210,#3211,#3212,#3213,#3214,#3215,#3216,#3217,
#3218,#3219,#3220,#3221,#3222,#3223,#3224,#3225,#3226,#3227,#3228,#3229,#3230));
#2117=PLANE('',#2118);
#2118=AXIS2_PLACEMENT_3D('',#2119,#2120,#2121);
#2119=CARTESIAN_POINT('',(-3.,-3.8,1.35));
#2120=DIRECTION('',(-1.,-0.,-0.));
#2121=DIRECTION('',(0.,0.,-1.));
#2122=FACE_BOUND('',#2123,.T.);
#2123=EDGE_LOOP('',(#3231,#3232,#3233,#3234,#3235,#3236,#3237,#3238,#3239,#3240,
#3241,#3242,#3243,#3244,#3245));
#2124=PLANE('',#2125);
#2125=AXIS2_PLACEMENT_3D('',#2126,#2127,#2128);
#2126=CARTESIAN_POINT('',(1.,-3.8,1.35));
#2127=DIRECTION('',(-1.,-0.,-0.));
#2128=DIRECTION('',(0.,0.,-1.));
#2129=FACE_BOUND('',#2130,.T.);
#2130=EDGE_LOOP('',(#3246,#3247,#3248,#3249));
#2131=CYLINDRICAL_SURFACE('',#2132,2.);
#2132=AXIS2_PLACEMENT_3D('',#2133,#2134,#2135);
#2133=CARTESIAN_POINT('',(-1.2,1.2,0.));
#2134=DIRECTION('',(0.,0.,1.));
#2135=DIRECTION('',(1.11022302462516E-016,1.,0.));
#2136=FACE_BOUND('',#2137,.T.);
#2137=EDGE_LOOP('',(#3250,#3251,#3252,#3253));
#2138=PLANE('',#2139);
#2139=AXIS2_PLACEMENT_3D('',#2140,#2141,#2142);
#2140=CARTESIAN_POINT('',(1.2,3.2,0.));
#2141=DIRECTION('',(0.,1.,-0.));
#2142=DIRECTION('',(-1.,0.,0.));
#2143=FACE_BOUND('',#2144,.T.);
#2144=EDGE_LOOP('',(#3254,#3255,#3256,#3257));
#2145=CYLINDRICAL_SURFACE('',#2146,2.);
#2146=AXIS2_PLACEMENT_3D('',#2147,#2148,#2149);
#2147=CARTESIAN_POINT('',(1.2,1.2,0.));
#2148=DIRECTION('',(0.,0.,1.));
#2149=DIRECTION('',(1.,0.,0.));
#2150=FACE_BOUND('',#2151,.T.);
#2151=EDGE_LOOP('',(#3258,#3259,#3260,#3261));
#2152=PLANE('',#2153);
#2153=AXIS2_PLACEMENT_3D('',#2154,#2155,#2156);
#2154=CARTESIAN_POINT('',(1.2,2.,0.5));
#2155=DIRECTION('',(-0.,1.,0.));
#2156=DIRECTION('',(1.,0.,0.));
#2157=FACE_BOUND('',#2158,.T.);
#2158=EDGE_LOOP('',(#3262,#3263,#3264,#3265));
#2159=PLANE('',#2160);
#2160=AXIS2_PLACEMENT_3D('',#2161,#2162,#2163);
#2161=CARTESIAN_POINT('',(1.2,2.4,0.5));
#2162=DIRECTION('',(1.,0.,0.));
#2163=DIRECTION('',(0.,-1.,0.));
#2164=FACE_BOUND('',#2165,.T.);
#2165=EDGE_LOOP('',(#3266,#3267,#3268,#3269));
#2166=PLANE('',#2167);
#2167=AXIS2_PLACEMENT_3D('',#2168,#2169,#2170);
#2168=CARTESIAN_POINT('',(-1.2,2.4,0.5));
#2169=DIRECTION('',(-0.,1.,0.));
#2170=DIRECTION('',(1.,0.,0.));
#2171=FACE_BOUND('',#2172,.T.);
#2172=EDGE_LOOP('',(#3270,#3271,#3272,#3273));
#2173=PLANE('',#2174);
#2174=AXIS2_PLACEMENT_3D('',#2175,#2176,#2177);
#2175=CARTESIAN_POINT('',(-1.2,2.,0.5));
#2176=DIRECTION('',(-1.,0.,0.));
#2177=DIRECTION('',(0.,1.,0.));
#2178=FACE_BOUND('',#2179,.T.);
#2179=EDGE_LOOP('',(#3274,#3275,#3276,#3277));
#2180=PLANE('',#2181);
#2181=AXIS2_PLACEMENT_3D('',#2182,#2183,#2184);
#2182=CARTESIAN_POINT('',(-2.,2.,0.5));
#2183=DIRECTION('',(-0.,1.,0.));
#2184=DIRECTION('',(1.,0.,0.));
#2185=FACE_BOUND('',#2186,.T.);
#2186=EDGE_LOOP('',(#3278,#3279,#3280,#3281));
#2187=PLANE('',#2188);
#2188=AXIS2_PLACEMENT_3D('',#2189,#2190,#2191);
#2189=CARTESIAN_POINT('',(-2.,-2.,0.5));
#2190=DIRECTION('',(-1.,0.,0.));
#2191=DIRECTION('',(0.,1.,0.));
#2192=FACE_BOUND('',#2193,.T.);
#2193=EDGE_LOOP('',(#3282,#3283,#3284,#3285));
#2194=PLANE('',#2195);
#2195=AXIS2_PLACEMENT_3D('',#2196,#2197,#2198);
#2196=CARTESIAN_POINT('',(2.,-2.,0.5));
#2197=DIRECTION('',(-0.,-1.,-0.));
#2198=DIRECTION('',(-1.,0.,0.));
#2199=FACE_BOUND('',#2200,.T.);
#2200=EDGE_LOOP('',(#3286,#3287,#3288,#3289));
#2201=PLANE('',#2202);
#2202=AXIS2_PLACEMENT_3D('',#2203,#2204,#2205);
#2203=CARTESIAN_POINT('',(2.,2.,0.5));
#2204=DIRECTION('',(1.,0.,0.));
#2205=DIRECTION('',(0.,-1.,0.));
#2206=FACE_OUTER_BOUND('',#2207,.T.);
#2207=EDGE_LOOP('',(#3290));
#2208=FACE_OUTER_BOUND('',#2209,.T.);
#2209=EDGE_LOOP('',(#3291));
#2210=CYLINDRICAL_SURFACE('',#2211,3.1);
#2211=AXIS2_PLACEMENT_3D('',#2212,#2213,#2214);
#2212=CARTESIAN_POINT('',(0.,0.,2.5));
#2213=DIRECTION('',(0.,0.,1.));
#2214=DIRECTION('',(1.,0.,0.));
#2215=FACE_BOUND('',#2216,.T.);
#2216=EDGE_LOOP('',(#3292,#3293,#3294,#3295));
#2217=PLANE('',#2218);
#2218=AXIS2_PLACEMENT_3D('',#2219,#2220,#2221);
#2219=CARTESIAN_POINT('',(0.,-4.3,0.));
#2220=DIRECTION('',(0.,-1.,0.));
#2221=DIRECTION('',(1.,0.,0.));
#2222=FACE_BOUND('',#2223,.T.);
#2223=EDGE_LOOP('',(#3296,#3297,#3298,#3299));
#2224=PLANE('',#2225);
#2225=AXIS2_PLACEMENT_3D('',#2226,#2227,#2228);
#2226=CARTESIAN_POINT('',(0.,0.,-1.85));
#2227=DIRECTION('',(-0.,0.,-1.));
#2228=DIRECTION('',(-1.,-0.,0.));
#2229=FACE_BOUND('',#2230,.T.);
#2230=EDGE_LOOP('',(#3300,#3301,#3302,#3303,#3304,#3305));
#2231=PLANE('',#2232);
#2232=AXIS2_PLACEMENT_3D('',#2233,#2234,#2235);
#2233=CARTESIAN_POINT('',(-1.,-2.81445778871886,-1.85));
#2234=DIRECTION('',(-0.,-1.,-0.));
#2235=DIRECTION('',(-1.,0.,0.));
#2236=FACE_BOUND('',#2237,.T.);
#2237=EDGE_LOOP('',(#3306,#3307,#3308,#3309));
#2238=PLANE('',#2239);
#2239=AXIS2_PLACEMENT_3D('',#2240,#2241,#2242);
#2240=CARTESIAN_POINT('',(0.,0.,-3.75));
#2241=DIRECTION('',(-0.,0.,-1.));
#2242=DIRECTION('',(-1.,-0.,0.));
#2243=FACE_BOUND('',#2244,.T.);
#2244=EDGE_LOOP('',(#3310,#3311,#3312,#3313,#3314,#3315));
#2245=PLANE('',#2246);
#2246=AXIS2_PLACEMENT_3D('',#2247,#2248,#2249);
#2247=CARTESIAN_POINT('',(1.19,-2.61445778871886,0.25));
#2248=DIRECTION('',(-0.,-1.,-0.));
#2249=DIRECTION('',(-1.,0.,0.));
#2250=FACE_BOUND('',#2251,.T.);
#2251=EDGE_LOOP('',(#3316,#3317,#3318,#3319));
#2252=PLANE('',#2253);
#2253=AXIS2_PLACEMENT_3D('',#2254,#2255,#2256);
#2254=CARTESIAN_POINT('',(-3.,-4.1,-1.65));
#2255=DIRECTION('',(0.,0.,1.));
#2256=DIRECTION('',(1.,0.,0.));
#2257=FACE_BOUND('',#2258,.T.);
#2258=EDGE_LOOP('',(#3320,#3321,#3322,#3323));
#2259=PLANE('',#2260);
#2260=AXIS2_PLACEMENT_3D('',#2261,#2262,#2263);
#2261=CARTESIAN_POINT('',(-3.,-4.1,1.15));
#2262=DIRECTION('',(-0.,1.,0.));
#2263=DIRECTION('',(1.,0.,0.));
#2264=FACE_BOUND('',#2265,.T.);
#2265=EDGE_LOOP('',(#3324,#3325,#3326,#3327));
#2266=PLANE('',#2267);
#2267=AXIS2_PLACEMENT_3D('',#2268,#2269,#2270);
#2268=CARTESIAN_POINT('',(-2.2,-3.36445778871886,-5.45));
#2269=DIRECTION('',(0.,0.914917801572932,-0.403640206576294));
#2270=DIRECTION('',(-1.,0.,0.));
#2271=FACE_BOUND('',#2272,.T.);
#2272=EDGE_LOOP('',(#3328,#3329,#3330,#3331));
#2273=PLANE('',#2274);
#2274=AXIS2_PLACEMENT_3D('',#2275,#2276,#2277);
#2275=CARTESIAN_POINT('',(-3.,-3.36445778871886,-5.45));
#2276=DIRECTION('',(-0.,0.914917801572932,0.403640206576294));
#2277=DIRECTION('',(1.,0.,0.));
#2278=FACE_BOUND('',#2279,.T.);
#2279=EDGE_LOOP('',(#3332,#3333,#3334,#3335));
#2280=PLANE('',#2281);
#2281=AXIS2_PLACEMENT_3D('',#2282,#2283,#2284);
#2282=CARTESIAN_POINT('',(0.,0.,-7.15));
#2283=DIRECTION('',(-0.,0.,-1.));
#2284=DIRECTION('',(-1.,0.,0.));
#2285=FACE_BOUND('',#2286,.T.);
#2286=EDGE_LOOP('',(#3336,#3337,#3338,#3339));
#2287=PLANE('',#2288);
#2288=AXIS2_PLACEMENT_3D('',#2289,#2290,#2291);
#2289=CARTESIAN_POINT('',(-2.2,-3.56445778871886,-5.45));
#2290=DIRECTION('',(-0.,-0.914917801572932,-0.403640206576294));
#2291=DIRECTION('',(-1.,0.,0.));
#2292=FACE_BOUND('',#2293,.T.);
#2293=EDGE_LOOP('',(#3340,#3341,#3342,#3343));
#2294=PLANE('',#2295);
#2295=AXIS2_PLACEMENT_3D('',#2296,#2297,#2298);
#2296=CARTESIAN_POINT('',(-3.,-3.56445778871886,-5.45));
#2297=DIRECTION('',(0.,-0.914917801572932,0.403640206576294));
#2298=DIRECTION('',(1.,0.,0.));
#2299=FACE_BOUND('',#2300,.T.);
#2300=EDGE_LOOP('',(#3344,#3345,#3346,#3347,#3348,#3349,#3350,#3351));
#2301=FACE_BOUND('',#2302,.T.);
#2302=EDGE_LOOP('',(#3352,#3353,#3354,#3355,#3356,#3357,#3358,#3359));
#2303=PLANE('',#2304);
#2304=AXIS2_PLACEMENT_3D('',#2305,#2306,#2307);
#2305=CARTESIAN_POINT('',(0.,0.,0.5));
#2306=DIRECTION('',(-0.,0.,-1.));
#2307=DIRECTION('',(-1.,0.,0.));
#2308=FACE_BOUND('',#2309,.T.);
#2309=EDGE_LOOP('',(#3360));
#2310=FACE_BOUND('',#2311,.T.);
#2311=EDGE_LOOP('',(#3361));
#2312=PLANE('',#2313);
#2313=AXIS2_PLACEMENT_3D('',#2314,#2315,#2316);
#2314=CARTESIAN_POINT('',(0.,0.,2.7));
#2315=DIRECTION('',(0.,0.,1.));
#2316=DIRECTION('',(1.,0.,0.));
#2317=FACE_BOUND('',#2318,.T.);
#2318=EDGE_LOOP('',(#3362,#3363,#3364,#3365,#3366,#3367,#3368,#3369,#3370,#3371,
#3372));
#2319=PLANE('',#2320);
#2320=AXIS2_PLACEMENT_3D('',#2321,#2322,#2323);
#2321=CARTESIAN_POINT('',(-2.2,-3.56445778871886,-5.45));
#2322=DIRECTION('',(1.,0.,0.));
#2323=DIRECTION('',(0.,1.,0.));
#2324=FACE_BOUND('',#2325,.T.);
#2325=EDGE_LOOP('',(#3373,#3374,#3375,#3376,#3377,#3378,#3379,#3380));
#2326=PLANE('',#2327);
#2327=AXIS2_PLACEMENT_3D('',#2328,#2329,#2330);
#2328=CARTESIAN_POINT('',(-1.19,2.38554221128114,0.5));
#2329=DIRECTION('',(-0.,1.,0.));
#2330=DIRECTION('',(1.,0.,0.));
#2331=FACE_BOUND('',#2332,.T.);
#2332=EDGE_LOOP('',(#3381,#3382,#3383,#3384,#3385,#3386));
#2333=PLANE('',#2334);
#2334=AXIS2_PLACEMENT_3D('',#2335,#2336,#2337);
#2335=CARTESIAN_POINT('',(-1.19,1.97420680188268,0.5));
#2336=DIRECTION('',(-1.,0.,0.));
#2337=DIRECTION('',(0.,1.,0.));
#2338=FACE_BOUND('',#2339,.T.);
#2339=EDGE_LOOP('',(#3387,#3388,#3389,#3390));
#2340=PLANE('',#2341);
#2341=AXIS2_PLACEMENT_3D('',#2342,#2343,#2344);
#2342=CARTESIAN_POINT('',(-1.97238812774246,1.97420680188268,0.5));
#2343=DIRECTION('',(-0.,1.,0.));
#2344=DIRECTION('',(1.,0.,0.));
#2345=FACE_BOUND('',#2346,.T.);
#2346=EDGE_LOOP('',(#3391,#3392,#3393,#3394));
#2347=PLANE('',#2348);
#2348=AXIS2_PLACEMENT_3D('',#2349,#2350,#2351);
#2349=CARTESIAN_POINT('',(-1.97238812774246,-1.97420680188268,0.5));
#2350=DIRECTION('',(-1.,-1.1247281931826E-016,-0.));
#2351=DIRECTION('',(-1.1247281931826E-016,1.,0.));
#2352=FACE_BOUND('',#2353,.T.);
#2353=EDGE_LOOP('',(#3395,#3396,#3397,#3398));
#2354=PLANE('',#2355);
#2355=AXIS2_PLACEMENT_3D('',#2356,#2357,#2358);
#2356=CARTESIAN_POINT('',(1.97238812774246,-1.97420680188268,0.5));
#2357=DIRECTION('',(-0.,-1.,-0.));
#2358=DIRECTION('',(-1.,0.,0.));
#2359=FACE_BOUND('',#2360,.T.);
#2360=EDGE_LOOP('',(#3399,#3400,#3401,#3402));
#2361=PLANE('',#2362);
#2362=AXIS2_PLACEMENT_3D('',#2363,#2364,#2365);
#2363=CARTESIAN_POINT('',(1.97238812774246,1.97420680188268,0.5));
#2364=DIRECTION('',(1.,1.1247281931826E-016,0.));
#2365=DIRECTION('',(1.1247281931826E-016,-1.,0.));
#2366=FACE_BOUND('',#2367,.T.);
#2367=EDGE_LOOP('',(#3403,#3404,#3405,#3406));
#2368=PLANE('',#2369);
#2369=AXIS2_PLACEMENT_3D('',#2370,#2371,#2372);
#2370=CARTESIAN_POINT('',(1.19,1.97420680188268,0.5));
#2371=DIRECTION('',(-0.,1.,0.));
#2372=DIRECTION('',(1.,0.,0.));
#2373=FACE_BOUND('',#2374,.T.);
#2374=EDGE_LOOP('',(#3407,#3408,#3409,#3410,#3411,#3412));
#2375=PLANE('',#2376);
#2376=AXIS2_PLACEMENT_3D('',#2377,#2378,#2379);
#2377=CARTESIAN_POINT('',(1.19,2.38554221128114,0.5));
#2378=DIRECTION('',(1.,0.,0.));
#2379=DIRECTION('',(0.,-1.,0.));
#2380=FACE_OUTER_BOUND('',#2381,.T.);
#2381=EDGE_LOOP('',(#3413));
#2382=FACE_OUTER_BOUND('',#2383,.T.);
#2383=EDGE_LOOP('',(#3414));
#2384=CYLINDRICAL_SURFACE('',#2385,2.8);
#2385=AXIS2_PLACEMENT_3D('',#2386,#2387,#2388);
#2386=CARTESIAN_POINT('',(0.,0.,2.5));
#2387=DIRECTION('',(0.,0.,1.));
#2388=DIRECTION('',(1.,0.,0.));
#2389=FACE_BOUND('',#2390,.T.);
#2390=EDGE_LOOP('',(#3415,#3416,#3417,#3418));
#2391=PLANE('',#2392);
#2392=AXIS2_PLACEMENT_3D('',#2393,#2394,#2395);
#2393=CARTESIAN_POINT('',(0.4,3.13554221128114,-5.45));
#2394=DIRECTION('',(0.,0.914917801572932,0.403640206576294));
#2395=DIRECTION('',(-1.,0.,0.));
#2396=FACE_BOUND('',#2397,.T.);
#2397=EDGE_LOOP('',(#3419,#3420,#3421,#3422));
#2398=PLANE('',#2399);
#2399=AXIS2_PLACEMENT_3D('',#2400,#2401,#2402);
#2400=CARTESIAN_POINT('',(0.,0.,-3.75));
#2401=DIRECTION('',(-0.,0.,-1.));
#2402=DIRECTION('',(-1.,-0.,0.));
#2403=FACE_BOUND('',#2404,.T.);
#2404=EDGE_LOOP('',(#3423,#3424,#3425,#3426));
#2405=PLANE('',#2406);
#2406=AXIS2_PLACEMENT_3D('',#2407,#2408,#2409);
#2407=CARTESIAN_POINT('',(0.,0.,-3.75));
#2408=DIRECTION('',(-0.,0.,-1.));
#2409=DIRECTION('',(-1.,-0.,0.));
#2410=FACE_BOUND('',#2411,.T.);
#2411=EDGE_LOOP('',(#3427,#3428,#3429,#3430,#3431,#3432,#3433,#3434));
#2412=PLANE('',#2413);
#2413=AXIS2_PLACEMENT_3D('',#2414,#2415,#2416);
#2414=CARTESIAN_POINT('',(1.19,2.18554221128114,0.25));
#2415=DIRECTION('',(-0.,-1.,-0.));
#2416=DIRECTION('',(-1.,0.,0.));
#2417=FACE_BOUND('',#2418,.T.);
#2418=EDGE_LOOP('',(#3435,#3436,#3437,#3438,#3439,#3440,#3441,#3442));
#2419=FACE_BOUND('',#2420,.T.);
#2420=EDGE_LOOP('',(#3443));
#2421=PLANE('',#2422);
#2422=AXIS2_PLACEMENT_3D('',#2423,#2424,#2425);
#2423=CARTESIAN_POINT('',(0.,0.,0.25));
#2424=DIRECTION('',(-0.,0.,-1.));
#2425=DIRECTION('',(-1.,-0.,0.));
#2426=FACE_BOUND('',#2427,.T.);
#2427=EDGE_LOOP('',(#3444));
#2428=FACE_BOUND('',#2429,.T.);
#2429=EDGE_LOOP('',(#3445));
#2430=PLANE('',#2431);
#2431=AXIS2_PLACEMENT_3D('',#2432,#2433,#2434);
#2432=CARTESIAN_POINT('',(0.,0.,1.5));
#2433=DIRECTION('',(0.,0.,1.));
#2434=DIRECTION('',(1.,0.,0.));
#2435=FACE_BOUND('',#2436,.T.);
#2436=EDGE_LOOP('',(#3446,#3447,#3448,#3449));
#2437=PLANE('',#2438);
#2438=AXIS2_PLACEMENT_3D('',#2439,#2440,#2441);
#2439=CARTESIAN_POINT('',(-0.4,3.13554221128114,-5.45));
#2440=DIRECTION('',(0.,0.914917801572932,-0.403640206576294));
#2441=DIRECTION('',(1.,0.,0.));
#2442=FACE_BOUND('',#2443,.T.);
#2443=EDGE_LOOP('',(#3450,#3451,#3452,#3453,#3454,#3455,#3456,#3457,#3458,#3459,
#3460));
#2444=PLANE('',#2445);
#2445=AXIS2_PLACEMENT_3D('',#2446,#2447,#2448);
#2446=CARTESIAN_POINT('',(-0.4,3.13554221128114,-5.45));
#2447=DIRECTION('',(-1.,0.,0.));
#2448=DIRECTION('',(0.,-1.,0.));
#2449=FACE_BOUND('',#2450,.T.);
#2450=EDGE_LOOP('',(#3461,#3462,#3463,#3464,#3465,#3466,#3467,#3468,#3469,#3470,
#3471));
#2451=PLANE('',#2452);
#2452=AXIS2_PLACEMENT_3D('',#2453,#2454,#2455);
#2453=CARTESIAN_POINT('',(0.4,2.93554221128114,-5.45));
#2454=DIRECTION('',(1.,0.,0.));
#2455=DIRECTION('',(0.,1.,0.));
#2456=FACE_BOUND('',#2457,.T.);
#2457=EDGE_LOOP('',(#3472,#3473,#3474,#3475));
#2458=PLANE('',#2459);
#2459=AXIS2_PLACEMENT_3D('',#2460,#2461,#2462);
#2460=CARTESIAN_POINT('',(-0.4,2.93554221128114,-5.45));
#2461=DIRECTION('',(0.,-0.914917801572932,-0.403640206576294));
#2462=DIRECTION('',(1.,0.,0.));
#2463=FACE_OUTER_BOUND('',#2464,.T.);
#2464=EDGE_LOOP('',(#3476));
#2465=FACE_OUTER_BOUND('',#2466,.T.);
#2466=EDGE_LOOP('',(#3477));
#2467=CYLINDRICAL_SURFACE('',#2468,1.5);
#2468=AXIS2_PLACEMENT_3D('',#2469,#2470,#2471);
#2469=CARTESIAN_POINT('',(0.,0.,0.25));
#2470=DIRECTION('',(0.,0.,-1.));
#2471=DIRECTION('',(-1.,0.,0.));
#2472=FACE_OUTER_BOUND('',#2473,.T.);
#2473=EDGE_LOOP('',(#3478));
#2474=FACE_OUTER_BOUND('',#2475,.T.);
#2475=EDGE_LOOP('',(#3479));
#2476=CYLINDRICAL_SURFACE('',#2477,0.65);
#2477=AXIS2_PLACEMENT_3D('',#2478,#2479,#2480);
#2478=CARTESIAN_POINT('',(0.,0.,3.05));
#2479=DIRECTION('',(0.,0.,-1.));
#2480=DIRECTION('',(-1.,0.,0.));
#2481=FACE_BOUND('',#2482,.T.);
#2482=EDGE_LOOP('',(#3480,#3481,#3482,#3483));
#2483=PLANE('',#2484);
#2484=AXIS2_PLACEMENT_3D('',#2485,#2486,#2487);
#2485=CARTESIAN_POINT('',(0.,0.,-7.15));
#2486=DIRECTION('',(-0.,0.,-1.));
#2487=DIRECTION('',(-1.,0.,0.));
#2488=FACE_BOUND('',#2489,.T.);
#2489=EDGE_LOOP('',(#3484,#3485,#3486,#3487));
#2490=PLANE('',#2491);
#2491=AXIS2_PLACEMENT_3D('',#2492,#2493,#2494);
#2492=CARTESIAN_POINT('',(0.4,2.93554221128114,-5.45));
#2493=DIRECTION('',(0.,-0.914917801572932,0.403640206576294));
#2494=DIRECTION('',(-1.,0.,0.));
#2495=FACE_BOUND('',#2496,.T.);
#2496=EDGE_LOOP('',(#3488));
#2497=FACE_BOUND('',#2498,.T.);
#2498=EDGE_LOOP('',(#3489));
#2499=PLANE('',#2500);
#2500=AXIS2_PLACEMENT_3D('',#2501,#2502,#2503);
#2501=CARTESIAN_POINT('',(0.,0.,-0.05));
#2502=DIRECTION('',(-0.,0.,-1.));
#2503=DIRECTION('',(-1.,-0.,0.));
#2504=FACE_OUTER_BOUND('',#2505,.T.);
#2505=EDGE_LOOP('',(#3490));
#2506=FACE_OUTER_BOUND('',#2507,.T.);
#2507=EDGE_LOOP('',(#3491));
#2508=TOROIDAL_SURFACE('',#2509,0.85,0.2);
#2509=AXIS2_PLACEMENT_3D('',#2510,#2511,#2512);
#2510=CARTESIAN_POINT('',(0.,0.,0.15));
#2511=DIRECTION('',(-0.,0.,-1.));
#2512=DIRECTION('',(-1.,0.,0.));
#2513=FACE_OUTER_BOUND('',#2514,.T.);
#2514=EDGE_LOOP('',(#3492));
#2515=FACE_OUTER_BOUND('',#2516,.T.);
#2516=EDGE_LOOP('',(#3493));
#2517=TOROIDAL_SURFACE('',#2518,1.45,0.2);
#2518=AXIS2_PLACEMENT_3D('',#2519,#2520,#2521);
#2519=CARTESIAN_POINT('',(0.,0.,0.15));
#2520=DIRECTION('',(-0.,0.,-1.));
#2521=DIRECTION('',(-1.,0.,0.));
#2522=FACE_BOUND('',#2523,.T.);
#2523=EDGE_LOOP('',(#3494));
#2524=FACE_BOUND('',#2525,.T.);
#2525=EDGE_LOOP('',(#3495));
#2526=PLANE('',#2527);
#2527=AXIS2_PLACEMENT_3D('',#2528,#2529,#2530);
#2528=CARTESIAN_POINT('',(0.,0.,-0.05));
#2529=DIRECTION('',(-0.,0.,-1.));
#2530=DIRECTION('',(-1.,-0.,0.));
#2531=FACE_OUTER_BOUND('',#2532,.T.);
#2532=EDGE_LOOP('',(#3496));
#2533=FACE_OUTER_BOUND('',#2534,.T.);
#2534=EDGE_LOOP('',(#3497));
#2535=CYLINDRICAL_SURFACE('',#2536,1.25);
#2536=AXIS2_PLACEMENT_3D('',#2537,#2538,#2539);
#2537=CARTESIAN_POINT('',(0.,0.,0.2));
#2538=DIRECTION('',(0.,0.,-1.));
#2539=DIRECTION('',(-1.,0.,0.));
#2540=FACE_OUTER_BOUND('',#2541,.T.);
#2541=EDGE_LOOP('',(#3498));
#2542=FACE_OUTER_BOUND('',#2543,.T.);
#2543=EDGE_LOOP('',(#3499));
#2544=CYLINDRICAL_SURFACE('',#2545,0.9);
#2545=AXIS2_PLACEMENT_3D('',#2546,#2547,#2548);
#2546=CARTESIAN_POINT('',(0.,0.,0.2));
#2547=DIRECTION('',(0.,0.,-1.));
#2548=DIRECTION('',(-1.,0.,0.));
#2549=FACE_BOUND('',#2550,.T.);
#2550=EDGE_LOOP('',(#3500));
#2551=FACE_BOUND('',#2552,.T.);
#2552=EDGE_LOOP('',(#3501));
#2553=PLANE('',#2554);
#2554=AXIS2_PLACEMENT_3D('',#2555,#2556,#2557);
#2555=CARTESIAN_POINT('',(0.,0.,0.2));
#2556=DIRECTION('',(-0.,0.,-1.));
#2557=DIRECTION('',(-1.,-0.,0.));
#2558=FACE_BOUND('',#2559,.T.);
#2559=EDGE_LOOP('',(#3502,#3503,#3504,#3505));
#2560=CYLINDRICAL_SURFACE('',#2561,0.3);
#2561=AXIS2_PLACEMENT_3D('',#2562,#2563,#2564);
#2562=CARTESIAN_POINT('',(4.2,-4.,1.05));
#2563=DIRECTION('',(-1.,-0.,-0.));
#2564=DIRECTION('',(0.,-1.,-7.40148683083438E-016));
#2565=FACE_BOUND('',#2566,.T.);
#2566=EDGE_LOOP('',(#3506,#3507,#3508,#3509));
#2567=CYLINDRICAL_SURFACE('',#2568,0.3);
#2568=AXIS2_PLACEMENT_3D('',#2569,#2570,#2571);
#2569=CARTESIAN_POINT('',(4.2,-4.,-1.55));
#2570=DIRECTION('',(-1.,-0.,-0.));
#2571=DIRECTION('',(0.,0.,-1.));
#2572=FACE_BOUND('',#2573,.T.);
#2573=EDGE_LOOP('',(#3510,#3511,#3512,#3513));
#2574=CYLINDRICAL_SURFACE('',#2575,0.3);
#2575=AXIS2_PLACEMENT_3D('',#2576,#2577,#2578);
#2576=CARTESIAN_POINT('',(4.2,-3.11445778871886,-2.15));
#2577=DIRECTION('',(1.,0.,0.));
#2578=DIRECTION('',(0.,1.,0.));
#2579=FACE_BOUND('',#2580,.T.);
#2580=EDGE_LOOP('',(#3514,#3515,#3516,#3517));
#2581=CYLINDRICAL_SURFACE('',#2582,0.3);
#2582=AXIS2_PLACEMENT_3D('',#2583,#2584,#2585);
#2583=CARTESIAN_POINT('',(4.2,-2.91445778871886,-1.95));
#2584=DIRECTION('',(-1.,-0.,-0.));
#2585=DIRECTION('',(0.,0.,1.));
#2586=FACE_BOUND('',#2587,.T.);
#2587=EDGE_LOOP('',(#3518,#3519,#3520,#3521));
#2588=CYLINDRICAL_SURFACE('',#2589,0.3);
#2589=AXIS2_PLACEMENT_3D('',#2590,#2591,#2592);
#2590=CARTESIAN_POINT('',(-0.2,-3.8,-1.35));
#2591=DIRECTION('',(-1.,0.,0.));
#2592=DIRECTION('',(0.,0.,-1.));
#2593=FACE_BOUND('',#2594,.T.);
#2594=EDGE_LOOP('',(#3522,#3523,#3524,#3525));
#2595=CYLINDRICAL_SURFACE('',#2596,0.3);
#2596=AXIS2_PLACEMENT_3D('',#2597,#2598,#2599);
#2597=CARTESIAN_POINT('',(-0.2,-3.8,0.85));
#2598=DIRECTION('',(-1.,0.,0.));
#2599=DIRECTION('',(0.,-1.,0.));
#2600=FACE_BOUND('',#2601,.T.);
#2601=EDGE_LOOP('',(#3526,#3527,#3528,#3529));
#2602=CYLINDRICAL_SURFACE('',#2603,0.3);
#2603=AXIS2_PLACEMENT_3D('',#2604,#2605,#2606);
#2604=CARTESIAN_POINT('',(0.2,-4.,1.05));
#2605=DIRECTION('',(-1.,-0.,-0.));
#2606=DIRECTION('',(0.,-1.,0.));
#2607=FACE_BOUND('',#2608,.T.);
#2608=EDGE_LOOP('',(#3530,#3531,#3532,#3533));
#2609=CYLINDRICAL_SURFACE('',#2610,0.3);
#2610=AXIS2_PLACEMENT_3D('',#2611,#2612,#2613);
#2611=CARTESIAN_POINT('',(-4.2,-3.8,0.85));
#2612=DIRECTION('',(-1.,0.,0.));
#2613=DIRECTION('',(0.,-1.,0.));
#2614=FACE_BOUND('',#2615,.T.);
#2615=EDGE_LOOP('',(#3534,#3535,#3536,#3537));
#2616=CYLINDRICAL_SURFACE('',#2617,0.3);
#2617=AXIS2_PLACEMENT_3D('',#2618,#2619,#2620);
#2618=CARTESIAN_POINT('',(0.2,-4.,-1.55));
#2619=DIRECTION('',(-1.,-0.,-0.));
#2620=DIRECTION('',(0.,0.,-1.));
#2621=FACE_BOUND('',#2622,.T.);
#2622=EDGE_LOOP('',(#3538,#3539,#3540,#3541));
#2623=CYLINDRICAL_SURFACE('',#2624,0.3);
#2624=AXIS2_PLACEMENT_3D('',#2625,#2626,#2627);
#2625=CARTESIAN_POINT('',(0.2,-3.11445778871886,-2.15));
#2626=DIRECTION('',(1.,0.,0.));
#2627=DIRECTION('',(0.,1.,0.));
#2628=FACE_BOUND('',#2629,.T.);
#2629=EDGE_LOOP('',(#3542,#3543,#3544,#3545));
#2630=CYLINDRICAL_SURFACE('',#2631,0.3);
#2631=AXIS2_PLACEMENT_3D('',#2632,#2633,#2634);
#2632=CARTESIAN_POINT('',(0.200000000000001,-2.91445778871886,-1.95));
#2633=DIRECTION('',(-1.,-0.,-0.));
#2634=DIRECTION('',(0.,0.,1.));
#2635=FACE_BOUND('',#2636,.T.);
#2636=EDGE_LOOP('',(#3546,#3547,#3548,#3549));
#2637=CYLINDRICAL_SURFACE('',#2638,0.3);
#2638=AXIS2_PLACEMENT_3D('',#2639,#2640,#2641);
#2639=CARTESIAN_POINT('',(-4.2,-3.8,-1.35));
#2640=DIRECTION('',(-1.,0.,0.));
#2641=DIRECTION('',(0.,0.,-1.));
#2642=FACE_BOUND('',#2643,.T.);
#2643=EDGE_LOOP('',(#3550,#3551,#3552,#3553));
#2644=CYLINDRICAL_SURFACE('',#2645,0.3);
#2645=AXIS2_PLACEMENT_3D('',#2646,#2647,#2648);
#2646=CARTESIAN_POINT('',(4.2,-3.03655947972953,-5.45));
#2647=DIRECTION('',(-1.,-0.,-0.));
#2648=DIRECTION('',(0.,-0.914917801572932,-0.403640206576294));
#2649=FACE_BOUND('',#2650,.T.);
#2650=EDGE_LOOP('',(#3554,#3555,#3556,#3557));
#2651=CYLINDRICAL_SURFACE('',#2652,0.3);
#2652=AXIS2_PLACEMENT_3D('',#2653,#2654,#2655);
#2653=CARTESIAN_POINT('',(4.2,-3.11445778871886,-3.68676383295752));
#2654=DIRECTION('',(1.,0.,1.00929365875014E-016));
#2655=DIRECTION('',(4.07391500914052E-017,0.914917801572932,-0.403640206576295));
#2656=FACE_BOUND('',#2657,.T.);
#2657=EDGE_LOOP('',(#3558,#3559,#3560,#3561));
#2658=CYLINDRICAL_SURFACE('',#2659,0.3);
#2659=AXIS2_PLACEMENT_3D('',#2660,#2661,#2662);
#2660=CARTESIAN_POINT('',(1.,-3.23655947972953,-5.45));
#2661=DIRECTION('',(-1.,0.,0.));
#2662=DIRECTION('',(0.,-0.914917801572932,-0.403640206576293));
#2663=FACE_BOUND('',#2664,.T.);
#2664=EDGE_LOOP('',(#3562,#3563,#3564,#3565));
#2665=CYLINDRICAL_SURFACE('',#2666,0.3);
#2666=AXIS2_PLACEMENT_3D('',#2667,#2668,#2669);
#2667=CARTESIAN_POINT('',(0.199999999999999,-3.11445778871886,-3.68676383295752));
#2668=DIRECTION('',(1.,0.,0.));
#2669=DIRECTION('',(0.,0.914917801572932,-0.403640206576293));
#2670=FACE_BOUND('',#2671,.T.);
#2671=EDGE_LOOP('',(#3566,#3567,#3568));
#2672=PLANE('',#2673);
#2673=AXIS2_PLACEMENT_3D('',#2674,#2675,#2676);
#2674=CARTESIAN_POINT('',(2.2,-2.61445778871886,-3.75));
#2675=DIRECTION('',(1.,-2.83464777809451E-015,-6.4252016303475E-015));
#2676=DIRECTION('',(-7.02270916502146E-015,-0.403640206576297,-0.914917801572931));
#2677=FACE_BOUND('',#2678,.T.);
#2678=EDGE_LOOP('',(#3569,#3570,#3571,#3572));
#2679=CYLINDRICAL_SURFACE('',#2680,0.3);
#2680=AXIS2_PLACEMENT_3D('',#2681,#2682,#2683);
#2681=CARTESIAN_POINT('',(-0.2,-2.91445778871886,-3.68676383295752));
#2682=DIRECTION('',(1.,-0.,-2.01858731750028E-016));
#2683=DIRECTION('',(-8.14783001828109E-017,0.91491780157293,-0.403640206576297));
#2684=FACE_BOUND('',#2685,.T.);
#2685=EDGE_LOOP('',(#3573,#3574,#3575));
#2686=PLANE('',#2687);
#2687=AXIS2_PLACEMENT_3D('',#2688,#2689,#2690);
#2688=CARTESIAN_POINT('',(-2.2,-2.61445778871886,-3.75));
#2689=DIRECTION('',(-1.,-5.66929555618896E-015,-1.28504032606949E-014));
#2690=DIRECTION('',(1.40454183300428E-014,-0.403640206576294,-0.914917801572932));
#2691=FACE_BOUND('',#2692,.T.);
#2692=EDGE_LOOP('',(#3576,#3577,#3578,#3579));
#2693=CYLINDRICAL_SURFACE('',#2694,0.3);
#2694=AXIS2_PLACEMENT_3D('',#2695,#2696,#2697);
#2695=CARTESIAN_POINT('',(-4.2,-2.91445778871886,-3.68676383295752));
#2696=DIRECTION('',(1.,-0.,-2.01858731750028E-016));
#2697=DIRECTION('',(-8.14783001828105E-017,0.914917801572931,-0.403640206576296));
#2698=FACE_BOUND('',#2699,.T.);
#2699=EDGE_LOOP('',(#3580,#3581,#3582,#3583));
#2700=CYLINDRICAL_SURFACE('',#2701,0.3);
#2701=AXIS2_PLACEMENT_3D('',#2702,#2703,#2704);
#2702=CARTESIAN_POINT('',(-1.,-3.03655947972953,-5.45));
#2703=DIRECTION('',(-1.,-0.,-0.));
#2704=DIRECTION('',(0.,-0.914917801572932,-0.403640206576294));
#2705=FACE_BOUND('',#2706,.T.);
#2706=EDGE_LOOP('',(#3584,#3585,#3586,#3587));
#2707=CYLINDRICAL_SURFACE('',#2708,0.3);
#2708=AXIS2_PLACEMENT_3D('',#2709,#2710,#2711);
#2709=CARTESIAN_POINT('',(-4.2,-3.23655947972953,-5.45));
#2710=DIRECTION('',(-1.,0.,0.));
#2711=DIRECTION('',(0.,-0.914917801572932,-0.403640206576293));
#2712=FACE_BOUND('',#2713,.T.);
#2713=EDGE_LOOP('',(#3588,#3589,#3590,#3591));
#2714=CYLINDRICAL_SURFACE('',#2715,0.3);
#2715=AXIS2_PLACEMENT_3D('',#2716,#2717,#2718);
#2716=CARTESIAN_POINT('',(-1.6,2.68554221128114,-3.68676383295752));
#2717=DIRECTION('',(-1.,0.,0.));
#2718=DIRECTION('',(0.,-0.914917801572932,-0.403640206576295));
#2719=FACE_BOUND('',#2720,.T.);
#2720=EDGE_LOOP('',(#3592,#3593,#3594,#3595));
#2721=CYLINDRICAL_SURFACE('',#2722,0.3);
#2722=AXIS2_PLACEMENT_3D('',#2723,#2724,#2725);
#2723=CARTESIAN_POINT('',(1.6,2.80764390229181,-5.45));
#2724=DIRECTION('',(1.,0.,0.));
#2725=DIRECTION('',(0.,0.914917801572932,-0.403640206576293));
#2726=FACE_BOUND('',#2727,.T.);
#2727=EDGE_LOOP('',(#3596,#3597,#3598));
#2728=PLANE('',#2729);
#2729=AXIS2_PLACEMENT_3D('',#2730,#2731,#2732);
#2730=CARTESIAN_POINT('',(0.4,2.18554221128114,-3.75));
#2731=DIRECTION('',(-1.,-3.54330972261815E-016,8.03150203793447E-016));
#2732=DIRECTION('',(-8.7783864562769E-016,0.403640206576294,-0.914917801572932));
#2733=FACE_BOUND('',#2734,.T.);
#2734=EDGE_LOOP('',(#3599,#3600,#3601));
#2735=PLANE('',#2736);
#2736=AXIS2_PLACEMENT_3D('',#2737,#2738,#2739);
#2737=CARTESIAN_POINT('',(-0.4,2.18554221128114,-3.75));
#2738=DIRECTION('',(1.,-3.54330972261814E-016,8.03150203793438E-016));
#2739=DIRECTION('',(8.77838645627682E-016,0.403640206576297,-0.914917801572931));
#2740=FACE_BOUND('',#2741,.T.);
#2741=EDGE_LOOP('',(#3602,#3603,#3604,#3605));
#2742=CYLINDRICAL_SURFACE('',#2743,0.3);
#2743=AXIS2_PLACEMENT_3D('',#2744,#2745,#2746);
#2744=CARTESIAN_POINT('',(-1.6,2.48554221128114,-3.68676383295752));
#2745=DIRECTION('',(-1.,-1.38777878078145E-016,-1.38777878078145E-016));
#2746=DIRECTION('',(1.82986682493894E-016,-0.914917801572933,-0.403640206576292));
#2747=FACE_BOUND('',#2748,.T.);
#2748=EDGE_LOOP('',(#3606,#3607,#3608,#3609));
#2749=CYLINDRICAL_SURFACE('',#2750,0.3);
#2750=AXIS2_PLACEMENT_3D('',#2751,#2752,#2753);
#2751=CARTESIAN_POINT('',(-1.6,2.60764390229181,-5.45));
#2752=DIRECTION('',(1.,-0.,-0.));
#2753=DIRECTION('',(0.,0.914917801572932,-0.403640206576293));
#2754=ORIENTED_EDGE('',*,*,#3610,.T.);
#2755=ORIENTED_EDGE('',*,*,#3611,.T.);
#2756=ORIENTED_EDGE('',*,*,#3612,.T.);
#2757=ORIENTED_EDGE('',*,*,#3613,.T.);
#2758=ORIENTED_EDGE('',*,*,#3614,.T.);
#2759=ORIENTED_EDGE('',*,*,#3615,.T.);
#2760=ORIENTED_EDGE('',*,*,#3616,.T.);
#2761=ORIENTED_EDGE('',*,*,#3617,.T.);
#2762=ORIENTED_EDGE('',*,*,#3618,.T.);
#2763=ORIENTED_EDGE('',*,*,#3619,.T.);
#2764=ORIENTED_EDGE('',*,*,#3620,.T.);
#2765=ORIENTED_EDGE('',*,*,#3621,.T.);
#2766=ORIENTED_EDGE('',*,*,#3622,.T.);
#2767=ORIENTED_EDGE('',*,*,#3623,.F.);
#2768=ORIENTED_EDGE('',*,*,#3624,.F.);
#2769=ORIENTED_EDGE('',*,*,#3625,.F.);
#2770=ORIENTED_EDGE('',*,*,#3626,.T.);
#2771=ORIENTED_EDGE('',*,*,#3627,.F.);
#2772=ORIENTED_EDGE('',*,*,#3628,.F.);
#2773=ORIENTED_EDGE('',*,*,#3629,.F.);
#2774=ORIENTED_EDGE('',*,*,#3630,.F.);
#2775=ORIENTED_EDGE('',*,*,#3631,.F.);
#2776=ORIENTED_EDGE('',*,*,#3632,.F.);
#2777=ORIENTED_EDGE('',*,*,#3633,.F.);
#2778=ORIENTED_EDGE('',*,*,#3634,.F.);
#2779=ORIENTED_EDGE('',*,*,#3635,.F.);
#2780=ORIENTED_EDGE('',*,*,#3636,.T.);
#2781=ORIENTED_EDGE('',*,*,#3637,.T.);
#2782=ORIENTED_EDGE('',*,*,#3638,.T.);
#2783=ORIENTED_EDGE('',*,*,#3639,.F.);
#2784=ORIENTED_EDGE('',*,*,#3640,.F.);
#2785=ORIENTED_EDGE('',*,*,#3641,.F.);
#2786=ORIENTED_EDGE('',*,*,#3642,.T.);
#2787=ORIENTED_EDGE('',*,*,#3643,.F.);
#2788=ORIENTED_EDGE('',*,*,#3644,.F.);
#2789=ORIENTED_EDGE('',*,*,#3645,.F.);
#2790=ORIENTED_EDGE('',*,*,#3646,.F.);
#2791=ORIENTED_EDGE('',*,*,#3647,.F.);
#2792=ORIENTED_EDGE('',*,*,#3648,.F.);
#2793=ORIENTED_EDGE('',*,*,#3649,.F.);
#2794=ORIENTED_EDGE('',*,*,#3650,.F.);
#2795=ORIENTED_EDGE('',*,*,#3651,.F.);
#2796=ORIENTED_EDGE('',*,*,#3652,.F.);
#2797=ORIENTED_EDGE('',*,*,#3653,.T.);
#2798=ORIENTED_EDGE('',*,*,#3654,.T.);
#2799=ORIENTED_EDGE('',*,*,#3655,.T.);
#2800=ORIENTED_EDGE('',*,*,#3656,.T.);
#2801=ORIENTED_EDGE('',*,*,#3657,.F.);
#2802=ORIENTED_EDGE('',*,*,#3613,.F.);
#2803=ORIENTED_EDGE('',*,*,#3658,.F.);
#2804=ORIENTED_EDGE('',*,*,#3615,.F.);
#2805=ORIENTED_EDGE('',*,*,#3659,.F.);
#2806=ORIENTED_EDGE('',*,*,#3660,.F.);
#2807=ORIENTED_EDGE('',*,*,#3661,.T.);
#2808=ORIENTED_EDGE('',*,*,#3662,.T.);
#2809=ORIENTED_EDGE('',*,*,#3663,.T.);
#2810=ORIENTED_EDGE('',*,*,#3664,.F.);
#2811=ORIENTED_EDGE('',*,*,#3619,.F.);
#2812=ORIENTED_EDGE('',*,*,#3665,.F.);
#2813=ORIENTED_EDGE('',*,*,#3666,.T.);
#2814=ORIENTED_EDGE('',*,*,#3667,.T.);
#2815=ORIENTED_EDGE('',*,*,#3668,.T.);
#2816=ORIENTED_EDGE('',*,*,#3669,.T.);
#2817=ORIENTED_EDGE('',*,*,#3670,.F.);
#2818=ORIENTED_EDGE('',*,*,#3671,.F.);
#2819=ORIENTED_EDGE('',*,*,#3672,.T.);
#2820=ORIENTED_EDGE('',*,*,#3673,.T.);
#2821=ORIENTED_EDGE('',*,*,#3674,.T.);
#2822=ORIENTED_EDGE('',*,*,#3675,.F.);
#2823=ORIENTED_EDGE('',*,*,#3617,.F.);
#2824=ORIENTED_EDGE('',*,*,#3676,.T.);
#2825=ORIENTED_EDGE('',*,*,#3635,.T.);
#2826=ORIENTED_EDGE('',*,*,#3677,.T.);
#2827=ORIENTED_EDGE('',*,*,#3654,.F.);
#2828=ORIENTED_EDGE('',*,*,#3678,.T.);
#2829=ORIENTED_EDGE('',*,*,#3673,.F.);
#2830=ORIENTED_EDGE('',*,*,#3679,.T.);
#2831=ORIENTED_EDGE('',*,*,#3623,.T.);
#2832=ORIENTED_EDGE('',*,*,#3680,.T.);
#2833=ORIENTED_EDGE('',*,*,#3651,.T.);
#2834=ORIENTED_EDGE('',*,*,#3681,.T.);
#2835=ORIENTED_EDGE('',*,*,#3667,.F.);
#2836=ORIENTED_EDGE('',*,*,#3682,.T.);
#2837=ORIENTED_EDGE('',*,*,#3662,.F.);
#2838=ORIENTED_EDGE('',*,*,#3683,.T.);
#2839=ORIENTED_EDGE('',*,*,#3639,.T.);
#2840=ORIENTED_EDGE('',*,*,#3637,.F.);
#2841=ORIENTED_EDGE('',*,*,#3684,.T.);
#2842=ORIENTED_EDGE('',*,*,#3621,.F.);
#2843=ORIENTED_EDGE('',*,*,#3685,.T.);
#2844=ORIENTED_EDGE('',*,*,#3674,.F.);
#2845=ORIENTED_EDGE('',*,*,#3678,.F.);
#2846=ORIENTED_EDGE('',*,*,#3622,.F.);
#2847=ORIENTED_EDGE('',*,*,#3685,.F.);
#2848=ORIENTED_EDGE('',*,*,#3620,.F.);
#2849=ORIENTED_EDGE('',*,*,#3676,.F.);
#2850=ORIENTED_EDGE('',*,*,#3653,.F.);
#2851=ORIENTED_EDGE('',*,*,#3686,.F.);
#2852=ORIENTED_EDGE('',*,*,#3687,.F.);
#2853=ORIENTED_EDGE('',*,*,#3663,.F.);
#2854=ORIENTED_EDGE('',*,*,#3682,.F.);
#2855=ORIENTED_EDGE('',*,*,#3638,.F.);
#2856=ORIENTED_EDGE('',*,*,#3684,.F.);
#2857=ORIENTED_EDGE('',*,*,#3636,.F.);
#2858=ORIENTED_EDGE('',*,*,#3680,.F.);
#2859=ORIENTED_EDGE('',*,*,#3666,.F.);
#2860=ORIENTED_EDGE('',*,*,#3688,.F.);
#2861=ORIENTED_EDGE('',*,*,#3611,.F.);
#2862=ORIENTED_EDGE('',*,*,#3689,.T.);
#2863=ORIENTED_EDGE('',*,*,#3690,.T.);
#2864=ORIENTED_EDGE('',*,*,#3691,.T.);
#2865=ORIENTED_EDGE('',*,*,#3692,.T.);
#2866=ORIENTED_EDGE('',*,*,#3693,.T.);
#2867=ORIENTED_EDGE('',*,*,#3610,.F.);
#2868=ORIENTED_EDGE('',*,*,#3694,.F.);
#2869=ORIENTED_EDGE('',*,*,#3656,.F.);
#2870=ORIENTED_EDGE('',*,*,#3695,.T.);
#2871=ORIENTED_EDGE('',*,*,#3696,.T.);
#2872=ORIENTED_EDGE('',*,*,#3697,.T.);
#2873=ORIENTED_EDGE('',*,*,#3660,.T.);
#2874=ORIENTED_EDGE('',*,*,#3698,.F.);
#2875=ORIENTED_EDGE('',*,*,#3669,.F.);
#2876=ORIENTED_EDGE('',*,*,#3699,.T.);
#2877=ORIENTED_EDGE('',*,*,#3700,.T.);
#2878=ORIENTED_EDGE('',*,*,#3701,.T.);
#2879=ORIENTED_EDGE('',*,*,#3671,.T.);
#2880=ORIENTED_EDGE('',*,*,#3702,.F.);
#2881=ORIENTED_EDGE('',*,*,#3681,.F.);
#2882=ORIENTED_EDGE('',*,*,#3650,.T.);
#2883=ORIENTED_EDGE('',*,*,#3703,.T.);
#2884=ORIENTED_EDGE('',*,*,#3624,.T.);
#2885=ORIENTED_EDGE('',*,*,#3679,.F.);
#2886=ORIENTED_EDGE('',*,*,#3704,.F.);
#2887=ORIENTED_EDGE('',*,*,#3705,.F.);
#2888=ORIENTED_EDGE('',*,*,#3703,.F.);
#2889=ORIENTED_EDGE('',*,*,#3649,.T.);
#2890=ORIENTED_EDGE('',*,*,#3706,.T.);
#2891=ORIENTED_EDGE('',*,*,#3625,.T.);
#2892=ORIENTED_EDGE('',*,*,#3707,.F.);
#2893=ORIENTED_EDGE('',*,*,#3626,.F.);
#2894=ORIENTED_EDGE('',*,*,#3706,.F.);
#2895=ORIENTED_EDGE('',*,*,#3648,.T.);
#2896=ORIENTED_EDGE('',*,*,#3708,.T.);
#2897=ORIENTED_EDGE('',*,*,#3709,.T.);
#2898=ORIENTED_EDGE('',*,*,#3710,.T.);
#2899=ORIENTED_EDGE('',*,*,#3711,.T.);
#2900=ORIENTED_EDGE('',*,*,#3627,.T.);
#2901=ORIENTED_EDGE('',*,*,#3707,.T.);
#2902=ORIENTED_EDGE('',*,*,#3647,.T.);
#2903=ORIENTED_EDGE('',*,*,#3712,.T.);
#2904=ORIENTED_EDGE('',*,*,#3713,.T.);
#2905=ORIENTED_EDGE('',*,*,#3714,.T.);
#2906=ORIENTED_EDGE('',*,*,#3643,.T.);
#2907=ORIENTED_EDGE('',*,*,#3715,.T.);
#2908=ORIENTED_EDGE('',*,*,#3631,.T.);
#2909=ORIENTED_EDGE('',*,*,#3716,.T.);
#2910=ORIENTED_EDGE('',*,*,#3717,.T.);
#2911=ORIENTED_EDGE('',*,*,#3718,.T.);
#2912=ORIENTED_EDGE('',*,*,#3628,.T.);
#2913=ORIENTED_EDGE('',*,*,#3718,.F.);
#2914=ORIENTED_EDGE('',*,*,#3719,.F.);
#2915=ORIENTED_EDGE('',*,*,#3720,.F.);
#2916=ORIENTED_EDGE('',*,*,#3629,.T.);
#2917=ORIENTED_EDGE('',*,*,#3720,.T.);
#2918=ORIENTED_EDGE('',*,*,#3721,.T.);
#2919=ORIENTED_EDGE('',*,*,#3722,.T.);
#2920=ORIENTED_EDGE('',*,*,#3630,.T.);
#2921=ORIENTED_EDGE('',*,*,#3722,.F.);
#2922=ORIENTED_EDGE('',*,*,#3723,.T.);
#2923=ORIENTED_EDGE('',*,*,#3716,.F.);
#2924=ORIENTED_EDGE('',*,*,#3715,.F.);
#2925=ORIENTED_EDGE('',*,*,#3642,.F.);
#2926=ORIENTED_EDGE('',*,*,#3724,.F.);
#2927=ORIENTED_EDGE('',*,*,#3632,.T.);
#2928=ORIENTED_EDGE('',*,*,#3725,.F.);
#2929=ORIENTED_EDGE('',*,*,#3633,.T.);
#2930=ORIENTED_EDGE('',*,*,#3724,.T.);
#2931=ORIENTED_EDGE('',*,*,#3641,.T.);
#2932=ORIENTED_EDGE('',*,*,#3726,.F.);
#2933=ORIENTED_EDGE('',*,*,#3677,.F.);
#2934=ORIENTED_EDGE('',*,*,#3634,.T.);
#2935=ORIENTED_EDGE('',*,*,#3725,.T.);
#2936=ORIENTED_EDGE('',*,*,#3640,.T.);
#2937=ORIENTED_EDGE('',*,*,#3683,.F.);
#2938=ORIENTED_EDGE('',*,*,#3727,.F.);
#2939=ORIENTED_EDGE('',*,*,#3728,.F.);
#2940=ORIENTED_EDGE('',*,*,#3644,.T.);
#2941=ORIENTED_EDGE('',*,*,#3714,.F.);
#2942=ORIENTED_EDGE('',*,*,#3729,.F.);
#2943=ORIENTED_EDGE('',*,*,#3730,.F.);
#2944=ORIENTED_EDGE('',*,*,#3645,.T.);
#2945=ORIENTED_EDGE('',*,*,#3730,.T.);
#2946=ORIENTED_EDGE('',*,*,#3731,.T.);
#2947=ORIENTED_EDGE('',*,*,#3732,.T.);
#2948=ORIENTED_EDGE('',*,*,#3646,.T.);
#2949=ORIENTED_EDGE('',*,*,#3732,.F.);
#2950=ORIENTED_EDGE('',*,*,#3733,.T.);
#2951=ORIENTED_EDGE('',*,*,#3712,.F.);
#2952=ORIENTED_EDGE('',*,*,#3734,.F.);
#2953=ORIENTED_EDGE('',*,*,#3691,.F.);
#2954=ORIENTED_EDGE('',*,*,#3735,.F.);
#2955=ORIENTED_EDGE('',*,*,#3736,.T.);
#2956=ORIENTED_EDGE('',*,*,#3708,.F.);
#2957=ORIENTED_EDGE('',*,*,#3737,.F.);
#2958=ORIENTED_EDGE('',*,*,#3734,.T.);
#2959=ORIENTED_EDGE('',*,*,#3738,.F.);
#2960=ORIENTED_EDGE('',*,*,#3739,.T.);
#2961=ORIENTED_EDGE('',*,*,#3693,.F.);
#2962=ORIENTED_EDGE('',*,*,#3692,.F.);
#2963=ORIENTED_EDGE('',*,*,#3739,.F.);
#2964=ORIENTED_EDGE('',*,*,#3740,.F.);
#2965=ORIENTED_EDGE('',*,*,#3710,.F.);
#2966=ORIENTED_EDGE('',*,*,#3741,.F.);
#2967=ORIENTED_EDGE('',*,*,#3742,.F.);
#2968=ORIENTED_EDGE('',*,*,#3689,.F.);
#2969=ORIENTED_EDGE('',*,*,#3743,.F.);
#2970=ORIENTED_EDGE('',*,*,#3744,.F.);
#2971=ORIENTED_EDGE('',*,*,#3745,.T.);
#2972=ORIENTED_EDGE('',*,*,#3735,.T.);
#2973=ORIENTED_EDGE('',*,*,#3690,.F.);
#2974=ORIENTED_EDGE('',*,*,#3742,.T.);
#2975=ORIENTED_EDGE('',*,*,#3746,.T.);
#2976=ORIENTED_EDGE('',*,*,#3747,.F.);
#2977=ORIENTED_EDGE('',*,*,#3748,.F.);
#2978=ORIENTED_EDGE('',*,*,#3749,.T.);
#2979=ORIENTED_EDGE('',*,*,#3696,.F.);
#2980=ORIENTED_EDGE('',*,*,#3728,.T.);
#2981=ORIENTED_EDGE('',*,*,#3700,.F.);
#2982=ORIENTED_EDGE('',*,*,#3705,.T.);
#2983=ORIENTED_EDGE('',*,*,#3750,.F.);
#2984=ORIENTED_EDGE('',*,*,#3749,.F.);
#2985=ORIENTED_EDGE('',*,*,#3751,.F.);
#2986=ORIENTED_EDGE('',*,*,#3752,.F.);
#2987=ORIENTED_EDGE('',*,*,#3753,.F.);
#2988=ORIENTED_EDGE('',*,*,#3746,.F.);
#2989=ORIENTED_EDGE('',*,*,#3741,.T.);
#2990=ORIENTED_EDGE('',*,*,#3709,.F.);
#2991=ORIENTED_EDGE('',*,*,#3736,.F.);
#2992=ORIENTED_EDGE('',*,*,#3745,.F.);
#2993=ORIENTED_EDGE('',*,*,#3754,.F.);
#2994=ORIENTED_EDGE('',*,*,#3755,.F.);
#2995=ORIENTED_EDGE('',*,*,#3737,.T.);
#2996=ORIENTED_EDGE('',*,*,#3711,.F.);
#2997=ORIENTED_EDGE('',*,*,#3740,.T.);
#2998=ORIENTED_EDGE('',*,*,#3738,.T.);
#2999=ORIENTED_EDGE('',*,*,#3713,.F.);
#3000=ORIENTED_EDGE('',*,*,#3733,.F.);
#3001=ORIENTED_EDGE('',*,*,#3731,.F.);
#3002=ORIENTED_EDGE('',*,*,#3729,.T.);
#3003=ORIENTED_EDGE('',*,*,#3717,.F.);
#3004=ORIENTED_EDGE('',*,*,#3723,.F.);
#3005=ORIENTED_EDGE('',*,*,#3721,.F.);
#3006=ORIENTED_EDGE('',*,*,#3719,.T.);
#3007=ORIENTED_EDGE('',*,*,#3743,.T.);
#3008=ORIENTED_EDGE('',*,*,#3750,.T.);
#3009=ORIENTED_EDGE('',*,*,#3756,.F.);
#3010=ORIENTED_EDGE('',*,*,#3757,.F.);
#3011=ORIENTED_EDGE('',*,*,#3744,.T.);
#3012=ORIENTED_EDGE('',*,*,#3757,.T.);
#3013=ORIENTED_EDGE('',*,*,#3758,.F.);
#3014=ORIENTED_EDGE('',*,*,#3754,.T.);
#3015=ORIENTED_EDGE('',*,*,#3747,.T.);
#3016=ORIENTED_EDGE('',*,*,#3753,.T.);
#3017=ORIENTED_EDGE('',*,*,#3759,.F.);
#3018=ORIENTED_EDGE('',*,*,#3760,.F.);
#3019=ORIENTED_EDGE('',*,*,#3748,.T.);
#3020=ORIENTED_EDGE('',*,*,#3760,.T.);
#3021=ORIENTED_EDGE('',*,*,#3761,.F.);
#3022=ORIENTED_EDGE('',*,*,#3751,.T.);
#3023=ORIENTED_EDGE('',*,*,#3752,.T.);
#3024=ORIENTED_EDGE('',*,*,#3761,.T.);
#3025=ORIENTED_EDGE('',*,*,#3759,.T.);
#3026=ORIENTED_EDGE('',*,*,#3755,.T.);
#3027=ORIENTED_EDGE('',*,*,#3758,.T.);
#3028=ORIENTED_EDGE('',*,*,#3756,.T.);
#3029=ORIENTED_EDGE('',*,*,#3726,.T.);
#3030=ORIENTED_EDGE('',*,*,#3695,.F.);
#3031=ORIENTED_EDGE('',*,*,#3655,.F.);
#3032=ORIENTED_EDGE('',*,*,#3727,.T.);
#3033=ORIENTED_EDGE('',*,*,#3661,.F.);
#3034=ORIENTED_EDGE('',*,*,#3697,.F.);
#3035=ORIENTED_EDGE('',*,*,#3702,.T.);
#3036=ORIENTED_EDGE('',*,*,#3699,.F.);
#3037=ORIENTED_EDGE('',*,*,#3668,.F.);
#3038=ORIENTED_EDGE('',*,*,#3704,.T.);
#3039=ORIENTED_EDGE('',*,*,#3672,.F.);
#3040=ORIENTED_EDGE('',*,*,#3701,.F.);
#3041=ORIENTED_EDGE('',*,*,#3618,.F.);
#3042=ORIENTED_EDGE('',*,*,#3675,.T.);
#3043=ORIENTED_EDGE('',*,*,#3688,.T.);
#3044=ORIENTED_EDGE('',*,*,#3665,.T.);
#3045=ORIENTED_EDGE('',*,*,#3694,.T.);
#3046=ORIENTED_EDGE('',*,*,#3659,.T.);
#3047=ORIENTED_EDGE('',*,*,#3614,.F.);
#3048=ORIENTED_EDGE('',*,*,#3657,.T.);
#3049=ORIENTED_EDGE('',*,*,#3698,.T.);
#3050=ORIENTED_EDGE('',*,*,#3670,.T.);
#3051=ORIENTED_EDGE('',*,*,#3616,.F.);
#3052=ORIENTED_EDGE('',*,*,#3664,.T.);
#3053=ORIENTED_EDGE('',*,*,#3658,.T.);
#3054=ORIENTED_EDGE('',*,*,#3687,.T.);
#3055=ORIENTED_EDGE('',*,*,#3686,.T.);
#3056=ORIENTED_EDGE('',*,*,#3652,.T.);
#3057=ORIENTED_EDGE('',*,*,#3612,.F.);
#3058=ORIENTED_EDGE('',*,*,#3762,.F.);
#3059=ORIENTED_EDGE('',*,*,#3763,.F.);
#3060=ORIENTED_EDGE('',*,*,#3764,.F.);
#3061=ORIENTED_EDGE('',*,*,#3765,.F.);
#3062=ORIENTED_EDGE('',*,*,#3766,.F.);
#3063=ORIENTED_EDGE('',*,*,#3767,.F.);
#3064=ORIENTED_EDGE('',*,*,#3768,.F.);
#3065=ORIENTED_EDGE('',*,*,#3769,.T.);
#3066=ORIENTED_EDGE('',*,*,#3770,.T.);
#3067=ORIENTED_EDGE('',*,*,#3771,.F.);
#3068=ORIENTED_EDGE('',*,*,#3772,.T.);
#3069=ORIENTED_EDGE('',*,*,#3773,.F.);
#3070=ORIENTED_EDGE('',*,*,#3774,.T.);
#3071=ORIENTED_EDGE('',*,*,#3775,.F.);
#3072=ORIENTED_EDGE('',*,*,#3776,.T.);
#3073=ORIENTED_EDGE('',*,*,#3777,.F.);
#3074=ORIENTED_EDGE('',*,*,#3778,.F.);
#3075=ORIENTED_EDGE('',*,*,#3779,.F.);
#3076=ORIENTED_EDGE('',*,*,#3780,.T.);
#3077=ORIENTED_EDGE('',*,*,#3781,.F.);
#3078=ORIENTED_EDGE('',*,*,#3782,.F.);
#3079=ORIENTED_EDGE('',*,*,#3783,.F.);
#3080=ORIENTED_EDGE('',*,*,#3784,.T.);
#3081=ORIENTED_EDGE('',*,*,#3785,.F.);
#3082=ORIENTED_EDGE('',*,*,#3786,.F.);
#3083=ORIENTED_EDGE('',*,*,#3787,.F.);
#3084=ORIENTED_EDGE('',*,*,#3788,.T.);
#3085=ORIENTED_EDGE('',*,*,#3789,.F.);
#3086=ORIENTED_EDGE('',*,*,#3790,.F.);
#3087=ORIENTED_EDGE('',*,*,#3791,.F.);
#3088=ORIENTED_EDGE('',*,*,#3792,.T.);
#3089=ORIENTED_EDGE('',*,*,#3793,.F.);
#3090=ORIENTED_EDGE('',*,*,#3794,.T.);
#3091=ORIENTED_EDGE('',*,*,#3795,.T.);
#3092=ORIENTED_EDGE('',*,*,#3796,.T.);
#3093=ORIENTED_EDGE('',*,*,#3784,.F.);
#3094=ORIENTED_EDGE('',*,*,#3797,.F.);
#3095=ORIENTED_EDGE('',*,*,#3786,.T.);
#3096=ORIENTED_EDGE('',*,*,#3798,.F.);
#3097=ORIENTED_EDGE('',*,*,#3778,.T.);
#3098=ORIENTED_EDGE('',*,*,#3799,.T.);
#3099=ORIENTED_EDGE('',*,*,#3792,.F.);
#3100=ORIENTED_EDGE('',*,*,#3800,.T.);
#3101=ORIENTED_EDGE('',*,*,#3790,.T.);
#3102=ORIENTED_EDGE('',*,*,#3801,.F.);
#3103=ORIENTED_EDGE('',*,*,#3780,.F.);
#3104=ORIENTED_EDGE('',*,*,#3802,.T.);
#3105=ORIENTED_EDGE('',*,*,#3782,.T.);
#3106=ORIENTED_EDGE('',*,*,#3803,.F.);
#3107=ORIENTED_EDGE('',*,*,#3788,.F.);
#3108=ORIENTED_EDGE('',*,*,#3804,.T.);
#3109=ORIENTED_EDGE('',*,*,#3805,.T.);
#3110=ORIENTED_EDGE('',*,*,#3806,.F.);
#3111=ORIENTED_EDGE('',*,*,#3807,.F.);
#3112=ORIENTED_EDGE('',*,*,#3808,.F.);
#3113=ORIENTED_EDGE('',*,*,#3809,.F.);
#3114=ORIENTED_EDGE('',*,*,#3810,.F.);
#3115=ORIENTED_EDGE('',*,*,#3811,.F.);
#3116=ORIENTED_EDGE('',*,*,#3812,.F.);
#3117=ORIENTED_EDGE('',*,*,#3769,.F.);
#3118=ORIENTED_EDGE('',*,*,#3813,.F.);
#3119=ORIENTED_EDGE('',*,*,#3814,.F.);
#3120=ORIENTED_EDGE('',*,*,#3815,.F.);
#3121=ORIENTED_EDGE('',*,*,#3770,.F.);
#3122=ORIENTED_EDGE('',*,*,#3812,.T.);
#3123=ORIENTED_EDGE('',*,*,#3816,.T.);
#3124=ORIENTED_EDGE('',*,*,#3817,.F.);
#3125=ORIENTED_EDGE('',*,*,#3772,.F.);
#3126=ORIENTED_EDGE('',*,*,#3818,.T.);
#3127=ORIENTED_EDGE('',*,*,#3819,.T.);
#3128=ORIENTED_EDGE('',*,*,#3820,.F.);
#3129=ORIENTED_EDGE('',*,*,#3774,.F.);
#3130=ORIENTED_EDGE('',*,*,#3821,.T.);
#3131=ORIENTED_EDGE('',*,*,#3822,.T.);
#3132=ORIENTED_EDGE('',*,*,#3823,.F.);
#3133=ORIENTED_EDGE('',*,*,#3776,.F.);
#3134=ORIENTED_EDGE('',*,*,#3824,.T.);
#3135=ORIENTED_EDGE('',*,*,#3825,.T.);
#3136=ORIENTED_EDGE('',*,*,#3826,.F.);
#3137=ORIENTED_EDGE('',*,*,#3794,.F.);
#3138=ORIENTED_EDGE('',*,*,#3803,.T.);
#3139=ORIENTED_EDGE('',*,*,#3781,.T.);
#3140=ORIENTED_EDGE('',*,*,#3801,.T.);
#3141=ORIENTED_EDGE('',*,*,#3789,.T.);
#3142=ORIENTED_EDGE('',*,*,#3827,.F.);
#3143=ORIENTED_EDGE('',*,*,#3828,.F.);
#3144=ORIENTED_EDGE('',*,*,#3829,.F.);
#3145=ORIENTED_EDGE('',*,*,#3830,.F.);
#3146=ORIENTED_EDGE('',*,*,#3831,.T.);
#3147=ORIENTED_EDGE('',*,*,#3763,.T.);
#3148=ORIENTED_EDGE('',*,*,#3832,.T.);
#3149=ORIENTED_EDGE('',*,*,#3765,.T.);
#3150=ORIENTED_EDGE('',*,*,#3833,.F.);
#3151=ORIENTED_EDGE('',*,*,#3834,.F.);
#3152=ORIENTED_EDGE('',*,*,#3835,.T.);
#3153=ORIENTED_EDGE('',*,*,#3767,.T.);
#3154=ORIENTED_EDGE('',*,*,#3836,.F.);
#3155=ORIENTED_EDGE('',*,*,#3837,.F.);
#3156=ORIENTED_EDGE('',*,*,#3795,.F.);
#3157=ORIENTED_EDGE('',*,*,#3826,.T.);
#3158=ORIENTED_EDGE('',*,*,#3838,.T.);
#3159=ORIENTED_EDGE('',*,*,#3829,.T.);
#3160=ORIENTED_EDGE('',*,*,#3839,.F.);
#3161=ORIENTED_EDGE('',*,*,#3804,.F.);
#3162=ORIENTED_EDGE('',*,*,#3840,.F.);
#3163=ORIENTED_EDGE('',*,*,#3841,.F.);
#3164=ORIENTED_EDGE('',*,*,#3842,.F.);
#3165=ORIENTED_EDGE('',*,*,#3843,.F.);
#3166=ORIENTED_EDGE('',*,*,#3844,.T.);
#3167=ORIENTED_EDGE('',*,*,#3845,.T.);
#3168=ORIENTED_EDGE('',*,*,#3846,.T.);
#3169=ORIENTED_EDGE('',*,*,#3847,.T.);
#3170=ORIENTED_EDGE('',*,*,#3848,.T.);
#3171=ORIENTED_EDGE('',*,*,#3849,.T.);
#3172=ORIENTED_EDGE('',*,*,#3850,.T.);
#3173=ORIENTED_EDGE('',*,*,#3851,.T.);
#3174=ORIENTED_EDGE('',*,*,#3839,.T.);
#3175=ORIENTED_EDGE('',*,*,#3852,.T.);
#3176=ORIENTED_EDGE('',*,*,#3853,.F.);
#3177=ORIENTED_EDGE('',*,*,#3805,.F.);
#3178=ORIENTED_EDGE('',*,*,#3854,.T.);
#3179=ORIENTED_EDGE('',*,*,#3855,.T.);
#3180=ORIENTED_EDGE('',*,*,#3856,.T.);
#3181=ORIENTED_EDGE('',*,*,#3857,.T.);
#3182=ORIENTED_EDGE('',*,*,#3806,.T.);
#3183=ORIENTED_EDGE('',*,*,#3853,.T.);
#3184=ORIENTED_EDGE('',*,*,#3858,.F.);
#3185=ORIENTED_EDGE('',*,*,#3840,.T.);
#3186=ORIENTED_EDGE('',*,*,#3807,.T.);
#3187=ORIENTED_EDGE('',*,*,#3857,.F.);
#3188=ORIENTED_EDGE('',*,*,#3859,.F.);
#3189=ORIENTED_EDGE('',*,*,#3860,.F.);
#3190=ORIENTED_EDGE('',*,*,#3861,.F.);
#3191=ORIENTED_EDGE('',*,*,#3808,.T.);
#3192=ORIENTED_EDGE('',*,*,#3862,.T.);
#3193=ORIENTED_EDGE('',*,*,#3863,.F.);
#3194=ORIENTED_EDGE('',*,*,#3864,.F.);
#3195=ORIENTED_EDGE('',*,*,#3865,.F.);
#3196=ORIENTED_EDGE('',*,*,#3809,.T.);
#3197=ORIENTED_EDGE('',*,*,#3861,.T.);
#3198=ORIENTED_EDGE('',*,*,#3866,.F.);
#3199=ORIENTED_EDGE('',*,*,#3867,.T.);
#3200=ORIENTED_EDGE('',*,*,#3868,.F.);
#3201=ORIENTED_EDGE('',*,*,#3869,.T.);
#3202=ORIENTED_EDGE('',*,*,#3870,.F.);
#3203=ORIENTED_EDGE('',*,*,#3871,.T.);
#3204=ORIENTED_EDGE('',*,*,#3872,.F.);
#3205=ORIENTED_EDGE('',*,*,#3873,.F.);
#3206=ORIENTED_EDGE('',*,*,#3874,.F.);
#3207=ORIENTED_EDGE('',*,*,#3875,.F.);
#3208=ORIENTED_EDGE('',*,*,#3876,.F.);
#3209=ORIENTED_EDGE('',*,*,#3877,.T.);
#3210=ORIENTED_EDGE('',*,*,#3878,.F.);
#3211=ORIENTED_EDGE('',*,*,#3879,.F.);
#3212=ORIENTED_EDGE('',*,*,#3880,.F.);
#3213=ORIENTED_EDGE('',*,*,#3881,.F.);
#3214=ORIENTED_EDGE('',*,*,#3882,.F.);
#3215=ORIENTED_EDGE('',*,*,#3883,.F.);
#3216=ORIENTED_EDGE('',*,*,#3884,.F.);
#3217=ORIENTED_EDGE('',*,*,#3862,.F.);
#3218=ORIENTED_EDGE('',*,*,#3811,.T.);
#3219=ORIENTED_EDGE('',*,*,#3885,.F.);
#3220=ORIENTED_EDGE('',*,*,#3886,.T.);
#3221=ORIENTED_EDGE('',*,*,#3887,.F.);
#3222=ORIENTED_EDGE('',*,*,#3888,.T.);
#3223=ORIENTED_EDGE('',*,*,#3889,.F.);
#3224=ORIENTED_EDGE('',*,*,#3890,.T.);
#3225=ORIENTED_EDGE('',*,*,#3891,.F.);
#3226=ORIENTED_EDGE('',*,*,#3892,.F.);
#3227=ORIENTED_EDGE('',*,*,#3893,.F.);
#3228=ORIENTED_EDGE('',*,*,#3894,.T.);
#3229=ORIENTED_EDGE('',*,*,#3895,.F.);
#3230=ORIENTED_EDGE('',*,*,#3896,.F.);
#3231=ORIENTED_EDGE('',*,*,#3897,.F.);
#3232=ORIENTED_EDGE('',*,*,#3837,.T.);
#3233=ORIENTED_EDGE('',*,*,#3898,.F.);
#3234=ORIENTED_EDGE('',*,*,#3834,.T.);
#3235=ORIENTED_EDGE('',*,*,#3899,.F.);
#3236=ORIENTED_EDGE('',*,*,#3830,.T.);
#3237=ORIENTED_EDGE('',*,*,#3838,.F.);
#3238=ORIENTED_EDGE('',*,*,#3825,.F.);
#3239=ORIENTED_EDGE('',*,*,#3900,.F.);
#3240=ORIENTED_EDGE('',*,*,#3822,.F.);
#3241=ORIENTED_EDGE('',*,*,#3901,.F.);
#3242=ORIENTED_EDGE('',*,*,#3819,.F.);
#3243=ORIENTED_EDGE('',*,*,#3902,.F.);
#3244=ORIENTED_EDGE('',*,*,#3816,.F.);
#3245=ORIENTED_EDGE('',*,*,#3814,.T.);
#3246=ORIENTED_EDGE('',*,*,#3841,.T.);
#3247=ORIENTED_EDGE('',*,*,#3859,.T.);
#3248=ORIENTED_EDGE('',*,*,#3856,.F.);
#3249=ORIENTED_EDGE('',*,*,#3903,.F.);
#3250=ORIENTED_EDGE('',*,*,#3842,.T.);
#3251=ORIENTED_EDGE('',*,*,#3903,.T.);
#3252=ORIENTED_EDGE('',*,*,#3855,.F.);
#3253=ORIENTED_EDGE('',*,*,#3904,.F.);
#3254=ORIENTED_EDGE('',*,*,#3843,.T.);
#3255=ORIENTED_EDGE('',*,*,#3904,.T.);
#3256=ORIENTED_EDGE('',*,*,#3854,.F.);
#3257=ORIENTED_EDGE('',*,*,#3852,.F.);
#3258=ORIENTED_EDGE('',*,*,#3844,.F.);
#3259=ORIENTED_EDGE('',*,*,#3905,.F.);
#3260=ORIENTED_EDGE('',*,*,#3906,.F.);
#3261=ORIENTED_EDGE('',*,*,#3907,.T.);
#3262=ORIENTED_EDGE('',*,*,#3845,.F.);
#3263=ORIENTED_EDGE('',*,*,#3907,.F.);
#3264=ORIENTED_EDGE('',*,*,#3908,.F.);
#3265=ORIENTED_EDGE('',*,*,#3909,.T.);
#3266=ORIENTED_EDGE('',*,*,#3846,.F.);
#3267=ORIENTED_EDGE('',*,*,#3909,.F.);
#3268=ORIENTED_EDGE('',*,*,#3910,.F.);
#3269=ORIENTED_EDGE('',*,*,#3911,.T.);
#3270=ORIENTED_EDGE('',*,*,#3847,.F.);
#3271=ORIENTED_EDGE('',*,*,#3911,.F.);
#3272=ORIENTED_EDGE('',*,*,#3912,.F.);
#3273=ORIENTED_EDGE('',*,*,#3913,.T.);
#3274=ORIENTED_EDGE('',*,*,#3848,.F.);
#3275=ORIENTED_EDGE('',*,*,#3913,.F.);
#3276=ORIENTED_EDGE('',*,*,#3914,.F.);
#3277=ORIENTED_EDGE('',*,*,#3915,.T.);
#3278=ORIENTED_EDGE('',*,*,#3849,.F.);
#3279=ORIENTED_EDGE('',*,*,#3915,.F.);
#3280=ORIENTED_EDGE('',*,*,#3916,.F.);
#3281=ORIENTED_EDGE('',*,*,#3917,.T.);
#3282=ORIENTED_EDGE('',*,*,#3850,.F.);
#3283=ORIENTED_EDGE('',*,*,#3917,.F.);
#3284=ORIENTED_EDGE('',*,*,#3918,.F.);
#3285=ORIENTED_EDGE('',*,*,#3919,.T.);
#3286=ORIENTED_EDGE('',*,*,#3851,.F.);
#3287=ORIENTED_EDGE('',*,*,#3919,.F.);
#3288=ORIENTED_EDGE('',*,*,#3920,.F.);
#3289=ORIENTED_EDGE('',*,*,#3905,.T.);
#3290=ORIENTED_EDGE('',*,*,#3921,.F.);
#3291=ORIENTED_EDGE('',*,*,#3858,.T.);
#3292=ORIENTED_EDGE('',*,*,#3922,.F.);
#3293=ORIENTED_EDGE('',*,*,#3867,.F.);
#3294=ORIENTED_EDGE('',*,*,#3923,.T.);
#3295=ORIENTED_EDGE('',*,*,#3883,.T.);
#3296=ORIENTED_EDGE('',*,*,#3924,.F.);
#3297=ORIENTED_EDGE('',*,*,#3869,.F.);
#3298=ORIENTED_EDGE('',*,*,#3925,.T.);
#3299=ORIENTED_EDGE('',*,*,#3881,.T.);
#3300=ORIENTED_EDGE('',*,*,#3926,.F.);
#3301=ORIENTED_EDGE('',*,*,#3927,.F.);
#3302=ORIENTED_EDGE('',*,*,#3928,.F.);
#3303=ORIENTED_EDGE('',*,*,#3871,.F.);
#3304=ORIENTED_EDGE('',*,*,#3929,.T.);
#3305=ORIENTED_EDGE('',*,*,#3879,.T.);
#3306=ORIENTED_EDGE('',*,*,#3930,.F.);
#3307=ORIENTED_EDGE('',*,*,#3931,.T.);
#3308=ORIENTED_EDGE('',*,*,#3872,.T.);
#3309=ORIENTED_EDGE('',*,*,#3928,.T.);
#3310=ORIENTED_EDGE('',*,*,#3932,.F.);
#3311=ORIENTED_EDGE('',*,*,#3890,.F.);
#3312=ORIENTED_EDGE('',*,*,#3933,.T.);
#3313=ORIENTED_EDGE('',*,*,#3873,.T.);
#3314=ORIENTED_EDGE('',*,*,#3931,.F.);
#3315=ORIENTED_EDGE('',*,*,#3934,.F.);
#3316=ORIENTED_EDGE('',*,*,#3935,.T.);
#3317=ORIENTED_EDGE('',*,*,#3875,.T.);
#3318=ORIENTED_EDGE('',*,*,#3936,.F.);
#3319=ORIENTED_EDGE('',*,*,#3888,.F.);
#3320=ORIENTED_EDGE('',*,*,#3937,.F.);
#3321=ORIENTED_EDGE('',*,*,#3886,.F.);
#3322=ORIENTED_EDGE('',*,*,#3938,.T.);
#3323=ORIENTED_EDGE('',*,*,#3864,.T.);
#3324=ORIENTED_EDGE('',*,*,#3939,.F.);
#3325=ORIENTED_EDGE('',*,*,#3892,.T.);
#3326=ORIENTED_EDGE('',*,*,#3940,.T.);
#3327=ORIENTED_EDGE('',*,*,#3941,.F.);
#3328=ORIENTED_EDGE('',*,*,#3942,.T.);
#3329=ORIENTED_EDGE('',*,*,#3943,.T.);
#3330=ORIENTED_EDGE('',*,*,#3944,.F.);
#3331=ORIENTED_EDGE('',*,*,#3894,.F.);
#3332=ORIENTED_EDGE('',*,*,#3944,.T.);
#3333=ORIENTED_EDGE('',*,*,#3945,.T.);
#3334=ORIENTED_EDGE('',*,*,#3946,.T.);
#3335=ORIENTED_EDGE('',*,*,#3895,.T.);
#3336=ORIENTED_EDGE('',*,*,#3947,.T.);
#3337=ORIENTED_EDGE('',*,*,#3896,.T.);
#3338=ORIENTED_EDGE('',*,*,#3946,.F.);
#3339=ORIENTED_EDGE('',*,*,#3948,.F.);
#3340=ORIENTED_EDGE('',*,*,#3949,.F.);
#3341=ORIENTED_EDGE('',*,*,#3950,.T.);
#3342=ORIENTED_EDGE('',*,*,#3951,.T.);
#3343=ORIENTED_EDGE('',*,*,#3877,.F.);
#3344=ORIENTED_EDGE('',*,*,#3906,.T.);
#3345=ORIENTED_EDGE('',*,*,#3920,.T.);
#3346=ORIENTED_EDGE('',*,*,#3918,.T.);
#3347=ORIENTED_EDGE('',*,*,#3916,.T.);
#3348=ORIENTED_EDGE('',*,*,#3914,.T.);
#3349=ORIENTED_EDGE('',*,*,#3912,.T.);
#3350=ORIENTED_EDGE('',*,*,#3910,.T.);
#3351=ORIENTED_EDGE('',*,*,#3908,.T.);
#3352=ORIENTED_EDGE('',*,*,#3952,.F.);
#3353=ORIENTED_EDGE('',*,*,#3953,.F.);
#3354=ORIENTED_EDGE('',*,*,#3954,.F.);
#3355=ORIENTED_EDGE('',*,*,#3955,.F.);
#3356=ORIENTED_EDGE('',*,*,#3956,.F.);
#3357=ORIENTED_EDGE('',*,*,#3957,.F.);
#3358=ORIENTED_EDGE('',*,*,#3958,.F.);
#3359=ORIENTED_EDGE('',*,*,#3959,.F.);
#3360=ORIENTED_EDGE('',*,*,#3921,.T.);
#3361=ORIENTED_EDGE('',*,*,#3960,.T.);
#3362=ORIENTED_EDGE('',*,*,#3961,.F.);
#3363=ORIENTED_EDGE('',*,*,#3948,.T.);
#3364=ORIENTED_EDGE('',*,*,#3945,.F.);
#3365=ORIENTED_EDGE('',*,*,#3943,.F.);
#3366=ORIENTED_EDGE('',*,*,#3962,.F.);
#3367=ORIENTED_EDGE('',*,*,#3941,.T.);
#3368=ORIENTED_EDGE('',*,*,#3963,.F.);
#3369=ORIENTED_EDGE('',*,*,#3930,.T.);
#3370=ORIENTED_EDGE('',*,*,#3927,.T.);
#3371=ORIENTED_EDGE('',*,*,#3964,.F.);
#3372=ORIENTED_EDGE('',*,*,#3950,.F.);
#3373=ORIENTED_EDGE('',*,*,#3965,.F.);
#3374=ORIENTED_EDGE('',*,*,#3966,.F.);
#3375=ORIENTED_EDGE('',*,*,#3967,.F.);
#3376=ORIENTED_EDGE('',*,*,#3968,.F.);
#3377=ORIENTED_EDGE('',*,*,#3952,.T.);
#3378=ORIENTED_EDGE('',*,*,#3969,.T.);
#3379=ORIENTED_EDGE('',*,*,#3970,.F.);
#3380=ORIENTED_EDGE('',*,*,#3971,.F.);
#3381=ORIENTED_EDGE('',*,*,#3953,.T.);
#3382=ORIENTED_EDGE('',*,*,#3968,.T.);
#3383=ORIENTED_EDGE('',*,*,#3972,.F.);
#3384=ORIENTED_EDGE('',*,*,#3973,.F.);
#3385=ORIENTED_EDGE('',*,*,#3974,.F.);
#3386=ORIENTED_EDGE('',*,*,#3975,.F.);
#3387=ORIENTED_EDGE('',*,*,#3954,.T.);
#3388=ORIENTED_EDGE('',*,*,#3975,.T.);
#3389=ORIENTED_EDGE('',*,*,#3976,.F.);
#3390=ORIENTED_EDGE('',*,*,#3977,.F.);
#3391=ORIENTED_EDGE('',*,*,#3955,.T.);
#3392=ORIENTED_EDGE('',*,*,#3977,.T.);
#3393=ORIENTED_EDGE('',*,*,#3978,.F.);
#3394=ORIENTED_EDGE('',*,*,#3979,.F.);
#3395=ORIENTED_EDGE('',*,*,#3956,.T.);
#3396=ORIENTED_EDGE('',*,*,#3979,.T.);
#3397=ORIENTED_EDGE('',*,*,#3980,.F.);
#3398=ORIENTED_EDGE('',*,*,#3981,.F.);
#3399=ORIENTED_EDGE('',*,*,#3957,.T.);
#3400=ORIENTED_EDGE('',*,*,#3981,.T.);
#3401=ORIENTED_EDGE('',*,*,#3982,.F.);
#3402=ORIENTED_EDGE('',*,*,#3983,.F.);
#3403=ORIENTED_EDGE('',*,*,#3958,.T.);
#3404=ORIENTED_EDGE('',*,*,#3983,.T.);
#3405=ORIENTED_EDGE('',*,*,#3984,.F.);
#3406=ORIENTED_EDGE('',*,*,#3985,.F.);
#3407=ORIENTED_EDGE('',*,*,#3959,.T.);
#3408=ORIENTED_EDGE('',*,*,#3985,.T.);
#3409=ORIENTED_EDGE('',*,*,#3986,.F.);
#3410=ORIENTED_EDGE('',*,*,#3987,.T.);
#3411=ORIENTED_EDGE('',*,*,#3988,.F.);
#3412=ORIENTED_EDGE('',*,*,#3969,.F.);
#3413=ORIENTED_EDGE('',*,*,#3960,.F.);
#3414=ORIENTED_EDGE('',*,*,#3989,.F.);
#3415=ORIENTED_EDGE('',*,*,#3990,.F.);
#3416=ORIENTED_EDGE('',*,*,#3991,.T.);
#3417=ORIENTED_EDGE('',*,*,#3992,.T.);
#3418=ORIENTED_EDGE('',*,*,#3993,.F.);
#3419=ORIENTED_EDGE('',*,*,#3994,.F.);
#3420=ORIENTED_EDGE('',*,*,#3995,.T.);
#3421=ORIENTED_EDGE('',*,*,#3972,.T.);
#3422=ORIENTED_EDGE('',*,*,#3967,.T.);
#3423=ORIENTED_EDGE('',*,*,#3996,.F.);
#3424=ORIENTED_EDGE('',*,*,#3970,.T.);
#3425=ORIENTED_EDGE('',*,*,#3988,.T.);
#3426=ORIENTED_EDGE('',*,*,#3997,.T.);
#3427=ORIENTED_EDGE('',*,*,#3998,.F.);
#3428=ORIENTED_EDGE('',*,*,#3999,.F.);
#3429=ORIENTED_EDGE('',*,*,#3997,.F.);
#3430=ORIENTED_EDGE('',*,*,#3987,.F.);
#3431=ORIENTED_EDGE('',*,*,#4000,.T.);
#3432=ORIENTED_EDGE('',*,*,#3973,.T.);
#3433=ORIENTED_EDGE('',*,*,#3995,.F.);
#3434=ORIENTED_EDGE('',*,*,#4001,.F.);
#3435=ORIENTED_EDGE('',*,*,#4000,.F.);
#3436=ORIENTED_EDGE('',*,*,#3986,.T.);
#3437=ORIENTED_EDGE('',*,*,#3984,.T.);
#3438=ORIENTED_EDGE('',*,*,#3982,.T.);
#3439=ORIENTED_EDGE('',*,*,#3980,.T.);
#3440=ORIENTED_EDGE('',*,*,#3978,.T.);
#3441=ORIENTED_EDGE('',*,*,#3976,.T.);
#3442=ORIENTED_EDGE('',*,*,#3974,.T.);
#3443=ORIENTED_EDGE('',*,*,#4002,.F.);
#3444=ORIENTED_EDGE('',*,*,#3989,.T.);
#3445=ORIENTED_EDGE('',*,*,#4003,.T.);
#3446=ORIENTED_EDGE('',*,*,#4004,.T.);
#3447=ORIENTED_EDGE('',*,*,#4005,.T.);
#3448=ORIENTED_EDGE('',*,*,#4006,.F.);
#3449=ORIENTED_EDGE('',*,*,#4007,.F.);
#3450=ORIENTED_EDGE('',*,*,#4008,.F.);
#3451=ORIENTED_EDGE('',*,*,#4009,.T.);
#3452=ORIENTED_EDGE('',*,*,#4010,.F.);
#3453=ORIENTED_EDGE('',*,*,#3994,.T.);
#3454=ORIENTED_EDGE('',*,*,#3966,.T.);
#3455=ORIENTED_EDGE('',*,*,#4011,.F.);
#3456=ORIENTED_EDGE('',*,*,#3991,.F.);
#3457=ORIENTED_EDGE('',*,*,#4012,.F.);
#3458=ORIENTED_EDGE('',*,*,#4007,.T.);
#3459=ORIENTED_EDGE('',*,*,#4013,.F.);
#3460=ORIENTED_EDGE('',*,*,#4014,.F.);
#3461=ORIENTED_EDGE('',*,*,#4015,.F.);
#3462=ORIENTED_EDGE('',*,*,#4016,.T.);
#3463=ORIENTED_EDGE('',*,*,#4017,.F.);
#3464=ORIENTED_EDGE('',*,*,#4005,.F.);
#3465=ORIENTED_EDGE('',*,*,#4018,.F.);
#3466=ORIENTED_EDGE('',*,*,#3993,.T.);
#3467=ORIENTED_EDGE('',*,*,#4019,.F.);
#3468=ORIENTED_EDGE('',*,*,#3971,.T.);
#3469=ORIENTED_EDGE('',*,*,#3996,.T.);
#3470=ORIENTED_EDGE('',*,*,#4020,.F.);
#3471=ORIENTED_EDGE('',*,*,#4021,.F.);
#3472=ORIENTED_EDGE('',*,*,#4022,.F.);
#3473=ORIENTED_EDGE('',*,*,#4021,.T.);
#3474=ORIENTED_EDGE('',*,*,#4023,.T.);
#3475=ORIENTED_EDGE('',*,*,#4009,.F.);
#3476=ORIENTED_EDGE('',*,*,#4002,.T.);
#3477=ORIENTED_EDGE('',*,*,#4024,.F.);
#3478=ORIENTED_EDGE('',*,*,#4003,.F.);
#3479=ORIENTED_EDGE('',*,*,#4025,.F.);
#3480=ORIENTED_EDGE('',*,*,#4006,.T.);
#3481=ORIENTED_EDGE('',*,*,#4017,.T.);
#3482=ORIENTED_EDGE('',*,*,#4026,.T.);
#3483=ORIENTED_EDGE('',*,*,#4013,.T.);
#3484=ORIENTED_EDGE('',*,*,#4027,.T.);
#3485=ORIENTED_EDGE('',*,*,#4014,.T.);
#3486=ORIENTED_EDGE('',*,*,#4026,.F.);
#3487=ORIENTED_EDGE('',*,*,#4016,.F.);
#3488=ORIENTED_EDGE('',*,*,#4024,.T.);
#3489=ORIENTED_EDGE('',*,*,#4028,.T.);
#3490=ORIENTED_EDGE('',*,*,#4025,.T.);
#3491=ORIENTED_EDGE('',*,*,#4029,.F.);
#3492=ORIENTED_EDGE('',*,*,#4030,.T.);
#3493=ORIENTED_EDGE('',*,*,#4028,.F.);
#3494=ORIENTED_EDGE('',*,*,#4031,.T.);
#3495=ORIENTED_EDGE('',*,*,#4029,.T.);
#3496=ORIENTED_EDGE('',*,*,#4032,.F.);
#3497=ORIENTED_EDGE('',*,*,#4030,.F.);
#3498=ORIENTED_EDGE('',*,*,#4033,.T.);
#3499=ORIENTED_EDGE('',*,*,#4031,.F.);
#3500=ORIENTED_EDGE('',*,*,#4032,.T.);
#3501=ORIENTED_EDGE('',*,*,#4033,.F.);
#3502=ORIENTED_EDGE('',*,*,#3815,.T.);
#3503=ORIENTED_EDGE('',*,*,#3902,.T.);
#3504=ORIENTED_EDGE('',*,*,#3818,.F.);
#3505=ORIENTED_EDGE('',*,*,#3771,.T.);
#3506=ORIENTED_EDGE('',*,*,#3817,.T.);
#3507=ORIENTED_EDGE('',*,*,#3901,.T.);
#3508=ORIENTED_EDGE('',*,*,#3821,.F.);
#3509=ORIENTED_EDGE('',*,*,#3773,.T.);
#3510=ORIENTED_EDGE('',*,*,#3820,.T.);
#3511=ORIENTED_EDGE('',*,*,#3900,.T.);
#3512=ORIENTED_EDGE('',*,*,#3824,.F.);
#3513=ORIENTED_EDGE('',*,*,#3775,.T.);
#3514=ORIENTED_EDGE('',*,*,#3831,.F.);
#3515=ORIENTED_EDGE('',*,*,#3899,.T.);
#3516=ORIENTED_EDGE('',*,*,#3833,.T.);
#3517=ORIENTED_EDGE('',*,*,#3764,.T.);
#3518=ORIENTED_EDGE('',*,*,#3836,.T.);
#3519=ORIENTED_EDGE('',*,*,#3766,.T.);
#3520=ORIENTED_EDGE('',*,*,#3832,.F.);
#3521=ORIENTED_EDGE('',*,*,#3898,.T.);
#3522=ORIENTED_EDGE('',*,*,#3813,.T.);
#3523=ORIENTED_EDGE('',*,*,#3768,.T.);
#3524=ORIENTED_EDGE('',*,*,#3835,.F.);
#3525=ORIENTED_EDGE('',*,*,#3897,.T.);
#3526=ORIENTED_EDGE('',*,*,#3860,.T.);
#3527=ORIENTED_EDGE('',*,*,#3884,.T.);
#3528=ORIENTED_EDGE('',*,*,#3923,.F.);
#3529=ORIENTED_EDGE('',*,*,#3866,.T.);
#3530=ORIENTED_EDGE('',*,*,#3810,.T.);
#3531=ORIENTED_EDGE('',*,*,#3865,.T.);
#3532=ORIENTED_EDGE('',*,*,#3938,.F.);
#3533=ORIENTED_EDGE('',*,*,#3885,.T.);
#3534=ORIENTED_EDGE('',*,*,#3922,.T.);
#3535=ORIENTED_EDGE('',*,*,#3882,.T.);
#3536=ORIENTED_EDGE('',*,*,#3925,.F.);
#3537=ORIENTED_EDGE('',*,*,#3868,.T.);
#3538=ORIENTED_EDGE('',*,*,#3924,.T.);
#3539=ORIENTED_EDGE('',*,*,#3880,.T.);
#3540=ORIENTED_EDGE('',*,*,#3929,.F.);
#3541=ORIENTED_EDGE('',*,*,#3870,.T.);
#3542=ORIENTED_EDGE('',*,*,#3933,.F.);
#3543=ORIENTED_EDGE('',*,*,#3889,.T.);
#3544=ORIENTED_EDGE('',*,*,#3936,.T.);
#3545=ORIENTED_EDGE('',*,*,#3874,.T.);
#3546=ORIENTED_EDGE('',*,*,#3937,.T.);
#3547=ORIENTED_EDGE('',*,*,#3863,.T.);
#3548=ORIENTED_EDGE('',*,*,#3935,.F.);
#3549=ORIENTED_EDGE('',*,*,#3887,.T.);
#3550=ORIENTED_EDGE('',*,*,#3797,.T.);
#3551=ORIENTED_EDGE('',*,*,#3783,.T.);
#3552=ORIENTED_EDGE('',*,*,#3802,.F.);
#3553=ORIENTED_EDGE('',*,*,#3787,.T.);
#3554=ORIENTED_EDGE('',*,*,#3823,.T.);
#3555=ORIENTED_EDGE('',*,*,#3793,.T.);
#3556=ORIENTED_EDGE('',*,*,#3799,.F.);
#3557=ORIENTED_EDGE('',*,*,#3777,.T.);
#3558=ORIENTED_EDGE('',*,*,#3798,.T.);
#3559=ORIENTED_EDGE('',*,*,#3791,.T.);
#3560=ORIENTED_EDGE('',*,*,#3800,.F.);
#3561=ORIENTED_EDGE('',*,*,#3779,.T.);
#3562=ORIENTED_EDGE('',*,*,#3926,.T.);
#3563=ORIENTED_EDGE('',*,*,#3878,.T.);
#3564=ORIENTED_EDGE('',*,*,#3951,.F.);
#3565=ORIENTED_EDGE('',*,*,#3964,.T.);
#3566=ORIENTED_EDGE('',*,*,#4034,.F.);
#3567=ORIENTED_EDGE('',*,*,#3785,.T.);
#3568=ORIENTED_EDGE('',*,*,#3828,.T.);
#3569=ORIENTED_EDGE('',*,*,#3827,.T.);
#3570=ORIENTED_EDGE('',*,*,#3762,.T.);
#3571=ORIENTED_EDGE('',*,*,#3796,.F.);
#3572=ORIENTED_EDGE('',*,*,#4034,.T.);
#3573=ORIENTED_EDGE('',*,*,#4035,.F.);
#3574=ORIENTED_EDGE('',*,*,#3934,.T.);
#3575=ORIENTED_EDGE('',*,*,#3963,.T.);
#3576=ORIENTED_EDGE('',*,*,#3932,.T.);
#3577=ORIENTED_EDGE('',*,*,#4035,.T.);
#3578=ORIENTED_EDGE('',*,*,#3940,.F.);
#3579=ORIENTED_EDGE('',*,*,#3891,.T.);
#3580=ORIENTED_EDGE('',*,*,#3939,.T.);
#3581=ORIENTED_EDGE('',*,*,#3962,.T.);
#3582=ORIENTED_EDGE('',*,*,#3942,.F.);
#3583=ORIENTED_EDGE('',*,*,#3893,.T.);
#3584=ORIENTED_EDGE('',*,*,#3949,.T.);
#3585=ORIENTED_EDGE('',*,*,#3876,.T.);
#3586=ORIENTED_EDGE('',*,*,#3947,.F.);
#3587=ORIENTED_EDGE('',*,*,#3961,.T.);
#3588=ORIENTED_EDGE('',*,*,#3965,.T.);
#3589=ORIENTED_EDGE('',*,*,#4019,.T.);
#3590=ORIENTED_EDGE('',*,*,#3992,.F.);
#3591=ORIENTED_EDGE('',*,*,#4011,.T.);
#3592=ORIENTED_EDGE('',*,*,#3990,.T.);
#3593=ORIENTED_EDGE('',*,*,#4018,.T.);
#3594=ORIENTED_EDGE('',*,*,#4004,.F.);
#3595=ORIENTED_EDGE('',*,*,#4012,.T.);
#3596=ORIENTED_EDGE('',*,*,#4036,.F.);
#3597=ORIENTED_EDGE('',*,*,#4020,.T.);
#3598=ORIENTED_EDGE('',*,*,#3999,.T.);
#3599=ORIENTED_EDGE('',*,*,#4037,.F.);
#3600=ORIENTED_EDGE('',*,*,#4001,.T.);
#3601=ORIENTED_EDGE('',*,*,#4010,.T.);
#3602=ORIENTED_EDGE('',*,*,#3998,.T.);
#3603=ORIENTED_EDGE('',*,*,#4037,.T.);
#3604=ORIENTED_EDGE('',*,*,#4023,.F.);
#3605=ORIENTED_EDGE('',*,*,#4036,.T.);
#3606=ORIENTED_EDGE('',*,*,#4022,.T.);
#3607=ORIENTED_EDGE('',*,*,#4008,.T.);
#3608=ORIENTED_EDGE('',*,*,#4027,.F.);
#3609=ORIENTED_EDGE('',*,*,#4015,.T.);
#3610=EDGE_CURVE('',#4038,#4038,#4039,.T.);
#3611=EDGE_CURVE('',#4040,#4040,#4041,.F.);
#3612=EDGE_CURVE('',#4042,#4043,#4044,.T.);
#3613=EDGE_CURVE('',#4043,#4045,#4046,.T.);
#3614=EDGE_CURVE('',#4045,#4047,#4048,.T.);
#3615=EDGE_CURVE('',#4047,#4042,#4049,.T.);
#3616=EDGE_CURVE('',#4050,#4051,#4052,.T.);
#3617=EDGE_CURVE('',#4051,#4053,#4054,.T.);
#3618=EDGE_CURVE('',#4053,#4055,#4056,.T.);
#3619=EDGE_CURVE('',#4055,#4050,#4057,.T.);
#3620=EDGE_CURVE('',#4058,#4059,#4060,.F.);
#3621=EDGE_CURVE('',#4059,#4061,#4062,.F.);
#3622=EDGE_CURVE('',#4061,#4063,#4064,.T.);
#3623=EDGE_CURVE('',#4065,#4063,#4066,.F.);
#3624=EDGE_CURVE('',#4067,#4065,#4068,.T.);
#3625=EDGE_CURVE('',#4069,#4067,#4070,.T.);
#3626=EDGE_CURVE('',#4069,#4071,#4072,.T.);
#3627=EDGE_CURVE('',#4073,#4071,#4074,.F.);
#3628=EDGE_CURVE('',#4075,#4073,#4076,.T.);
#3629=EDGE_CURVE('',#4077,#4075,#4078,.F.);
#3630=EDGE_CURVE('',#4079,#4077,#4080,.T.);
#3631=EDGE_CURVE('',#4081,#4079,#4082,.F.);
#3632=EDGE_CURVE('',#4083,#4081,#4084,.T.);
#3633=EDGE_CURVE('',#4085,#4083,#4086,.T.);
#3634=EDGE_CURVE('',#4087,#4085,#4088,.F.);
#3635=EDGE_CURVE('',#4058,#4087,#4089,.F.);
#3636=EDGE_CURVE('',#4090,#4091,#4092,.F.);
#3637=EDGE_CURVE('',#4091,#4093,#4094,.F.);
#3638=EDGE_CURVE('',#4093,#4095,#4096,.T.);
#3639=EDGE_CURVE('',#4097,#4095,#4098,.F.);
#3640=EDGE_CURVE('',#4099,#4097,#4100,.T.);
#3641=EDGE_CURVE('',#4101,#4099,#4102,.T.);
#3642=EDGE_CURVE('',#4101,#4103,#4104,.T.);
#3643=EDGE_CURVE('',#4105,#4103,#4106,.F.);
#3644=EDGE_CURVE('',#4107,#4105,#4108,.T.);
#3645=EDGE_CURVE('',#4109,#4107,#4110,.F.);
#3646=EDGE_CURVE('',#4111,#4109,#4112,.T.);
#3647=EDGE_CURVE('',#4113,#4111,#4114,.F.);
#3648=EDGE_CURVE('',#4115,#4113,#4116,.T.);
#3649=EDGE_CURVE('',#4117,#4115,#4118,.T.);
#3650=EDGE_CURVE('',#4119,#4117,#4120,.F.);
#3651=EDGE_CURVE('',#4090,#4119,#4121,.F.);
#3652=EDGE_CURVE('',#4122,#4043,#4123,.F.);
#3653=EDGE_CURVE('',#4122,#4124,#4125,.T.);
#3654=EDGE_CURVE('',#4124,#4126,#4127,.T.);
#3655=EDGE_CURVE('',#4126,#4128,#4129,.T.);
#3656=EDGE_CURVE('',#4128,#4130,#4131,.T.);
#3657=EDGE_CURVE('',#4045,#4130,#4132,.F.);
#3658=EDGE_CURVE('',#4042,#4133,#4134,.T.);
#3659=EDGE_CURVE('',#4135,#4047,#4136,.F.);
#3660=EDGE_CURVE('',#4137,#4135,#4138,.T.);
#3661=EDGE_CURVE('',#4137,#4139,#4140,.T.);
#3662=EDGE_CURVE('',#4139,#4141,#4142,.T.);
#3663=EDGE_CURVE('',#4141,#4133,#4143,.F.);
#3664=EDGE_CURVE('',#4050,#4144,#4145,.F.);
#3665=EDGE_CURVE('',#4146,#4055,#4147,.F.);
#3666=EDGE_CURVE('',#4146,#4148,#4149,.T.);
#3667=EDGE_CURVE('',#4148,#4150,#4151,.T.);
#3668=EDGE_CURVE('',#4150,#4152,#4153,.T.);
#3669=EDGE_CURVE('',#4152,#4144,#4154,.T.);
#3670=EDGE_CURVE('',#4155,#4051,#4156,.F.);
#3671=EDGE_CURVE('',#4157,#4155,#4158,.T.);
#3672=EDGE_CURVE('',#4157,#4159,#4160,.T.);
#3673=EDGE_CURVE('',#4159,#4161,#4162,.T.);
#3674=EDGE_CURVE('',#4161,#4163,#4164,.F.);
#3675=EDGE_CURVE('',#4053,#4163,#4165,.T.);
#3676=EDGE_CURVE('',#4124,#4058,#4166,.T.);
#3677=EDGE_CURVE('',#4087,#4126,#4167,.T.);
#3678=EDGE_CURVE('',#4063,#4161,#4168,.T.);
#3679=EDGE_CURVE('',#4159,#4065,#4169,.T.);
#3680=EDGE_CURVE('',#4148,#4090,#4170,.T.);
#3681=EDGE_CURVE('',#4119,#4150,#4171,.T.);
#3682=EDGE_CURVE('',#4095,#4141,#4172,.T.);
#3683=EDGE_CURVE('',#4139,#4097,#4173,.T.);
#3684=EDGE_CURVE('',#4091,#4093,#4174,.T.);
#3685=EDGE_CURVE('',#4059,#4061,#4175,.T.);
#3686=EDGE_CURVE('',#4176,#4122,#4177,.T.);
#3687=EDGE_CURVE('',#4133,#4176,#4178,.T.);
#3688=EDGE_CURVE('',#4163,#4146,#4179,.T.);
#3689=EDGE_CURVE('',#4180,#4181,#4182,.T.);
#3690=EDGE_CURVE('',#4181,#4183,#4184,.T.);
#3691=EDGE_CURVE('',#4183,#4185,#4186,.F.);
#3692=EDGE_CURVE('',#4185,#4187,#4188,.T.);
#3693=EDGE_CURVE('',#4187,#4180,#4189,.T.);
#3694=EDGE_CURVE('',#4130,#4135,#4190,.T.);
#3695=EDGE_CURVE('',#4128,#4191,#4192,.T.);
#3696=EDGE_CURVE('',#4191,#4193,#4194,.T.);
#3697=EDGE_CURVE('',#4193,#4137,#4195,.T.);
#3698=EDGE_CURVE('',#4144,#4155,#4196,.T.);
#3699=EDGE_CURVE('',#4152,#4197,#4198,.T.);
#3700=EDGE_CURVE('',#4197,#4199,#4200,.T.);
#3701=EDGE_CURVE('',#4199,#4157,#4201,.T.);
#3702=EDGE_CURVE('',#4150,#4197,#4202,.T.);
#3703=EDGE_CURVE('',#4117,#4067,#4203,.T.);
#3704=EDGE_CURVE('',#4199,#4159,#4204,.T.);
#3705=EDGE_CURVE('',#4197,#4199,#4205,.T.);
#3706=EDGE_CURVE('',#4115,#4069,#4206,.T.);
#3707=EDGE_CURVE('',#4071,#4113,#4207,.F.);
#3708=EDGE_CURVE('',#4208,#4209,#4210,.F.);
#3709=EDGE_CURVE('',#4209,#4211,#4212,.F.);
#3710=EDGE_CURVE('',#4211,#4213,#4214,.F.);
#3711=EDGE_CURVE('',#4213,#4208,#4215,.T.);
#3712=EDGE_CURVE('',#4111,#4216,#4217,.F.);
#3713=EDGE_CURVE('',#4216,#4218,#4219,.F.);
#3714=EDGE_CURVE('',#4218,#4105,#4220,.F.);
#3715=EDGE_CURVE('',#4103,#4081,#4221,.F.);
#3716=EDGE_CURVE('',#4079,#4222,#4223,.F.);
#3717=EDGE_CURVE('',#4222,#4224,#4225,.F.);
#3718=EDGE_CURVE('',#4224,#4073,#4226,.F.);
#3719=EDGE_CURVE('',#4227,#4224,#4228,.T.);
#3720=EDGE_CURVE('',#4075,#4227,#4229,.T.);
#3721=EDGE_CURVE('',#4227,#4230,#4231,.T.);
#3722=EDGE_CURVE('',#4230,#4077,#4232,.T.);
#3723=EDGE_CURVE('',#4230,#4222,#4233,.T.);
#3724=EDGE_CURVE('',#4083,#4101,#4234,.T.);
#3725=EDGE_CURVE('',#4085,#4099,#4235,.T.);
#3726=EDGE_CURVE('',#4126,#4191,#4236,.T.);
#3727=EDGE_CURVE('',#4193,#4139,#4237,.T.);
#3728=EDGE_CURVE('',#4191,#4193,#4238,.T.);
#3729=EDGE_CURVE('',#4239,#4218,#4240,.T.);
#3730=EDGE_CURVE('',#4107,#4239,#4241,.T.);
#3731=EDGE_CURVE('',#4239,#4242,#4243,.T.);
#3732=EDGE_CURVE('',#4242,#4109,#4244,.T.);
#3733=EDGE_CURVE('',#4242,#4216,#4245,.T.);
#3734=EDGE_CURVE('',#4185,#4246,#4247,.T.);
#3735=EDGE_CURVE('',#4248,#4183,#4249,.T.);
#3736=EDGE_CURVE('',#4248,#4209,#4250,.T.);
#3737=EDGE_CURVE('',#4246,#4208,#4251,.T.);
#3738=EDGE_CURVE('',#4252,#4246,#4253,.T.);
#3739=EDGE_CURVE('',#4252,#4180,#4254,.T.);
#3740=EDGE_CURVE('',#4213,#4252,#4255,.F.);
#3741=EDGE_CURVE('',#4256,#4211,#4257,.T.);
#3742=EDGE_CURVE('',#4181,#4256,#4258,.T.);
#3743=EDGE_CURVE('',#4259,#4260,#4261,.T.);
#3744=EDGE_CURVE('',#4262,#4259,#4263,.T.);
#3745=EDGE_CURVE('',#4262,#4248,#4264,.T.);
#3746=EDGE_CURVE('',#4256,#4265,#4266,.T.);
#3747=EDGE_CURVE('',#4267,#4265,#4268,.T.);
#3748=EDGE_CURVE('',#4269,#4267,#4270,.T.);
#3749=EDGE_CURVE('',#4269,#4260,#4271,.T.);
#3750=EDGE_CURVE('',#4260,#4272,#4273,.F.);
#3751=EDGE_CURVE('',#4274,#4269,#4275,.F.);
#3752=EDGE_CURVE('',#4276,#4274,#4277,.F.);
#3753=EDGE_CURVE('',#4265,#4276,#4278,.T.);
#3754=EDGE_CURVE('',#4279,#4262,#4280,.F.);
#3755=EDGE_CURVE('',#4272,#4279,#4281,.F.);
#3756=EDGE_CURVE('',#4282,#4272,#4283,.T.);
#3757=EDGE_CURVE('',#4259,#4282,#4284,.T.);
#3758=EDGE_CURVE('',#4279,#4282,#4285,.T.);
#3759=EDGE_CURVE('',#4286,#4276,#4287,.T.);
#3760=EDGE_CURVE('',#4267,#4286,#4288,.T.);
#3761=EDGE_CURVE('',#4274,#4286,#4289,.T.);
#3762=EDGE_CURVE('',#4290,#4291,#4292,.F.);
#3763=EDGE_CURVE('',#4293,#4290,#4294,.T.);
#3764=EDGE_CURVE('',#4295,#4293,#4296,.F.);
#3765=EDGE_CURVE('',#4297,#4295,#4298,.T.);
#3766=EDGE_CURVE('',#4299,#4297,#4300,.F.);
#3767=EDGE_CURVE('',#4301,#4299,#4302,.T.);
#3768=EDGE_CURVE('',#4303,#4301,#4304,.F.);
#3769=EDGE_CURVE('',#4303,#4305,#4306,.T.);
#3770=EDGE_CURVE('',#4305,#4307,#4308,.T.);
#3771=EDGE_CURVE('',#4309,#4307,#4310,.F.);
#3772=EDGE_CURVE('',#4309,#4311,#4312,.T.);
#3773=EDGE_CURVE('',#4313,#4311,#4314,.F.);
#3774=EDGE_CURVE('',#4313,#4315,#4316,.T.);
#3775=EDGE_CURVE('',#4317,#4315,#4318,.F.);
#3776=EDGE_CURVE('',#4317,#4319,#4320,.T.);
#3777=EDGE_CURVE('',#4321,#4319,#4322,.F.);
#3778=EDGE_CURVE('',#4323,#4321,#4324,.T.);
#3779=EDGE_CURVE('',#4325,#4323,#4326,.F.);
#3780=EDGE_CURVE('',#4325,#4327,#4328,.T.);
#3781=EDGE_CURVE('',#4329,#4327,#4330,.T.);
#3782=EDGE_CURVE('',#4331,#4329,#4332,.T.);
#3783=EDGE_CURVE('',#4333,#4331,#4334,.F.);
#3784=EDGE_CURVE('',#4333,#4291,#4335,.T.);
#3785=EDGE_CURVE('',#4336,#4337,#4338,.T.);
#3786=EDGE_CURVE('',#4339,#4336,#4340,.T.);
#3787=EDGE_CURVE('',#4341,#4339,#4342,.F.);
#3788=EDGE_CURVE('',#4341,#4343,#4344,.T.);
#3789=EDGE_CURVE('',#4345,#4343,#4346,.T.);
#3790=EDGE_CURVE('',#4347,#4345,#4348,.T.);
#3791=EDGE_CURVE('',#4349,#4347,#4350,.F.);
#3792=EDGE_CURVE('',#4349,#4351,#4352,.T.);
#3793=EDGE_CURVE('',#4353,#4351,#4354,.F.);
#3794=EDGE_CURVE('',#4353,#4355,#4356,.T.);
#3795=EDGE_CURVE('',#4355,#4337,#4357,.T.);
#3796=EDGE_CURVE('',#4336,#4291,#4358,.T.);
#3797=EDGE_CURVE('',#4339,#4333,#4359,.F.);
#3798=EDGE_CURVE('',#4323,#4349,#4360,.F.);
#3799=EDGE_CURVE('',#4321,#4351,#4361,.T.);
#3800=EDGE_CURVE('',#4325,#4347,#4362,.F.);
#3801=EDGE_CURVE('',#4327,#4345,#4363,.T.);
#3802=EDGE_CURVE('',#4341,#4331,#4364,.F.);
#3803=EDGE_CURVE('',#4343,#4329,#4365,.T.);
#3804=EDGE_CURVE('',#4366,#4367,#4368,.T.);
#3805=EDGE_CURVE('',#4367,#4369,#4370,.T.);
#3806=EDGE_CURVE('',#4371,#4369,#4372,.T.);
#3807=EDGE_CURVE('',#4366,#4371,#4373,.T.);
#3808=EDGE_CURVE('',#4374,#4375,#4376,.T.);
#3809=EDGE_CURVE('',#4377,#4374,#4378,.T.);
#3810=EDGE_CURVE('',#4379,#4377,#4380,.T.);
#3811=EDGE_CURVE('',#4375,#4379,#4381,.T.);
#3812=EDGE_CURVE('',#4305,#4382,#4383,.T.);
#3813=EDGE_CURVE('',#4384,#4303,#4385,.T.);
#3814=EDGE_CURVE('',#4382,#4384,#4386,.T.);
#3815=EDGE_CURVE('',#4307,#4387,#4388,.T.);
#3816=EDGE_CURVE('',#4382,#4387,#4389,.T.);
#3817=EDGE_CURVE('',#4311,#4390,#4391,.T.);
#3818=EDGE_CURVE('',#4309,#4392,#4393,.T.);
#3819=EDGE_CURVE('',#4392,#4390,#4394,.T.);
#3820=EDGE_CURVE('',#4315,#4395,#4396,.T.);
#3821=EDGE_CURVE('',#4313,#4397,#4398,.T.);
#3822=EDGE_CURVE('',#4397,#4395,#4399,.T.);
#3823=EDGE_CURVE('',#4319,#4353,#4400,.T.);
#3824=EDGE_CURVE('',#4317,#4401,#4402,.T.);
#3825=EDGE_CURVE('',#4401,#4403,#4404,.T.);
#3826=EDGE_CURVE('',#4355,#4403,#4405,.T.);
#3827=EDGE_CURVE('',#4406,#4290,#4407,.T.);
#3828=EDGE_CURVE('',#4337,#4406,#4408,.F.);
#3829=EDGE_CURVE('',#4409,#4337,#4410,.T.);
#3830=EDGE_CURVE('',#4411,#4409,#4412,.T.);
#3831=EDGE_CURVE('',#4411,#4293,#4413,.F.);
#3832=EDGE_CURVE('',#4414,#4297,#4415,.T.);
#3833=EDGE_CURVE('',#4416,#4295,#4417,.F.);
#3834=EDGE_CURVE('',#4414,#4416,#4418,.T.);
#3835=EDGE_CURVE('',#4419,#4301,#4420,.T.);
#3836=EDGE_CURVE('',#4421,#4299,#4422,.T.);
#3837=EDGE_CURVE('',#4419,#4421,#4423,.T.);
#3838=EDGE_CURVE('',#4403,#4409,#4424,.T.);
#3839=EDGE_CURVE('',#4367,#4425,#4426,.T.);
#3840=EDGE_CURVE('',#4427,#4366,#4428,.T.);
#3841=EDGE_CURVE('',#4429,#4427,#4430,.T.);
#3842=EDGE_CURVE('',#4431,#4429,#4432,.T.);
#3843=EDGE_CURVE('',#4425,#4431,#4433,.T.);
#3844=EDGE_CURVE('',#4434,#4435,#4436,.T.);
#3845=EDGE_CURVE('',#4435,#4437,#4438,.T.);
#3846=EDGE_CURVE('',#4437,#4439,#4440,.T.);
#3847=EDGE_CURVE('',#4439,#4441,#4442,.T.);
#3848=EDGE_CURVE('',#4441,#4443,#4444,.T.);
#3849=EDGE_CURVE('',#4443,#4445,#4446,.T.);
#3850=EDGE_CURVE('',#4445,#4447,#4448,.T.);
#3851=EDGE_CURVE('',#4447,#4434,#4449,.T.);
#3852=EDGE_CURVE('',#4425,#4450,#4451,.T.);
#3853=EDGE_CURVE('',#4369,#4450,#4452,.T.);
#3854=EDGE_CURVE('',#4450,#4453,#4454,.T.);
#3855=EDGE_CURVE('',#4453,#4455,#4456,.T.);
#3856=EDGE_CURVE('',#4455,#4457,#4458,.T.);
#3857=EDGE_CURVE('',#4457,#4371,#4459,.T.);
#3858=EDGE_CURVE('',#4460,#4460,#4461,.T.);
#3859=EDGE_CURVE('',#4427,#4457,#4462,.T.);
#3860=EDGE_CURVE('',#4463,#4464,#4465,.T.);
#3861=EDGE_CURVE('',#4374,#4463,#4466,.T.);
#3862=EDGE_CURVE('',#4375,#4464,#4467,.T.);
#3863=EDGE_CURVE('',#4468,#4469,#4470,.F.);
#3864=EDGE_CURVE('',#4471,#4468,#4472,.T.);
#3865=EDGE_CURVE('',#4377,#4471,#4473,.F.);
#3866=EDGE_CURVE('',#4474,#4463,#4475,.F.);
#3867=EDGE_CURVE('',#4474,#4476,#4477,.T.);
#3868=EDGE_CURVE('',#4478,#4476,#4479,.F.);
#3869=EDGE_CURVE('',#4478,#4480,#4481,.T.);
#3870=EDGE_CURVE('',#4482,#4480,#4483,.F.);
#3871=EDGE_CURVE('',#4482,#4484,#4485,.T.);
#3872=EDGE_CURVE('',#4486,#4484,#4487,.T.);
#3873=EDGE_CURVE('',#4488,#4486,#4489,.T.);
#3874=EDGE_CURVE('',#4490,#4488,#4491,.F.);
#3875=EDGE_CURVE('',#4469,#4490,#4492,.T.);
#3876=EDGE_CURVE('',#4493,#4494,#4495,.F.);
#3877=EDGE_CURVE('',#4493,#4496,#4497,.T.);
#3878=EDGE_CURVE('',#4498,#4496,#4499,.F.);
#3879=EDGE_CURVE('',#4500,#4498,#4501,.T.);
#3880=EDGE_CURVE('',#4502,#4500,#4503,.F.);
#3881=EDGE_CURVE('',#4504,#4502,#4505,.T.);
#3882=EDGE_CURVE('',#4506,#4504,#4507,.F.);
#3883=EDGE_CURVE('',#4508,#4506,#4509,.T.);
#3884=EDGE_CURVE('',#4464,#4508,#4510,.F.);
#3885=EDGE_CURVE('',#4511,#4379,#4512,.F.);
#3886=EDGE_CURVE('',#4511,#4513,#4514,.T.);
#3887=EDGE_CURVE('',#4515,#4513,#4516,.F.);
#3888=EDGE_CURVE('',#4515,#4517,#4518,.T.);
#3889=EDGE_CURVE('',#4519,#4517,#4520,.F.);
#3890=EDGE_CURVE('',#4519,#4521,#4522,.T.);
#3891=EDGE_CURVE('',#4523,#4521,#4524,.F.);
#3892=EDGE_CURVE('',#4525,#4523,#4526,.T.);
#3893=EDGE_CURVE('',#4527,#4525,#4528,.F.);
#3894=EDGE_CURVE('',#4527,#4529,#4530,.T.);
#3895=EDGE_CURVE('',#4531,#4529,#4532,.T.);
#3896=EDGE_CURVE('',#4494,#4531,#4533,.T.);
#3897=EDGE_CURVE('',#4419,#4384,#4534,.F.);
#3898=EDGE_CURVE('',#4414,#4421,#4535,.F.);
#3899=EDGE_CURVE('',#4411,#4416,#4536,.F.);
#3900=EDGE_CURVE('',#4395,#4401,#4537,.F.);
#3901=EDGE_CURVE('',#4390,#4397,#4538,.F.);
#3902=EDGE_CURVE('',#4387,#4392,#4539,.F.);
#3903=EDGE_CURVE('',#4429,#4455,#4540,.T.);
#3904=EDGE_CURVE('',#4431,#4453,#4541,.T.);
#3905=EDGE_CURVE('',#4542,#4434,#4543,.T.);
#3906=EDGE_CURVE('',#4544,#4542,#4545,.T.);
#3907=EDGE_CURVE('',#4544,#4435,#4546,.T.);
#3908=EDGE_CURVE('',#4547,#4544,#4548,.T.);
#3909=EDGE_CURVE('',#4547,#4437,#4549,.T.);
#3910=EDGE_CURVE('',#4550,#4547,#4551,.T.);
#3911=EDGE_CURVE('',#4550,#4439,#4552,.T.);
#3912=EDGE_CURVE('',#4553,#4550,#4554,.T.);
#3913=EDGE_CURVE('',#4553,#4441,#4555,.T.);
#3914=EDGE_CURVE('',#4556,#4553,#4557,.T.);
#3915=EDGE_CURVE('',#4556,#4443,#4558,.T.);
#3916=EDGE_CURVE('',#4559,#4556,#4560,.T.);
#3917=EDGE_CURVE('',#4559,#4445,#4561,.T.);
#3918=EDGE_CURVE('',#4562,#4559,#4563,.T.);
#3919=EDGE_CURVE('',#4562,#4447,#4564,.T.);
#3920=EDGE_CURVE('',#4542,#4562,#4565,.T.);
#3921=EDGE_CURVE('',#4566,#4566,#4567,.T.);
#3922=EDGE_CURVE('',#4476,#4506,#4568,.T.);
#3923=EDGE_CURVE('',#4474,#4508,#4569,.T.);
#3924=EDGE_CURVE('',#4480,#4502,#4570,.T.);
#3925=EDGE_CURVE('',#4478,#4504,#4571,.T.);
#3926=EDGE_CURVE('',#4572,#4498,#4573,.T.);
#3927=EDGE_CURVE('',#4574,#4572,#4575,.F.);
#3928=EDGE_CURVE('',#4484,#4574,#4576,.T.);
#3929=EDGE_CURVE('',#4482,#4500,#4577,.T.);
#3930=EDGE_CURVE('',#4578,#4574,#4579,.T.);
#3931=EDGE_CURVE('',#4578,#4486,#4580,.T.);
#3932=EDGE_CURVE('',#4521,#4581,#4582,.T.);
#3933=EDGE_CURVE('',#4519,#4488,#4583,.F.);
#3934=EDGE_CURVE('',#4581,#4578,#4584,.T.);
#3935=EDGE_CURVE('',#4515,#4469,#4585,.T.);
#3936=EDGE_CURVE('',#4517,#4490,#4586,.F.);
#3937=EDGE_CURVE('',#4513,#4468,#4587,.T.);
#3938=EDGE_CURVE('',#4511,#4471,#4588,.T.);
#3939=EDGE_CURVE('',#4525,#4589,#4590,.F.);
#3940=EDGE_CURVE('',#4523,#4591,#4592,.T.);
#3941=EDGE_CURVE('',#4589,#4591,#4593,.T.);
#3942=EDGE_CURVE('',#4527,#4594,#4595,.F.);
#3943=EDGE_CURVE('',#4594,#4596,#4597,.T.);
#3944=EDGE_CURVE('',#4529,#4596,#4598,.T.);
#3945=EDGE_CURVE('',#4596,#4599,#4600,.T.);
#3946=EDGE_CURVE('',#4599,#4531,#4601,.T.);
#3947=EDGE_CURVE('',#4602,#4494,#4603,.F.);
#3948=EDGE_CURVE('',#4602,#4599,#4604,.T.);
#3949=EDGE_CURVE('',#4605,#4493,#4606,.F.);
#3950=EDGE_CURVE('',#4605,#4607,#4608,.T.);
#3951=EDGE_CURVE('',#4607,#4496,#4609,.T.);
#3952=EDGE_CURVE('',#4610,#4611,#4612,.T.);
#3953=EDGE_CURVE('',#4613,#4610,#4614,.T.);
#3954=EDGE_CURVE('',#4615,#4613,#4616,.T.);
#3955=EDGE_CURVE('',#4617,#4615,#4618,.T.);
#3956=EDGE_CURVE('',#4619,#4617,#4620,.T.);
#3957=EDGE_CURVE('',#4621,#4619,#4622,.T.);
#3958=EDGE_CURVE('',#4623,#4621,#4624,.T.);
#3959=EDGE_CURVE('',#4611,#4623,#4625,.T.);
#3960=EDGE_CURVE('',#4626,#4626,#4627,.F.);
#3961=EDGE_CURVE('',#4602,#4605,#4628,.F.);
#3962=EDGE_CURVE('',#4589,#4594,#4629,.F.);
#3963=EDGE_CURVE('',#4578,#4591,#4630,.F.);
#3964=EDGE_CURVE('',#4607,#4572,#4631,.T.);
#3965=EDGE_CURVE('',#4632,#4633,#4634,.T.);
#3966=EDGE_CURVE('',#4635,#4632,#4636,.F.);
#3967=EDGE_CURVE('',#4637,#4635,#4638,.T.);
#3968=EDGE_CURVE('',#4610,#4637,#4639,.T.);
#3969=EDGE_CURVE('',#4611,#4640,#4641,.T.);
#3970=EDGE_CURVE('',#4642,#4640,#4643,.T.);
#3971=EDGE_CURVE('',#4633,#4642,#4644,.T.);
#3972=EDGE_CURVE('',#4645,#4637,#4646,.T.);
#3973=EDGE_CURVE('',#4647,#4645,#4648,.T.);
#3974=EDGE_CURVE('',#4649,#4647,#4650,.T.);
#3975=EDGE_CURVE('',#4613,#4649,#4651,.T.);
#3976=EDGE_CURVE('',#4652,#4649,#4653,.T.);
#3977=EDGE_CURVE('',#4615,#4652,#4654,.T.);
#3978=EDGE_CURVE('',#4655,#4652,#4656,.T.);
#3979=EDGE_CURVE('',#4617,#4655,#4657,.T.);
#3980=EDGE_CURVE('',#4658,#4655,#4659,.T.);
#3981=EDGE_CURVE('',#4619,#4658,#4660,.T.);
#3982=EDGE_CURVE('',#4661,#4658,#4662,.T.);
#3983=EDGE_CURVE('',#4621,#4661,#4663,.T.);
#3984=EDGE_CURVE('',#4664,#4661,#4665,.T.);
#3985=EDGE_CURVE('',#4623,#4664,#4666,.T.);
#3986=EDGE_CURVE('',#4667,#4664,#4668,.T.);
#3987=EDGE_CURVE('',#4667,#4669,#4670,.T.);
#3988=EDGE_CURVE('',#4640,#4669,#4671,.T.);
#3989=EDGE_CURVE('',#4672,#4672,#4673,.T.);
#3990=EDGE_CURVE('',#4674,#4675,#4676,.F.);
#3991=EDGE_CURVE('',#4674,#4677,#4678,.T.);
#3992=EDGE_CURVE('',#4677,#4679,#4680,.T.);
#3993=EDGE_CURVE('',#4675,#4679,#4681,.T.);
#3994=EDGE_CURVE('',#4682,#4635,#4683,.T.);
#3995=EDGE_CURVE('',#4682,#4645,#4684,.T.);
#3996=EDGE_CURVE('',#4642,#4685,#4686,.T.);
#3997=EDGE_CURVE('',#4669,#4685,#4687,.T.);
#3998=EDGE_CURVE('',#4688,#4689,#4690,.F.);
#3999=EDGE_CURVE('',#4685,#4688,#4691,.F.);
#4000=EDGE_CURVE('',#4667,#4647,#4692,.T.);
#4001=EDGE_CURVE('',#4689,#4682,#4693,.T.);
#4002=EDGE_CURVE('',#4694,#4694,#4695,.T.);
#4003=EDGE_CURVE('',#4696,#4696,#4697,.T.);
#4004=EDGE_CURVE('',#4698,#4699,#4700,.F.);
#4005=EDGE_CURVE('',#4699,#4701,#4702,.T.);
#4006=EDGE_CURVE('',#4703,#4701,#4704,.T.);
#4007=EDGE_CURVE('',#4698,#4703,#4705,.T.);
#4008=EDGE_CURVE('',#4706,#4707,#4708,.F.);
#4009=EDGE_CURVE('',#4706,#4709,#4710,.T.);
#4010=EDGE_CURVE('',#4682,#4709,#4711,.F.);
#4011=EDGE_CURVE('',#4677,#4632,#4712,.T.);
#4012=EDGE_CURVE('',#4698,#4674,#4713,.F.);
#4013=EDGE_CURVE('',#4714,#4703,#4715,.T.);
#4014=EDGE_CURVE('',#4707,#4714,#4716,.T.);
#4015=EDGE_CURVE('',#4717,#4718,#4719,.F.);
#4016=EDGE_CURVE('',#4717,#4720,#4721,.T.);
#4017=EDGE_CURVE('',#4701,#4720,#4722,.T.);
#4018=EDGE_CURVE('',#4675,#4699,#4723,.F.);
#4019=EDGE_CURVE('',#4633,#4679,#4724,.F.);
#4020=EDGE_CURVE('',#4725,#4685,#4726,.T.);
#4021=EDGE_CURVE('',#4718,#4725,#4727,.T.);
#4022=EDGE_CURVE('',#4718,#4706,#4728,.F.);
#4023=EDGE_CURVE('',#4725,#4709,#4729,.F.);
#4024=EDGE_CURVE('',#4730,#4730,#4731,.T.);
#4025=EDGE_CURVE('',#4732,#4732,#4733,.F.);
#4026=EDGE_CURVE('',#4720,#4714,#4734,.T.);
#4027=EDGE_CURVE('',#4717,#4707,#4735,.F.);
#4028=EDGE_CURVE('',#4736,#4736,#4737,.F.);
#4029=EDGE_CURVE('',#4738,#4738,#4739,.F.);
#4030=EDGE_CURVE('',#4740,#4740,#4741,.F.);
#4031=EDGE_CURVE('',#4742,#4742,#4743,.T.);
#4032=EDGE_CURVE('',#4744,#4744,#4745,.T.);
#4033=EDGE_CURVE('',#4746,#4746,#4747,.T.);
#4034=EDGE_CURVE('',#4336,#4406,#4748,.F.);
#4035=EDGE_CURVE('',#4581,#4591,#4749,.F.);
#4036=EDGE_CURVE('',#4725,#4688,#4750,.F.);
#4037=EDGE_CURVE('',#4689,#4709,#4751,.F.);
#4038=VERTEX_POINT('',#4752);
#4039=CIRCLE('',#4753,2.75);
#4040=VERTEX_POINT('',#4757);
#4041=CIRCLE('',#4758,0.65);
#4042=VERTEX_POINT('',#4762);
#4043=VERTEX_POINT('',#4763);
#4044=CIRCLE('',#4764,0.85);
#4045=VERTEX_POINT('',#4768);
#4046=LINE('',#4769,#4770);
#4047=VERTEX_POINT('',#4772);
#4048=LINE('',#4773,#4774);
#4049=LINE('',#4776,#4777);
#4050=VERTEX_POINT('',#4779);
#4051=VERTEX_POINT('',#4780);
#4052=LINE('',#4781,#4782);
#4053=VERTEX_POINT('',#4784);
#4054=LINE('',#4785,#4786);
#4055=VERTEX_POINT('',#4788);
#4056=CIRCLE('',#4789,0.85);
#4057=LINE('',#4793,#4794);
#4058=VERTEX_POINT('',#4796);
#4059=VERTEX_POINT('',#4797);
#4060=LINE('',#4798,#4799);
#4061=VERTEX_POINT('',#4801);
#4062=LINE('',#4802,#4803);
#4063=VERTEX_POINT('',#4805);
#4064=LINE('',#4806,#4807);
#4065=VERTEX_POINT('',#4809);
#4066=LINE('',#4810,#4811);
#4067=VERTEX_POINT('',#4813);
#4068=LINE('',#4814,#4815);
#4069=VERTEX_POINT('',#4817);
#4070=LINE('',#4818,#4819);
#4071=VERTEX_POINT('',#4821);
#4072=LINE('',#4822,#4823);
#4073=VERTEX_POINT('',#4825);
#4074=LINE('',#4826,#4827);
#4075=VERTEX_POINT('',#4829);
#4076=LINE('',#4830,#4831);
#4077=VERTEX_POINT('',#4833);
#4078=LINE('',#4834,#4835);
#4079=VERTEX_POINT('',#4837);
#4080=LINE('',#4838,#4839);
#4081=VERTEX_POINT('',#4841);
#4082=LINE('',#4842,#4843);
#4083=VERTEX_POINT('',#4845);
#4084=LINE('',#4846,#4847);
#4085=VERTEX_POINT('',#4849);
#4086=LINE('',#4850,#4851);
#4087=VERTEX_POINT('',#4853);
#4088=LINE('',#4854,#4855);
#4089=LINE('',#4857,#4858);
#4090=VERTEX_POINT('',#4860);
#4091=VERTEX_POINT('',#4861);
#4092=LINE('',#4862,#4863);
#4093=VERTEX_POINT('',#4865);
#4094=LINE('',#4866,#4867);
#4095=VERTEX_POINT('',#4869);
#4096=LINE('',#4870,#4871);
#4097=VERTEX_POINT('',#4873);
#4098=LINE('',#4874,#4875);
#4099=VERTEX_POINT('',#4877);
#4100=LINE('',#4878,#4879);
#4101=VERTEX_POINT('',#4881);
#4102=LINE('',#4882,#4883);
#4103=VERTEX_POINT('',#4885);
#4104=LINE('',#4886,#4887);
#4105=VERTEX_POINT('',#4889);
#4106=LINE('',#4890,#4891);
#4107=VERTEX_POINT('',#4893);
#4108=LINE('',#4894,#4895);
#4109=VERTEX_POINT('',#4897);
#4110=LINE('',#4898,#4899);
#4111=VERTEX_POINT('',#4901);
#4112=LINE('',#4902,#4903);
#4113=VERTEX_POINT('',#4905);
#4114=LINE('',#4906,#4907);
#4115=VERTEX_POINT('',#4909);
#4116=LINE('',#4910,#4911);
#4117=VERTEX_POINT('',#4913);
#4118=LINE('',#4914,#4915);
#4119=VERTEX_POINT('',#4917);
#4120=LINE('',#4918,#4919);
#4121=LINE('',#4921,#4922);
#4122=VERTEX_POINT('',#4924);
#4123=B_SPLINE_CURVE_WITH_KNOTS('',3,
(#4925,#4926,#4927,#4928,#4929,#4930,#4931,#4932,#4933,#4934,#4935,#4936,#4937,#4938),
.UNSPECIFIED.,.F.,.F.,
(4,1,1,1,1,1,1,1,1,1,1,4),
(0.,0.102645591029458,0.2040378631858,0.304243418016687,0.425762506536153,0.55917233424086,
0.694646522921275,0.79085779058279,0.858412430608351,0.906424188514062,0.953701501679325,
1.),
.UNSPECIFIED.);
#4124=VERTEX_POINT('',#4939);
#4125=LINE('',#4940,#4941);
#4126=VERTEX_POINT('',#4943);
#4127=LINE('',#4944,#4945);
#4128=VERTEX_POINT('',#4947);
#4129=LINE('',#4948,#4949);
#4130=VERTEX_POINT('',#4951);
#4131=LINE('',#4952,#4953);
#4132=CIRCLE('',#4955,0.2);
#4133=VERTEX_POINT('',#4959);
#4134=B_SPLINE_CURVE_WITH_KNOTS('',3,
(#4960,#4961,#4962,#4963,#4964,#4965,#4966,#4967,#4968,#4969,#4970,#4971,#4972,#4973),
.UNSPECIFIED.,.F.,.F.,
(4,1,1,1,1,1,1,1,1,1,1,4),
(0.,0.102645591029458,0.204037863185799,0.304243418016687,0.425762506536155,0.559172334240857,
0.694646522921278,0.790857790582794,0.858412430608352,0.906424188514063,0.953701501679325,
1.),
.UNSPECIFIED.);
#4135=VERTEX_POINT('',#4974);
#4136=CIRCLE('',#4975,0.2);
#4137=VERTEX_POINT('',#4979);
#4138=LINE('',#4980,#4981);
#4139=VERTEX_POINT('',#4983);
#4140=LINE('',#4984,#4985);
#4141=VERTEX_POINT('',#4987);
#4142=LINE('',#4988,#4989);
#4143=LINE('',#4991,#4992);
#4144=VERTEX_POINT('',#4994);
#4145=CIRCLE('',#4995,0.2);
#4146=VERTEX_POINT('',#4999);
#4147=B_SPLINE_CURVE_WITH_KNOTS('',3,
(#5000,#5001,#5002,#5003,#5004,#5005,#5006,#5007,#5008,#5009,#5010,#5011,#5012,#5013),
.UNSPECIFIED.,.F.,.F.,
(4,1,1,1,1,1,1,1,1,1,1,4),
(0.,0.102645591029457,0.204037863185799,0.304243418016687,0.425762506536154,0.55917233424086,
0.694646522921278,0.790857790582794,0.85841243060835,0.90642418851406,0.953701501679323,
1.),
.UNSPECIFIED.);
#4148=VERTEX_POINT('',#5014);
#4149=LINE('',#5015,#5016);
#4150=VERTEX_POINT('',#5018);
#4151=LINE('',#5019,#5020);
#4152=VERTEX_POINT('',#5022);
#4153=LINE('',#5023,#5024);
#4154=LINE('',#5026,#5027);
#4155=VERTEX_POINT('',#5029);
#4156=CIRCLE('',#5030,0.2);
#4157=VERTEX_POINT('',#5034);
#4158=LINE('',#5035,#5036);
#4159=VERTEX_POINT('',#5038);
#4160=LINE('',#5039,#5040);
#4161=VERTEX_POINT('',#5042);
#4162=LINE('',#5043,#5044);
#4163=VERTEX_POINT('',#5046);
#4164=LINE('',#5047,#5048);
#4165=B_SPLINE_CURVE_WITH_KNOTS('',3,
(#5050,#5051,#5052,#5053,#5054,#5055,#5056,#5057,#5058,#5059,#5060,#5061,#5062,#5063),
.UNSPECIFIED.,.F.,.F.,
(4,1,1,1,1,1,1,1,1,1,1,4),
(0.,0.102645591029458,0.2040378631858,0.304243418016687,0.425762506536153,0.559172334240859,
0.694646522921277,0.79085779058279,0.858412430608351,0.906424188514061,0.953701501679322,
1.),
.UNSPECIFIED.);
#4166=CIRCLE('',#5064,0.65);
#4167=CIRCLE('',#5068,2.25);
#4168=CIRCLE('',#5072,0.65);
#4169=CIRCLE('',#5076,2.25);
#4170=CIRCLE('',#5080,0.65);
#4171=CIRCLE('',#5084,2.25);
#4172=CIRCLE('',#5088,0.65);
#4173=CIRCLE('',#5092,2.25);
#4174=CIRCLE('',#5096,0.65);
#4175=CIRCLE('',#5100,0.65);
#4176=VERTEX_POINT('',#5104);
#4177=CIRCLE('',#5105,0.65);
#4178=CIRCLE('',#5109,0.65);
#4179=CIRCLE('',#5113,0.65);
#4180=VERTEX_POINT('',#5117);
#4181=VERTEX_POINT('',#5118);
#4182=LINE('',#5119,#5120);
#4183=VERTEX_POINT('',#5122);
#4184=CIRCLE('',#5123,2.75);
#4185=VERTEX_POINT('',#5127);
#4186=LINE('',#5128,#5129);
#4187=VERTEX_POINT('',#5131);
#4188=CIRCLE('',#5132,2.75);
#4189=CIRCLE('',#5136,2.75);
#4190=LINE('',#5140,#5141);
#4191=VERTEX_POINT('',#5143);
#4192=LINE('',#5144,#5145);
#4193=VERTEX_POINT('',#5147);
#4194=LINE('',#5148,#5149);
#4195=LINE('',#5151,#5152);
#4196=LINE('',#5154,#5155);
#4197=VERTEX_POINT('',#5157);
#4198=LINE('',#5158,#5159);
#4199=VERTEX_POINT('',#5161);
#4200=LINE('',#5162,#5163);
#4201=LINE('',#5165,#5166);
#4202=CIRCLE('',#5168,2.25);
#4203=CIRCLE('',#5172,2.25);
#4204=CIRCLE('',#5176,2.25);
#4205=CIRCLE('',#5180,2.25);
#4206=LINE('',#5184,#5185);
#4207=LINE('',#5187,#5188);
#4208=VERTEX_POINT('',#5190);
#4209=VERTEX_POINT('',#5191);
#4210=LINE('',#5192,#5193);
#4211=VERTEX_POINT('',#5195);
#4212=LINE('',#5196,#5197);
#4213=VERTEX_POINT('',#5199);
#4214=LINE('',#5200,#5201);
#4215=CIRCLE('',#5203,3.1);
#4216=VERTEX_POINT('',#5207);
#4217=LINE('',#5208,#5209);
#4218=VERTEX_POINT('',#5211);
#4219=LINE('',#5212,#5213);
#4220=LINE('',#5215,#5216);
#4221=LINE('',#5218,#5219);
#4222=VERTEX_POINT('',#5221);
#4223=LINE('',#5222,#5223);
#4224=VERTEX_POINT('',#5225);
#4225=LINE('',#5226,#5227);
#4226=LINE('',#5229,#5230);
#4227=VERTEX_POINT('',#5232);
#4228=LINE('',#5233,#5234);
#4229=LINE('',#5236,#5237);
#4230=VERTEX_POINT('',#5239);
#4231=LINE('',#5240,#5241);
#4232=LINE('',#5243,#5244);
#4233=LINE('',#5246,#5247);
#4234=LINE('',#5249,#5250);
#4235=CIRCLE('',#5252,2.25);
#4236=CIRCLE('',#5256,2.25);
#4237=CIRCLE('',#5260,2.25);
#4238=CIRCLE('',#5264,2.25);
#4239=VERTEX_POINT('',#5268);
#4240=LINE('',#5269,#5270);
#4241=LINE('',#5272,#5273);
#4242=VERTEX_POINT('',#5275);
#4243=LINE('',#5276,#5277);
#4244=LINE('',#5279,#5280);
#4245=LINE('',#5282,#5283);
#4246=VERTEX_POINT('',#5285);
#4247=LINE('',#5286,#5287);
#4248=VERTEX_POINT('',#5289);
#4249=LINE('',#5290,#5291);
#4250=LINE('',#5293,#5294);
#4251=LINE('',#5296,#5297);
#4252=VERTEX_POINT('',#5299);
#4253=CIRCLE('',#5300,3.1);
#4254=LINE('',#5304,#5305);
#4255=LINE('',#5307,#5308);
#4256=VERTEX_POINT('',#5310);
#4257=LINE('',#5311,#5312);
#4258=LINE('',#5314,#5315);
#4259=VERTEX_POINT('',#5317);
#4260=VERTEX_POINT('',#5318);
#4261=LINE('',#5319,#5320);
#4262=VERTEX_POINT('',#5322);
#4263=CIRCLE('',#5323,2.25);
#4264=LINE('',#5327,#5328);
#4265=VERTEX_POINT('',#5330);
#4266=LINE('',#5331,#5332);
#4267=VERTEX_POINT('',#5334);
#4268=CIRCLE('',#5335,2.25);
#4269=VERTEX_POINT('',#5339);
#4270=LINE('',#5340,#5341);
#4271=LINE('',#5343,#5344);
#4272=VERTEX_POINT('',#5346);
#4273=LINE('',#5347,#5348);
#4274=VERTEX_POINT('',#5350);
#4275=LINE('',#5351,#5352);
#4276=VERTEX_POINT('',#5354);
#4277=LINE('',#5355,#5356);
#4278=LINE('',#5358,#5359);
#4279=VERTEX_POINT('',#5361);
#4280=LINE('',#5362,#5363);
#4281=LINE('',#5365,#5366);
#4282=VERTEX_POINT('',#5368);
#4283=LINE('',#5369,#5370);
#4284=LINE('',#5372,#5373);
#4285=CIRCLE('',#5375,2.25);
#4286=VERTEX_POINT('',#5379);
#4287=CIRCLE('',#5380,2.25);
#4288=LINE('',#5384,#5385);
#4289=LINE('',#5387,#5388);
#4290=VERTEX_POINT('',#5390);
#4291=VERTEX_POINT('',#5391);
#4292=CIRCLE('',#5392,0.300000000000001);
#4293=VERTEX_POINT('',#5396);
#4294=LINE('',#5397,#5398);
#4295=VERTEX_POINT('',#5400);
#4296=CIRCLE('',#5401,0.3);
#4297=VERTEX_POINT('',#5405);
#4298=LINE('',#5406,#5407);
#4299=VERTEX_POINT('',#5409);
#4300=CIRCLE('',#5410,0.3);
#4301=VERTEX_POINT('',#5414);
#4302=LINE('',#5415,#5416);
#4303=VERTEX_POINT('',#5418);
#4304=CIRCLE('',#5419,0.3);
#4305=VERTEX_POINT('',#5423);
#4306=LINE('',#5424,#5425);
#4307=VERTEX_POINT('',#5427);
#4308=LINE('',#5428,#5429);
#4309=VERTEX_POINT('',#5431);
#4310=CIRCLE('',#5432,0.3);
#4311=VERTEX_POINT('',#5436);
#4312=LINE('',#5437,#5438);
#4313=VERTEX_POINT('',#5440);
#4314=CIRCLE('',#5441,0.3);
#4315=VERTEX_POINT('',#5445);
#4316=LINE('',#5446,#5447);
#4317=VERTEX_POINT('',#5449);
#4318=CIRCLE('',#5450,0.3);
#4319=VERTEX_POINT('',#5454);
#4320=LINE('',#5455,#5456);
#4321=VERTEX_POINT('',#5458);
#4322=CIRCLE('',#5459,0.3);
#4323=VERTEX_POINT('',#5463);
#4324=LINE('',#5464,#5465);
#4325=VERTEX_POINT('',#5467);
#4326=CIRCLE('',#5468,0.300000000000001);
#4327=VERTEX_POINT('',#5472);
#4328=LINE('',#5473,#5474);
#4329=VERTEX_POINT('',#5476);
#4330=LINE('',#5477,#5478);
#4331=VERTEX_POINT('',#5480);
#4332=LINE('',#5481,#5482);
#4333=VERTEX_POINT('',#5484);
#4334=CIRCLE('',#5485,0.299999999999999);
#4335=LINE('',#5489,#5490);
#4336=VERTEX_POINT('',#5492);
#4337=VERTEX_POINT('',#5493);
#4338=LINE('',#5494,#5495);
#4339=VERTEX_POINT('',#5497);
#4340=LINE('',#5498,#5499);
#4341=VERTEX_POINT('',#5501);
#4342=CIRCLE('',#5502,0.3);
#4343=VERTEX_POINT('',#5506);
#4344=LINE('',#5507,#5508);
#4345=VERTEX_POINT('',#5510);
#4346=LINE('',#5511,#5512);
#4347=VERTEX_POINT('',#5514);
#4348=LINE('',#5515,#5516);
#4349=VERTEX_POINT('',#5518);
#4350=CIRCLE('',#5519,0.3);
#4351=VERTEX_POINT('',#5523);
#4352=LINE('',#5524,#5525);
#4353=VERTEX_POINT('',#5527);
#4354=CIRCLE('',#5528,0.3);
#4355=VERTEX_POINT('',#5532);
#4356=LINE('',#5533,#5534);
#4357=LINE('',#5536,#5537);
#4358=LINE('',#5539,#5540);
#4359=LINE('',#5542,#5543);
#4360=LINE('',#5545,#5546);
#4361=LINE('',#5548,#5549);
#4362=LINE('',#5551,#5552);
#4363=LINE('',#5554,#5555);
#4364=LINE('',#5557,#5558);
#4365=LINE('',#5560,#5561);
#4366=VERTEX_POINT('',#5563);
#4367=VERTEX_POINT('',#5564);
#4368=LINE('',#5565,#5566);
#4369=VERTEX_POINT('',#5568);
#4370=LINE('',#5569,#5570);
#4371=VERTEX_POINT('',#5572);
#4372=LINE('',#5573,#5574);
#4373=LINE('',#5576,#5577);
#4374=VERTEX_POINT('',#5579);
#4375=VERTEX_POINT('',#5580);
#4376=LINE('',#5581,#5582);
#4377=VERTEX_POINT('',#5584);
#4378=LINE('',#5585,#5586);
#4379=VERTEX_POINT('',#5588);
#4380=LINE('',#5589,#5590);
#4381=LINE('',#5592,#5593);
#4382=VERTEX_POINT('',#5595);
#4383=LINE('',#5596,#5597);
#4384=VERTEX_POINT('',#5599);
#4385=LINE('',#5600,#5601);
#4386=LINE('',#5603,#5604);
#4387=VERTEX_POINT('',#5606);
#4388=LINE('',#5607,#5608);
#4389=LINE('',#5610,#5611);
#4390=VERTEX_POINT('',#5613);
#4391=LINE('',#5614,#5615);
#4392=VERTEX_POINT('',#5617);
#4393=LINE('',#5618,#5619);
#4394=LINE('',#5621,#5622);
#4395=VERTEX_POINT('',#5624);
#4396=LINE('',#5625,#5626);
#4397=VERTEX_POINT('',#5628);
#4398=LINE('',#5629,#5630);
#4399=LINE('',#5632,#5633);
#4400=LINE('',#5635,#5636);
#4401=VERTEX_POINT('',#5638);
#4402=LINE('',#5639,#5640);
#4403=VERTEX_POINT('',#5642);
#4404=LINE('',#5643,#5644);
#4405=LINE('',#5646,#5647);
#4406=VERTEX_POINT('',#5649);
#4407=LINE('',#5650,#5651);
#4408=LINE('',#5653,#5654);
#4409=VERTEX_POINT('',#5656);
#4410=LINE('',#5657,#5658);
#4411=VERTEX_POINT('',#5660);
#4412=LINE('',#5661,#5662);
#4413=LINE('',#5664,#5665);
#4414=VERTEX_POINT('',#5667);
#4415=LINE('',#5668,#5669);
#4416=VERTEX_POINT('',#5671);
#4417=LINE('',#5672,#5673);
#4418=LINE('',#5675,#5676);
#4419=VERTEX_POINT('',#5678);
#4420=LINE('',#5679,#5680);
#4421=VERTEX_POINT('',#5682);
#4422=LINE('',#5683,#5684);
#4423=LINE('',#5686,#5687);
#4424=LINE('',#5689,#5690);
#4425=VERTEX_POINT('',#5692);
#4426=LINE('',#5693,#5694);
#4427=VERTEX_POINT('',#5696);
#4428=LINE('',#5697,#5698);
#4429=VERTEX_POINT('',#5700);
#4430=CIRCLE('',#5701,2.);
#4431=VERTEX_POINT('',#5705);
#4432=LINE('',#5706,#5707);
#4433=CIRCLE('',#5709,2.);
#4434=VERTEX_POINT('',#5713);
#4435=VERTEX_POINT('',#5714);
#4436=LINE('',#5715,#5716);
#4437=VERTEX_POINT('',#5718);
#4438=LINE('',#5719,#5720);
#4439=VERTEX_POINT('',#5722);
#4440=LINE('',#5723,#5724);
#4441=VERTEX_POINT('',#5726);
#4442=LINE('',#5727,#5728);
#4443=VERTEX_POINT('',#5730);
#4444=LINE('',#5731,#5732);
#4445=VERTEX_POINT('',#5734);
#4446=LINE('',#5735,#5736);
#4447=VERTEX_POINT('',#5738);
#4448=LINE('',#5739,#5740);
#4449=LINE('',#5742,#5743);
#4450=VERTEX_POINT('',#5745);
#4451=LINE('',#5746,#5747);
#4452=LINE('',#5749,#5750);
#4453=VERTEX_POINT('',#5752);
#4454=CIRCLE('',#5753,2.);
#4455=VERTEX_POINT('',#5757);
#4456=LINE('',#5758,#5759);
#4457=VERTEX_POINT('',#5761);
#4458=CIRCLE('',#5762,2.);
#4459=LINE('',#5766,#5767);
#4460=VERTEX_POINT('',#5769);
#4461=CIRCLE('',#5770,3.1);
#4462=LINE('',#5774,#5775);
#4463=VERTEX_POINT('',#5777);
#4464=VERTEX_POINT('',#5778);
#4465=LINE('',#5779,#5780);
#4466=LINE('',#5782,#5783);
#4467=LINE('',#5785,#5786);
#4468=VERTEX_POINT('',#5788);
#4469=VERTEX_POINT('',#5789);
#4470=CIRCLE('',#5790,0.3);
#4471=VERTEX_POINT('',#5794);
#4472=LINE('',#5795,#5796);
#4473=CIRCLE('',#5798,0.3);
#4474=VERTEX_POINT('',#5802);
#4475=CIRCLE('',#5803,0.3);
#4476=VERTEX_POINT('',#5807);
#4477=LINE('',#5808,#5809);
#4478=VERTEX_POINT('',#5811);
#4479=CIRCLE('',#5812,0.3);
#4480=VERTEX_POINT('',#5816);
#4481=LINE('',#5817,#5818);
#4482=VERTEX_POINT('',#5820);
#4483=CIRCLE('',#5821,0.3);
#4484=VERTEX_POINT('',#5825);
#4485=LINE('',#5826,#5827);
#4486=VERTEX_POINT('',#5829);
#4487=LINE('',#5830,#5831);
#4488=VERTEX_POINT('',#5833);
#4489=LINE('',#5834,#5835);
#4490=VERTEX_POINT('',#5837);
#4491=CIRCLE('',#5838,0.3);
#4492=LINE('',#5842,#5843);
#4493=VERTEX_POINT('',#5845);
#4494=VERTEX_POINT('',#5846);
#4495=CIRCLE('',#5847,0.3);
#4496=VERTEX_POINT('',#5851);
#4497=LINE('',#5852,#5853);
#4498=VERTEX_POINT('',#5855);
#4499=CIRCLE('',#5856,0.3);
#4500=VERTEX_POINT('',#5860);
#4501=LINE('',#5861,#5862);
#4502=VERTEX_POINT('',#5864);
#4503=CIRCLE('',#5865,0.3);
#4504=VERTEX_POINT('',#5869);
#4505=LINE('',#5870,#5871);
#4506=VERTEX_POINT('',#5873);
#4507=CIRCLE('',#5874,0.3);
#4508=VERTEX_POINT('',#5878);
#4509=LINE('',#5879,#5880);
#4510=CIRCLE('',#5882,0.3);
#4511=VERTEX_POINT('',#5886);
#4512=CIRCLE('',#5887,0.3);
#4513=VERTEX_POINT('',#5891);
#4514=LINE('',#5892,#5893);
#4515=VERTEX_POINT('',#5895);
#4516=CIRCLE('',#5896,0.3);
#4517=VERTEX_POINT('',#5900);
#4518=LINE('',#5901,#5902);
#4519=VERTEX_POINT('',#5904);
#4520=CIRCLE('',#5905,0.3);
#4521=VERTEX_POINT('',#5909);
#4522=LINE('',#5910,#5911);
#4523=VERTEX_POINT('',#5913);
#4524=CIRCLE('',#5914,0.3);
#4525=VERTEX_POINT('',#5918);
#4526=LINE('',#5919,#5920);
#4527=VERTEX_POINT('',#5922);
#4528=CIRCLE('',#5923,0.3);
#4529=VERTEX_POINT('',#5927);
#4530=LINE('',#5928,#5929);
#4531=VERTEX_POINT('',#5931);
#4532=LINE('',#5932,#5933);
#4533=LINE('',#5935,#5936);
#4534=CIRCLE('',#5938,0.3);
#4535=CIRCLE('',#5942,0.3);
#4536=CIRCLE('',#5946,0.3);
#4537=CIRCLE('',#5950,0.3);
#4538=CIRCLE('',#5954,0.3);
#4539=CIRCLE('',#5958,0.3);
#4540=LINE('',#5962,#5963);
#4541=LINE('',#5965,#5966);
#4542=VERTEX_POINT('',#5968);
#4543=LINE('',#5969,#5970);
#4544=VERTEX_POINT('',#5972);
#4545=LINE('',#5973,#5974);
#4546=LINE('',#5976,#5977);
#4547=VERTEX_POINT('',#5979);
#4548=LINE('',#5980,#5981);
#4549=LINE('',#5983,#5984);
#4550=VERTEX_POINT('',#5986);
#4551=LINE('',#5987,#5988);
#4552=LINE('',#5990,#5991);
#4553=VERTEX_POINT('',#5993);
#4554=LINE('',#5994,#5995);
#4555=LINE('',#5997,#5998);
#4556=VERTEX_POINT('',#6000);
#4557=LINE('',#6001,#6002);
#4558=LINE('',#6004,#6005);
#4559=VERTEX_POINT('',#6007);
#4560=LINE('',#6008,#6009);
#4561=LINE('',#6011,#6012);
#4562=VERTEX_POINT('',#6014);
#4563=LINE('',#6015,#6016);
#4564=LINE('',#6018,#6019);
#4565=LINE('',#6021,#6022);
#4566=VERTEX_POINT('',#6024);
#4567=CIRCLE('',#6025,3.1);
#4568=LINE('',#6029,#6030);
#4569=LINE('',#6032,#6033);
#4570=LINE('',#6035,#6036);
#4571=LINE('',#6038,#6039);
#4572=VERTEX_POINT('',#6041);
#4573=LINE('',#6042,#6043);
#4574=VERTEX_POINT('',#6045);
#4575=LINE('',#6046,#6047);
#4576=LINE('',#6049,#6050);
#4577=LINE('',#6052,#6053);
#4578=VERTEX_POINT('',#6055);
#4579=LINE('',#6056,#6057);
#4580=LINE('',#6059,#6060);
#4581=VERTEX_POINT('',#6062);
#4582=LINE('',#6063,#6064);
#4583=LINE('',#6066,#6067);
#4584=LINE('',#6069,#6070);
#4585=LINE('',#6072,#6073);
#4586=LINE('',#6075,#6076);
#4587=LINE('',#6078,#6079);
#4588=LINE('',#6081,#6082);
#4589=VERTEX_POINT('',#6084);
#4590=LINE('',#6085,#6086);
#4591=VERTEX_POINT('',#6088);
#4592=LINE('',#6089,#6090);
#4593=LINE('',#6092,#6093);
#4594=VERTEX_POINT('',#6095);
#4595=LINE('',#6096,#6097);
#4596=VERTEX_POINT('',#6099);
#4597=LINE('',#6100,#6101);
#4598=LINE('',#6103,#6104);
#4599=VERTEX_POINT('',#6106);
#4600=LINE('',#6107,#6108);
#4601=LINE('',#6110,#6111);
#4602=VERTEX_POINT('',#6113);
#4603=LINE('',#6114,#6115);
#4604=LINE('',#6117,#6118);
#4605=VERTEX_POINT('',#6120);
#4606=LINE('',#6121,#6122);
#4607=VERTEX_POINT('',#6124);
#4608=LINE('',#6125,#6126);
#4609=LINE('',#6128,#6129);
#4610=VERTEX_POINT('',#6131);
#4611=VERTEX_POINT('',#6132);
#4612=LINE('',#6133,#6134);
#4613=VERTEX_POINT('',#6136);
#4614=LINE('',#6137,#6138);
#4615=VERTEX_POINT('',#6140);
#4616=LINE('',#6141,#6142);
#4617=VERTEX_POINT('',#6144);
#4618=LINE('',#6145,#6146);
#4619=VERTEX_POINT('',#6148);
#4620=LINE('',#6149,#6150);
#4621=VERTEX_POINT('',#6152);
#4622=LINE('',#6153,#6154);
#4623=VERTEX_POINT('',#6156);
#4624=LINE('',#6157,#6158);
#4625=LINE('',#6160,#6161);
#4626=VERTEX_POINT('',#6163);
#4627=CIRCLE('',#6164,2.8);
#4628=CIRCLE('',#6168,0.3);
#4629=CIRCLE('',#6172,0.3);
#4630=LINE('',#6176,#6177);
#4631=CIRCLE('',#6179,0.3);
#4632=VERTEX_POINT('',#6183);
#4633=VERTEX_POINT('',#6184);
#4634=LINE('',#6185,#6186);
#4635=VERTEX_POINT('',#6188);
#4636=LINE('',#6189,#6190);
#4637=VERTEX_POINT('',#6192);
#4638=LINE('',#6193,#6194);
#4639=LINE('',#6196,#6197);
#4640=VERTEX_POINT('',#6199);
#4641=LINE('',#6200,#6201);
#4642=VERTEX_POINT('',#6203);
#4643=LINE('',#6204,#6205);
#4644=LINE('',#6207,#6208);
#4645=VERTEX_POINT('',#6210);
#4646=LINE('',#6211,#6212);
#4647=VERTEX_POINT('',#6214);
#4648=LINE('',#6215,#6216);
#4649=VERTEX_POINT('',#6218);
#4650=LINE('',#6219,#6220);
#4651=LINE('',#6222,#6223);
#4652=VERTEX_POINT('',#6225);
#4653=LINE('',#6226,#6227);
#4654=LINE('',#6229,#6230);
#4655=VERTEX_POINT('',#6232);
#4656=LINE('',#6233,#6234);
#4657=LINE('',#6236,#6237);
#4658=VERTEX_POINT('',#6239);
#4659=LINE('',#6240,#6241);
#4660=LINE('',#6243,#6244);
#4661=VERTEX_POINT('',#6246);
#4662=LINE('',#6247,#6248);
#4663=LINE('',#6250,#6251);
#4664=VERTEX_POINT('',#6253);
#4665=LINE('',#6254,#6255);
#4666=LINE('',#6257,#6258);
#4667=VERTEX_POINT('',#6260);
#4668=LINE('',#6261,#6262);
#4669=VERTEX_POINT('',#6264);
#4670=LINE('',#6265,#6266);
#4671=LINE('',#6268,#6269);
#4672=VERTEX_POINT('',#6271);
#4673=CIRCLE('',#6272,2.8);
#4674=VERTEX_POINT('',#6276);
#4675=VERTEX_POINT('',#6277);
#4676=LINE('',#6278,#6279);
#4677=VERTEX_POINT('',#6281);
#4678=LINE('',#6282,#6283);
#4679=VERTEX_POINT('',#6285);
#4680=LINE('',#6286,#6287);
#4681=LINE('',#6289,#6290);
#4682=VERTEX_POINT('',#6292);
#4683=LINE('',#6293,#6294);
#4684=LINE('',#6296,#6297);
#4685=VERTEX_POINT('',#6299);
#4686=LINE('',#6300,#6301);
#4687=LINE('',#6303,#6304);
#4688=VERTEX_POINT('',#6306);
#4689=VERTEX_POINT('',#6307);
#4690=LINE('',#6308,#6309);
#4691=LINE('',#6311,#6312);
#4692=LINE('',#6314,#6315);
#4693=LINE('',#6317,#6318);
#4694=VERTEX_POINT('',#6320);
#4695=CIRCLE('',#6321,1.5);
#4696=VERTEX_POINT('',#6325);
#4697=CIRCLE('',#6326,0.65);
#4698=VERTEX_POINT('',#6330);
#4699=VERTEX_POINT('',#6331);
#4700=LINE('',#6332,#6333);
#4701=VERTEX_POINT('',#6335);
#4702=LINE('',#6336,#6337);
#4703=VERTEX_POINT('',#6339);
#4704=LINE('',#6340,#6341);
#4705=LINE('',#6343,#6344);
#4706=VERTEX_POINT('',#6346);
#4707=VERTEX_POINT('',#6347);
#4708=CIRCLE('',#6348,0.3);
#4709=VERTEX_POINT('',#6352);
#4710=LINE('',#6353,#6354);
#4711=LINE('',#6356,#6357);
#4712=CIRCLE('',#6359,0.3);
#4713=CIRCLE('',#6363,0.3);
#4714=VERTEX_POINT('',#6367);
#4715=LINE('',#6368,#6369);
#4716=LINE('',#6371,#6372);
#4717=VERTEX_POINT('',#6374);
#4718=VERTEX_POINT('',#6375);
#4719=CIRCLE('',#6376,0.3);
#4720=VERTEX_POINT('',#6380);
#4721=LINE('',#6381,#6382);
#4722=LINE('',#6384,#6385);
#4723=CIRCLE('',#6387,0.3);
#4724=CIRCLE('',#6391,0.3);
#4725=VERTEX_POINT('',#6395);
#4726=LINE('',#6396,#6397);
#4727=LINE('',#6399,#6400);
#4728=LINE('',#6402,#6403);
#4729=LINE('',#6405,#6406);
#4730=VERTEX_POINT('',#6408);
#4731=CIRCLE('',#6409,1.5);
#4732=VERTEX_POINT('',#6413);
#4733=CIRCLE('',#6414,0.65);
#4734=LINE('',#6418,#6419);
#4735=LINE('',#6421,#6422);
#4736=VERTEX_POINT('',#6424);
#4737=CIRCLE('',#6425,1.45);
#4738=VERTEX_POINT('',#6429);
#4739=CIRCLE('',#6430,0.85);
#4740=VERTEX_POINT('',#6434);
#4741=CIRCLE('',#6435,1.25);
#4742=VERTEX_POINT('',#6439);
#4743=CIRCLE('',#6440,0.9);
#4744=VERTEX_POINT('',#6444);
#4745=CIRCLE('',#6445,1.25);
#4746=VERTEX_POINT('',#6449);
#4747=CIRCLE('',#6450,0.9);
#4748=CIRCLE('',#6454,0.300000000000007);
#4749=CIRCLE('',#6458,0.300000000000001);
#4750=CIRCLE('',#6462,0.300000000000001);
#4751=CIRCLE('',#6466,0.3);
#4752=CARTESIAN_POINT('',(-2.75,0.,1.45));
#4753=AXIS2_PLACEMENT_3D('',#4754,#4755,#4756);
#4754=CARTESIAN_POINT('',(0.,0.,1.45));
#4755=DIRECTION('',(-0.,0.,-1.));
#4756=DIRECTION('',(-1.,0.,0.));
#4757=CARTESIAN_POINT('',(-0.65,-7.9602041944578E-017,1.45));
#4758=AXIS2_PLACEMENT_3D('',#4759,#4760,#4761);
#4759=CARTESIAN_POINT('',(0.,0.,1.45));
#4760=DIRECTION('',(-0.,0.,-1.));
#4761=DIRECTION('',(-1.,0.,0.));
#4762=CARTESIAN_POINT('',(-0.700038015643049,-0.482127344852522,2.9));
#4763=CARTESIAN_POINT('',(-0.700038015643049,0.482127344852522,2.9));
#4764=AXIS2_PLACEMENT_3D('',#4765,#4766,#4767);
#4765=CARTESIAN_POINT('',(0.,0.,2.9));
#4766=DIRECTION('',(0.,0.,-1.));
#4767=DIRECTION('',(-0.823574136050646,-0.567208641002967,0.));
#4768=CARTESIAN_POINT('',(-2.,0.482127344852523,2.9));
#4769=CARTESIAN_POINT('',(-0.700038015643049,0.482127344852522,2.9));
#4770=VECTOR('',#4771,1.);
#4771=DIRECTION('',(-1.,1.70808537170316E-016,0.));
#4772=CARTESIAN_POINT('',(-2.,-0.482127344852522,2.9));
#4773=CARTESIAN_POINT('',(-2.,0.482127344852523,2.9));
#4774=VECTOR('',#4775,1.);
#4775=DIRECTION('',(0.,-1.,0.));
#4776=CARTESIAN_POINT('',(-2.,-0.482127344852522,2.9));
#4777=VECTOR('',#4778,1.);
#4778=DIRECTION('',(1.,-1.70808537170316E-016,0.));
#4779=CARTESIAN_POINT('',(2.,-0.482127344852523,2.9));
#4780=CARTESIAN_POINT('',(2.,0.482127344852522,2.9));
#4781=CARTESIAN_POINT('',(2.,-0.482127344852523,2.9));
#4782=VECTOR('',#4783,1.);
#4783=DIRECTION('',(0.,1.,0.));
#4784=CARTESIAN_POINT('',(0.700038015643049,0.482127344852522,2.9));
#4785=CARTESIAN_POINT('',(2.,0.482127344852522,2.9));
#4786=VECTOR('',#4787,1.);
#4787=DIRECTION('',(-1.,2.56212805755473E-016,0.));
#4788=CARTESIAN_POINT('',(0.700038015643049,-0.482127344852522,2.9));
#4789=AXIS2_PLACEMENT_3D('',#4790,#4791,#4792);
#4790=CARTESIAN_POINT('',(0.,0.,2.9));
#4791=DIRECTION('',(0.,0.,-1.));
#4792=DIRECTION('',(0.823574136050646,0.567208641002967,0.));
#4793=CARTESIAN_POINT('',(0.700038015643049,-0.482127344852522,2.9));
#4794=VECTOR('',#4795,1.);
#4795=DIRECTION('',(1.,-1.28106402877737E-016,0.));
#4796=CARTESIAN_POINT('',(-0.415331193145905,0.5,2.4));
#4797=CARTESIAN_POINT('',(-0.415331193145904,0.5,3.05));
#4798=CARTESIAN_POINT('',(-0.415331193145904,0.5,3.05));
#4799=VECTOR('',#4800,1.);
#4800=DIRECTION('',(0.,0.,-1.));
#4801=CARTESIAN_POINT('',(0.415331193145905,0.499999999999999,3.05));
#4802=CARTESIAN_POINT('',(0.415331193145904,0.5,3.05));
#4803=VECTOR('',#4804,1.);
#4804=DIRECTION('',(-1.,0.,0.));
#4805=CARTESIAN_POINT('',(0.415331193145904,0.5,2.4));
#4806=CARTESIAN_POINT('',(0.415331193145904,0.5,3.05));
#4807=VECTOR('',#4808,1.);
#4808=DIRECTION('',(0.,0.,-1.));
#4809=CARTESIAN_POINT('',(2.19374109684803,0.5,2.4));
#4810=CARTESIAN_POINT('',(0.415331193145904,0.5,2.4));
#4811=VECTOR('',#4812,1.);
#4812=DIRECTION('',(1.,0.,0.));
#4813=CARTESIAN_POINT('',(2.19374109684803,0.5,2.2));
#4814=CARTESIAN_POINT('',(2.19374109684803,0.5,2.2));
#4815=VECTOR('',#4816,1.);
#4816=DIRECTION('',(0.,0.,1.));
#4817=CARTESIAN_POINT('',(2.5,0.5,2.2));
#4818=CARTESIAN_POINT('',(2.5,0.5,2.2));
#4819=VECTOR('',#4820,1.);
#4820=DIRECTION('',(-1.,0.,0.));
#4821=CARTESIAN_POINT('',(2.5,0.5,4.7));
#4822=CARTESIAN_POINT('',(2.5,0.5,2.2));
#4823=VECTOR('',#4824,1.);
#4824=DIRECTION('',(0.,0.,1.));
#4825=CARTESIAN_POINT('',(0.4,0.5,4.7));
#4826=CARTESIAN_POINT('',(2.5,0.5,4.7));
#4827=VECTOR('',#4828,1.);
#4828=DIRECTION('',(-1.,0.,0.));
#4829=CARTESIAN_POINT('',(0.4,0.5,3.7));
#4830=CARTESIAN_POINT('',(0.4,0.5,3.7));
#4831=VECTOR('',#4832,1.);
#4832=DIRECTION('',(0.,0.,1.));
#4833=CARTESIAN_POINT('',(-0.4,0.5,3.7));
#4834=CARTESIAN_POINT('',(0.4,0.5,3.7));
#4835=VECTOR('',#4836,1.);
#4836=DIRECTION('',(-1.,0.,0.));
#4837=CARTESIAN_POINT('',(-0.4,0.5,4.7));
#4838=CARTESIAN_POINT('',(-0.4,0.5,4.7));
#4839=VECTOR('',#4840,1.);
#4840=DIRECTION('',(0.,0.,-1.));
#4841=CARTESIAN_POINT('',(-2.5,0.5,4.7));
#4842=CARTESIAN_POINT('',(-0.4,0.5,4.7));
#4843=VECTOR('',#4844,1.);
#4844=DIRECTION('',(-1.,0.,0.));
#4845=CARTESIAN_POINT('',(-2.5,0.5,2.2));
#4846=CARTESIAN_POINT('',(-2.5,0.5,2.2));
#4847=VECTOR('',#4848,1.);
#4848=DIRECTION('',(0.,0.,1.));
#4849=CARTESIAN_POINT('',(-2.19374109684803,0.5,2.2));
#4850=CARTESIAN_POINT('',(-2.19374109684803,0.5,2.2));
#4851=VECTOR('',#4852,1.);
#4852=DIRECTION('',(-1.,0.,0.));
#4853=CARTESIAN_POINT('',(-2.19374109684803,0.499999999999999,2.4));
#4854=CARTESIAN_POINT('',(-2.19374109684803,0.5,2.2));
#4855=VECTOR('',#4856,1.);
#4856=DIRECTION('',(0.,0.,1.));
#4857=CARTESIAN_POINT('',(-2.19374109684803,0.5,2.4));
#4858=VECTOR('',#4859,1.);
#4859=DIRECTION('',(1.,0.,0.));
#4860=CARTESIAN_POINT('',(0.415331193145905,-0.5,2.4));
#4861=CARTESIAN_POINT('',(0.415331193145904,-0.5,3.05));
#4862=CARTESIAN_POINT('',(0.415331193145904,-0.5,3.05));
#4863=VECTOR('',#4864,1.);
#4864=DIRECTION('',(0.,0.,-1.));
#4865=CARTESIAN_POINT('',(-0.415331193145904,-0.5,3.05));
#4866=CARTESIAN_POINT('',(-0.415331193145904,-0.5,3.05));
#4867=VECTOR('',#4868,1.);
#4868=DIRECTION('',(1.,0.,0.));
#4869=CARTESIAN_POINT('',(-0.415331193145904,-0.5,2.4));
#4870=CARTESIAN_POINT('',(-0.415331193145904,-0.5,3.05));
#4871=VECTOR('',#4872,1.);
#4872=DIRECTION('',(0.,0.,-1.));
#4873=CARTESIAN_POINT('',(-2.19374109684803,-0.499999999999998,2.4));
#4874=CARTESIAN_POINT('',(-0.415331193145904,-0.5,2.4));
#4875=VECTOR('',#4876,1.);
#4876=DIRECTION('',(-1.,0.,0.));
#4877=CARTESIAN_POINT('',(-2.19374109684803,-0.5,2.2));
#4878=CARTESIAN_POINT('',(-2.19374109684803,-0.5,2.2));
#4879=VECTOR('',#4880,1.);
#4880=DIRECTION('',(0.,0.,1.));
#4881=CARTESIAN_POINT('',(-2.5,-0.5,2.2));
#4882=CARTESIAN_POINT('',(-2.5,-0.5,2.2));
#4883=VECTOR('',#4884,1.);
#4884=DIRECTION('',(1.,0.,0.));
#4885=CARTESIAN_POINT('',(-2.5,-0.5,4.7));
#4886=CARTESIAN_POINT('',(-2.5,-0.5,2.2));
#4887=VECTOR('',#4888,1.);
#4888=DIRECTION('',(0.,0.,1.));
#4889=CARTESIAN_POINT('',(-0.4,-0.5,4.7));
#4890=CARTESIAN_POINT('',(-2.5,-0.5,4.7));
#4891=VECTOR('',#4892,1.);
#4892=DIRECTION('',(1.,0.,0.));
#4893=CARTESIAN_POINT('',(-0.4,-0.5,3.7));
#4894=CARTESIAN_POINT('',(-0.4,-0.5,3.7));
#4895=VECTOR('',#4896,1.);
#4896=DIRECTION('',(0.,0.,1.));
#4897=CARTESIAN_POINT('',(0.4,-0.5,3.7));
#4898=CARTESIAN_POINT('',(-0.4,-0.5,3.7));
#4899=VECTOR('',#4900,1.);
#4900=DIRECTION('',(1.,0.,0.));
#4901=CARTESIAN_POINT('',(0.4,-0.5,4.7));
#4902=CARTESIAN_POINT('',(0.4,-0.5,4.7));
#4903=VECTOR('',#4904,1.);
#4904=DIRECTION('',(0.,0.,-1.));
#4905=CARTESIAN_POINT('',(2.5,-0.5,4.7));
#4906=CARTESIAN_POINT('',(0.4,-0.5,4.7));
#4907=VECTOR('',#4908,1.);
#4908=DIRECTION('',(1.,0.,0.));
#4909=CARTESIAN_POINT('',(2.5,-0.5,2.2));
#4910=CARTESIAN_POINT('',(2.5,-0.5,2.2));
#4911=VECTOR('',#4912,1.);
#4912=DIRECTION('',(0.,0.,1.));
#4913=CARTESIAN_POINT('',(2.19374109684803,-0.5,2.2));
#4914=CARTESIAN_POINT('',(2.19374109684803,-0.5,2.2));
#4915=VECTOR('',#4916,1.);
#4916=DIRECTION('',(1.,0.,0.));
#4917=CARTESIAN_POINT('',(2.19374109684803,-0.5,2.4));
#4918=CARTESIAN_POINT('',(2.19374109684803,-0.5,2.2));
#4919=VECTOR('',#4920,1.);
#4920=DIRECTION('',(0.,0.,1.));
#4921=CARTESIAN_POINT('',(2.19374109684803,-0.5,2.4));
#4922=VECTOR('',#4923,1.);
#4923=DIRECTION('',(-1.,0.,0.));
#4924=CARTESIAN_POINT('',(-0.43595094144348,0.482127344852522,2.7));
#4925=CARTESIAN_POINT('',(-0.700038015643049,0.482127344852522,2.9));
#4926=CARTESIAN_POINT('',(-0.687607889556014,0.482127344852522,2.89999821340187));
#4927=CARTESIAN_POINT('',(-0.662899965864446,0.482127344852522,2.89843937368993));
#4928=CARTESIAN_POINT('',(-0.626580150016997,0.482127344852523,2.89170485679814));
#4929=CARTESIAN_POINT('',(-0.589119085036805,0.482127344852522,2.8801517171094));
#4930=CARTESIAN_POINT('',(-0.549848051344657,0.482127344852523,2.86230900516074));
#4931=CARTESIAN_POINT('',(-0.51013797403795,0.482127344852522,2.83633161587297));
#4932=CARTESIAN_POINT('',(-0.477947600589991,0.482127344852522,2.80565201097872));
#4933=CARTESIAN_POINT('',(-0.456975767339026,0.482127344852522,2.7759050045824));
#4934=CARTESIAN_POINT('',(-0.445884545192967,0.482127344852523,2.75265793897991));
#4935=CARTESIAN_POINT('',(-0.439876342710861,0.482127344852522,2.73383069943085));
#4936=CARTESIAN_POINT('',(-0.436673924412295,0.482127344852522,2.71699213569135));
#4937=CARTESIAN_POINT('',(-0.435947618145371,0.482127344852522,2.70564448818248));
#4938=CARTESIAN_POINT('',(-0.43595094144348,0.482127344852522,2.7));
#4939=CARTESIAN_POINT('',(-0.435950941443481,0.482127344852522,2.4));
#4940=CARTESIAN_POINT('',(-0.435950941443481,0.482127344852522,2.7));
#4941=VECTOR('',#4942,1.);
#4942=DIRECTION('',(0.,0.,-1.));
#4943=CARTESIAN_POINT('',(-2.1977382062806,0.482127344852523,2.4));
#4944=CARTESIAN_POINT('',(-0.435950941443481,0.482127344852522,2.4));
#4945=VECTOR('',#4946,1.);
#4946=DIRECTION('',(-1.,1.57542151482149E-016,0.));
#4947=CARTESIAN_POINT('',(-2.2,0.482127344852523,2.4));
#4948=CARTESIAN_POINT('',(-2.1977382062806,0.482127344852523,2.4));
#4949=VECTOR('',#4950,1.);
#4950=DIRECTION('',(-1.,0.,0.));
#4951=CARTESIAN_POINT('',(-2.2,0.482127344852523,2.7));
#4952=CARTESIAN_POINT('',(-2.2,0.482127344852523,2.4));
#4953=VECTOR('',#4954,1.);
#4954=DIRECTION('',(0.,0.,1.));
#4955=AXIS2_PLACEMENT_3D('',#4956,#4957,#4958);
#4956=CARTESIAN_POINT('',(-2.,0.482127344852523,2.7));
#4957=DIRECTION('',(1.84777152116818E-016,1.,-0.));
#4958=DIRECTION('',(-1.,1.84777152116818E-016,0.));
#4959=CARTESIAN_POINT('',(-0.435950941443481,-0.482127344852522,2.7));
#4960=CARTESIAN_POINT('',(-0.700038015643049,-0.482127344852522,2.9));
#4961=CARTESIAN_POINT('',(-0.687607889556014,-0.482127344852522,2.89999821340187));
#4962=CARTESIAN_POINT('',(-0.662899965864446,-0.482127344852522,2.89843937368993));
#4963=CARTESIAN_POINT('',(-0.626580150016997,-0.482127344852522,2.89170485679814));
#4964=CARTESIAN_POINT('',(-0.589119085036805,-0.482127344852522,2.8801517171094));
#4965=CARTESIAN_POINT('',(-0.549848051344659,-0.482127344852522,2.86230900516074));
#4966=CARTESIAN_POINT('',(-0.510137974037949,-0.482127344852522,2.83633161587297));
#4967=CARTESIAN_POINT('',(-0.477947600589992,-0.482127344852522,2.80565201097872));
#4968=CARTESIAN_POINT('',(-0.456975767339027,-0.482127344852522,2.77590500458241));
#4969=CARTESIAN_POINT('',(-0.445884545192967,-0.482127344852522,2.75265793897991));
#4970=CARTESIAN_POINT('',(-0.439876342710861,-0.482127344852522,2.73383069943085));
#4971=CARTESIAN_POINT('',(-0.436673924412295,-0.482127344852522,2.71699213569135));
#4972=CARTESIAN_POINT('',(-0.435947618145372,-0.482127344852523,2.70564448818248));
#4973=CARTESIAN_POINT('',(-0.435950941443481,-0.482127344852522,2.7));
#4974=CARTESIAN_POINT('',(-2.2,-0.482127344852522,2.7));
#4975=AXIS2_PLACEMENT_3D('',#4976,#4977,#4978);
#4976=CARTESIAN_POINT('',(-2.,-0.482127344852522,2.7));
#4977=DIRECTION('',(-1.84777152116818E-016,-1.,0.));
#4978=DIRECTION('',(2.22044604925031E-015,-4.10287697409512E-031,1.));
#4979=CARTESIAN_POINT('',(-2.2,-0.482127344852522,2.4));
#4980=CARTESIAN_POINT('',(-2.2,-0.482127344852522,2.4));
#4981=VECTOR('',#4982,1.);
#4982=DIRECTION('',(0.,0.,1.));
#4983=CARTESIAN_POINT('',(-2.1977382062806,-0.48212734485252,2.4));
#4984=CARTESIAN_POINT('',(-2.2,-0.482127344852522,2.4));
#4985=VECTOR('',#4986,1.);
#4986=DIRECTION('',(1.,0.,0.));
#4987=CARTESIAN_POINT('',(-0.435950941443482,-0.482127344852522,2.4));
#4988=CARTESIAN_POINT('',(-2.1977382062806,-0.482127344852522,2.4));
#4989=VECTOR('',#4990,1.);
#4990=DIRECTION('',(1.,-1.89050581778578E-016,0.));
#4991=CARTESIAN_POINT('',(-0.435950941443481,-0.482127344852522,2.7));
#4992=VECTOR('',#4993,1.);
#4993=DIRECTION('',(0.,0.,-1.));
#4994=CARTESIAN_POINT('',(2.2,-0.482127344852523,2.7));
#4995=AXIS2_PLACEMENT_3D('',#4996,#4997,#4998);
#4996=CARTESIAN_POINT('',(2.,-0.482127344852523,2.7));
#4997=DIRECTION('',(-1.53980960097446E-016,-1.,0.));
#4998=DIRECTION('',(1.,-1.53980960097446E-016,0.));
#4999=CARTESIAN_POINT('',(0.435950941443481,-0.482127344852522,2.7));
#5000=CARTESIAN_POINT('',(0.700038015643049,-0.482127344852522,2.9));
#5001=CARTESIAN_POINT('',(0.687607889556014,-0.482127344852522,2.89999821340187));
#5002=CARTESIAN_POINT('',(0.662899965864446,-0.482127344852522,2.89843937368993));
#5003=CARTESIAN_POINT('',(0.626580150016997,-0.482127344852523,2.89170485679814));
#5004=CARTESIAN_POINT('',(0.589119085036806,-0.482127344852522,2.8801517171094));
#5005=CARTESIAN_POINT('',(0.549848051344657,-0.482127344852522,2.86230900516074));
#5006=CARTESIAN_POINT('',(0.51013797403795,-0.482127344852523,2.83633161587297));
#5007=CARTESIAN_POINT('',(0.477947600589991,-0.482127344852522,2.80565201097872));
#5008=CARTESIAN_POINT('',(0.456975767339027,-0.482127344852523,2.77590500458241));
#5009=CARTESIAN_POINT('',(0.445884545192967,-0.482127344852523,2.75265793897991));
#5010=CARTESIAN_POINT('',(0.439876342710861,-0.482127344852522,2.73383069943085));
#5011=CARTESIAN_POINT('',(0.436673924412296,-0.482127344852522,2.71699213569135));
#5012=CARTESIAN_POINT('',(0.435947618145372,-0.482127344852522,2.70564448818248));
#5013=CARTESIAN_POINT('',(0.435950941443481,-0.482127344852522,2.7));
#5014=CARTESIAN_POINT('',(0.43595094144348,-0.482127344852522,2.4));
#5015=CARTESIAN_POINT('',(0.435950941443481,-0.482127344852522,2.7));
#5016=VECTOR('',#5017,1.);
#5017=DIRECTION('',(0.,0.,-1.));
#5018=CARTESIAN_POINT('',(2.1977382062806,-0.482127344852523,2.4));
#5019=CARTESIAN_POINT('',(0.43595094144348,-0.482127344852522,2.4));
#5020=VECTOR('',#5021,1.);
#5021=DIRECTION('',(1.,-1.57542151482149E-016,0.));
#5022=CARTESIAN_POINT('',(2.2,-0.482127344852523,2.4));
#5023=CARTESIAN_POINT('',(2.1977382062806,-0.482127344852523,2.4));
#5024=VECTOR('',#5025,1.);
#5025=DIRECTION('',(1.,0.,0.));
#5026=CARTESIAN_POINT('',(2.2,-0.482127344852523,2.4));
#5027=VECTOR('',#5028,1.);
#5028=DIRECTION('',(0.,0.,1.));
#5029=CARTESIAN_POINT('',(2.2,0.482127344852522,2.7));
#5030=AXIS2_PLACEMENT_3D('',#5031,#5032,#5033);
#5031=CARTESIAN_POINT('',(2.,0.482127344852522,2.7));
#5032=DIRECTION('',(2.46369536155913E-016,1.,-0.));
#5033=DIRECTION('',(0.,0.,1.));
#5034=CARTESIAN_POINT('',(2.2,0.482127344852522,2.4));
#5035=CARTESIAN_POINT('',(2.2,0.482127344852522,2.4));
#5036=VECTOR('',#5037,1.);
#5037=DIRECTION('',(0.,0.,1.));
#5038=CARTESIAN_POINT('',(2.1977382062806,0.482127344852522,2.4));
#5039=CARTESIAN_POINT('',(2.2,0.482127344852522,2.4));
#5040=VECTOR('',#5041,1.);
#5041=DIRECTION('',(-1.,0.,0.));
#5042=CARTESIAN_POINT('',(0.43595094144348,0.482127344852522,2.4));
#5043=CARTESIAN_POINT('',(2.1977382062806,0.482127344852522,2.4));
#5044=VECTOR('',#5045,1.);
#5045=DIRECTION('',(-1.,2.52067442371438E-016,0.));
#5046=CARTESIAN_POINT('',(0.435950941443481,0.482127344852522,2.7));
#5047=CARTESIAN_POINT('',(0.435950941443481,0.482127344852522,2.7));
#5048=VECTOR('',#5049,1.);
#5049=DIRECTION('',(0.,0.,-1.));
#5050=CARTESIAN_POINT('',(0.700038015643049,0.482127344852522,2.9));
#5051=CARTESIAN_POINT('',(0.687607889556014,0.482127344852522,2.89999821340187));
#5052=CARTESIAN_POINT('',(0.662899965864446,0.482127344852522,2.89843937368993));
#5053=CARTESIAN_POINT('',(0.626580150016997,0.482127344852523,2.89170485679814));
#5054=CARTESIAN_POINT('',(0.589119085036806,0.482127344852522,2.8801517171094));
#5055=CARTESIAN_POINT('',(0.549848051344658,0.482127344852522,2.86230900516074));
#5056=CARTESIAN_POINT('',(0.510137974037949,0.482127344852522,2.83633161587297));
#5057=CARTESIAN_POINT('',(0.477947600589992,0.482127344852523,2.80565201097872));
#5058=CARTESIAN_POINT('',(0.456975767339027,0.482127344852522,2.77590500458241));
#5059=CARTESIAN_POINT('',(0.445884545192967,0.482127344852522,2.75265793897991));
#5060=CARTESIAN_POINT('',(0.439876342710861,0.482127344852522,2.73383069943085));
#5061=CARTESIAN_POINT('',(0.436673924412296,0.482127344852522,2.71699213569135));
#5062=CARTESIAN_POINT('',(0.435947618145372,0.482127344852522,2.70564448818248));
#5063=CARTESIAN_POINT('',(0.435950941443481,0.482127344852523,2.7));
#5064=AXIS2_PLACEMENT_3D('',#5065,#5066,#5067);
#5065=CARTESIAN_POINT('',(0.,0.,2.4));
#5066=DIRECTION('',(0.,0.,-1.));
#5067=DIRECTION('',(-0.670693756066893,0.741734376696188,0.));
#5068=AXIS2_PLACEMENT_3D('',#5069,#5070,#5071);
#5069=CARTESIAN_POINT('',(0.,0.,2.4));
#5070=DIRECTION('',(0.,0.,1.));
#5071=DIRECTION('',(-0.974996043043569,0.222222222222222,0.));
#5072=AXIS2_PLACEMENT_3D('',#5073,#5074,#5075);
#5073=CARTESIAN_POINT('',(0.,0.,2.4));
#5074=DIRECTION('',(0.,0.,-1.));
#5075=DIRECTION('',(0.638971066378314,0.769230769230769,0.));
#5076=AXIS2_PLACEMENT_3D('',#5077,#5078,#5079);
#5077=CARTESIAN_POINT('',(0.,0.,2.4));
#5078=DIRECTION('',(0.,0.,1.));
#5079=DIRECTION('',(0.97677253612471,0.214278819934454,0.));
#5080=AXIS2_PLACEMENT_3D('',#5081,#5082,#5083);
#5081=CARTESIAN_POINT('',(0.,0.,2.4));
#5082=DIRECTION('',(0.,0.,-1.));
#5083=DIRECTION('',(0.670693756066893,-0.741734376696188,0.));
#5084=AXIS2_PLACEMENT_3D('',#5085,#5086,#5087);
#5085=CARTESIAN_POINT('',(0.,0.,2.4));
#5086=DIRECTION('',(0.,0.,1.));
#5087=DIRECTION('',(0.974996043043569,-0.222222222222222,0.));
#5088=AXIS2_PLACEMENT_3D('',#5089,#5090,#5091);
#5089=CARTESIAN_POINT('',(0.,0.,2.4));
#5090=DIRECTION('',(0.,0.,-1.));
#5091=DIRECTION('',(-0.638971066378314,-0.769230769230769,0.));
#5092=AXIS2_PLACEMENT_3D('',#5093,#5094,#5095);
#5093=CARTESIAN_POINT('',(0.,0.,2.4));
#5094=DIRECTION('',(0.,0.,1.));
#5095=DIRECTION('',(-0.97677253612471,-0.214278819934454,0.));
#5096=AXIS2_PLACEMENT_3D('',#5097,#5098,#5099);
#5097=CARTESIAN_POINT('',(0.,0.,3.05));
#5098=DIRECTION('',(0.,0.,-1.));
#5099=DIRECTION('',(0.638971066378314,-0.769230769230769,0.));
#5100=AXIS2_PLACEMENT_3D('',#5101,#5102,#5103);
#5101=CARTESIAN_POINT('',(0.,0.,3.05));
#5102=DIRECTION('',(0.,0.,-1.));
#5103=DIRECTION('',(-0.638971066378314,0.769230769230769,0.));
#5104=CARTESIAN_POINT('',(-0.65,-5.9544328940032E-017,2.7));
#5105=AXIS2_PLACEMENT_3D('',#5106,#5107,#5108);
#5106=CARTESIAN_POINT('',(0.,0.,2.7));
#5107=DIRECTION('',(0.,0.,-1.));
#5108=DIRECTION('',(-1.,1.11022302462516E-016,0.));
#5109=AXIS2_PLACEMENT_3D('',#5110,#5111,#5112);
#5110=CARTESIAN_POINT('',(0.,0.,2.7));
#5111=DIRECTION('',(0.,0.,-1.));
#5112=DIRECTION('',(-0.670693756066893,-0.741734376696188,0.));
#5113=AXIS2_PLACEMENT_3D('',#5114,#5115,#5116);
#5114=CARTESIAN_POINT('',(0.,0.,2.7));
#5115=DIRECTION('',(0.,0.,-1.));
#5116=DIRECTION('',(0.670693756066893,0.741734376696188,0.));
#5117=CARTESIAN_POINT('',(1.6,-2.2366269246345,2.7));
#5118=CARTESIAN_POINT('',(1.6,-2.2366269246345,2.2));
#5119=CARTESIAN_POINT('',(1.6,-2.2366269246345,2.7));
#5120=VECTOR('',#5121,1.);
#5121=DIRECTION('',(0.,0.,-1.));
#5122=CARTESIAN_POINT('',(-1.6,-2.23662692463451,2.2));
#5123=AXIS2_PLACEMENT_3D('',#5124,#5125,#5126);
#5124=CARTESIAN_POINT('',(0.,0.,2.2));
#5125=DIRECTION('',(0.,0.,-1.));
#5126=DIRECTION('',(0.581818181818182,-0.813318881685274,0.));
#5127=CARTESIAN_POINT('',(-1.6,-2.23662692463451,2.7));
#5128=CARTESIAN_POINT('',(-1.6,-2.23662692463451,2.7));
#5129=VECTOR('',#5130,1.);
#5130=DIRECTION('',(0.,0.,-1.));
#5131=CARTESIAN_POINT('',(-2.75,0.,2.7));
#5132=AXIS2_PLACEMENT_3D('',#5133,#5134,#5135);
#5133=CARTESIAN_POINT('',(0.,0.,2.7));
#5134=DIRECTION('',(0.,0.,-1.));
#5135=DIRECTION('',(-0.581818181818181,-0.813318881685275,0.));
#5136=AXIS2_PLACEMENT_3D('',#5137,#5138,#5139);
#5137=CARTESIAN_POINT('',(0.,0.,2.7));
#5138=DIRECTION('',(0.,0.,-1.));
#5139=DIRECTION('',(-1.,0.,0.));
#5140=CARTESIAN_POINT('',(-2.2,0.482127344852523,2.7));
#5141=VECTOR('',#5142,1.);
#5142=DIRECTION('',(0.,-1.,0.));
#5143=CARTESIAN_POINT('',(-2.2,0.471699056602829,2.4));
#5144=CARTESIAN_POINT('',(-2.2,0.482127344852523,2.4));
#5145=VECTOR('',#5146,1.);
#5146=DIRECTION('',(0.,-1.,0.));
#5147=CARTESIAN_POINT('',(-2.2,-0.471699056602828,2.4));
#5148=CARTESIAN_POINT('',(-2.2,0.471699056602829,2.4));
#5149=VECTOR('',#5150,1.);
#5150=DIRECTION('',(0.,-1.,0.));
#5151=CARTESIAN_POINT('',(-2.2,-0.471699056602829,2.4));
#5152=VECTOR('',#5153,1.);
#5153=DIRECTION('',(0.,-1.,0.));
#5154=CARTESIAN_POINT('',(2.2,-0.482127344852523,2.7));
#5155=VECTOR('',#5156,1.);
#5156=DIRECTION('',(0.,1.,0.));
#5157=CARTESIAN_POINT('',(2.2,-0.471699056602829,2.4));
#5158=CARTESIAN_POINT('',(2.2,-0.482127344852523,2.4));
#5159=VECTOR('',#5160,1.);
#5160=DIRECTION('',(0.,1.,0.));
#5161=CARTESIAN_POINT('',(2.2,0.471699056602829,2.4));
#5162=CARTESIAN_POINT('',(2.2,-0.471699056602829,2.4));
#5163=VECTOR('',#5164,1.);
#5164=DIRECTION('',(0.,1.,0.));
#5165=CARTESIAN_POINT('',(2.2,0.471699056602829,2.4));
#5166=VECTOR('',#5167,1.);
#5167=DIRECTION('',(0.,1.,0.));
#5168=AXIS2_PLACEMENT_3D('',#5169,#5170,#5171);
#5169=CARTESIAN_POINT('',(0.,0.,2.4));
#5170=DIRECTION('',(-0.,0.,1.));
#5171=DIRECTION('',(0.97677253612471,-0.214278819934455,0.));
#5172=AXIS2_PLACEMENT_3D('',#5173,#5174,#5175);
#5173=CARTESIAN_POINT('',(0.,0.,2.2));
#5174=DIRECTION('',(-0.,0.,1.));
#5175=DIRECTION('',(0.974996043043569,-0.222222222222222,0.));
#5176=AXIS2_PLACEMENT_3D('',#5177,#5178,#5179);
#5177=CARTESIAN_POINT('',(0.,0.,2.4));
#5178=DIRECTION('',(-0.,0.,1.));
#5179=DIRECTION('',(0.977777777777778,0.209644025156813,0.));
#5180=AXIS2_PLACEMENT_3D('',#5181,#5182,#5183);
#5181=CARTESIAN_POINT('',(0.,0.,2.4));
#5182=DIRECTION('',(0.,0.,1.));
#5183=DIRECTION('',(0.977777777777778,-0.209644025156813,0.));
#5184=CARTESIAN_POINT('',(2.5,-0.5,2.2));
#5185=VECTOR('',#5186,1.);
#5186=DIRECTION('',(0.,1.,0.));
#5187=CARTESIAN_POINT('',(2.5,-0.5,4.7));
#5188=VECTOR('',#5189,1.);
#5189=DIRECTION('',(0.,1.,0.));
#5190=CARTESIAN_POINT('',(-1.6,-2.65518360947035,4.7));
#5191=CARTESIAN_POINT('',(-1.6,-1.9,4.7));
#5192=CARTESIAN_POINT('',(-1.6,-1.9,4.7));
#5193=VECTOR('',#5194,1.);
#5194=DIRECTION('',(0.,-1.,0.));
#5195=CARTESIAN_POINT('',(1.6,-1.9,4.7));
#5196=CARTESIAN_POINT('',(1.6,-1.9,4.7));
#5197=VECTOR('',#5198,1.);
#5198=DIRECTION('',(-1.,6.93889390390723E-017,0.));
#5199=CARTESIAN_POINT('',(1.6,-2.65518360947035,4.7));
#5200=CARTESIAN_POINT('',(1.6,-2.65518361042811,4.7));
#5201=VECTOR('',#5202,1.);
#5202=DIRECTION('',(0.,1.,0.));
#5203=AXIS2_PLACEMENT_3D('',#5204,#5205,#5206);
#5204=CARTESIAN_POINT('',(0.,0.,4.7));
#5205=DIRECTION('',(0.,0.,1.));
#5206=DIRECTION('',(0.516129032258065,-0.856510841764629,0.));
#5207=CARTESIAN_POINT('',(0.4,-1.5,4.7));
#5208=CARTESIAN_POINT('',(0.4,-1.5,4.7));
#5209=VECTOR('',#5210,1.);
#5210=DIRECTION('',(0.,1.,0.));
#5211=CARTESIAN_POINT('',(-0.4,-1.5,4.7));
#5212=CARTESIAN_POINT('',(-0.4,-1.5,4.7));
#5213=VECTOR('',#5214,1.);
#5214=DIRECTION('',(1.,0.,0.));
#5215=CARTESIAN_POINT('',(-0.4,-0.5,4.7));
#5216=VECTOR('',#5217,1.);
#5217=DIRECTION('',(0.,-1.,0.));
#5218=CARTESIAN_POINT('',(-2.5,0.5,4.7));
#5219=VECTOR('',#5220,1.);
#5220=DIRECTION('',(0.,-1.,0.));
#5221=CARTESIAN_POINT('',(-0.4,1.5,4.7));
#5222=CARTESIAN_POINT('',(-0.4,1.5,4.7));
#5223=VECTOR('',#5224,1.);
#5224=DIRECTION('',(0.,-1.,0.));
#5225=CARTESIAN_POINT('',(0.4,1.5,4.7));
#5226=CARTESIAN_POINT('',(0.4,1.5,4.7));
#5227=VECTOR('',#5228,1.);
#5228=DIRECTION('',(-1.,0.,0.));
#5229=CARTESIAN_POINT('',(0.4,0.5,4.7));
#5230=VECTOR('',#5231,1.);
#5231=DIRECTION('',(0.,1.,0.));
#5232=CARTESIAN_POINT('',(0.4,1.5,3.7));
#5233=CARTESIAN_POINT('',(0.4,1.5,3.7));
#5234=VECTOR('',#5235,1.);
#5235=DIRECTION('',(0.,0.,1.));
#5236=CARTESIAN_POINT('',(0.4,0.5,3.7));
#5237=VECTOR('',#5238,1.);
#5238=DIRECTION('',(0.,1.,0.));
#5239=CARTESIAN_POINT('',(-0.4,1.5,3.7));
#5240=CARTESIAN_POINT('',(0.4,1.5,3.7));
#5241=VECTOR('',#5242,1.);
#5242=DIRECTION('',(-1.,0.,0.));
#5243=CARTESIAN_POINT('',(-0.4,1.5,3.7));
#5244=VECTOR('',#5245,1.);
#5245=DIRECTION('',(0.,-1.,0.));
#5246=CARTESIAN_POINT('',(-0.4,1.5,3.7));
#5247=VECTOR('',#5248,1.);
#5248=DIRECTION('',(0.,0.,1.));
#5249=CARTESIAN_POINT('',(-2.5,0.5,2.2));
#5250=VECTOR('',#5251,1.);
#5251=DIRECTION('',(0.,-1.,0.));
#5252=AXIS2_PLACEMENT_3D('',#5253,#5254,#5255);
#5253=CARTESIAN_POINT('',(0.,0.,2.2));
#5254=DIRECTION('',(-0.,0.,1.));
#5255=DIRECTION('',(-0.974996043043569,0.222222222222222,0.));
#5256=AXIS2_PLACEMENT_3D('',#5257,#5258,#5259);
#5257=CARTESIAN_POINT('',(0.,0.,2.4));
#5258=DIRECTION('',(-0.,0.,1.));
#5259=DIRECTION('',(-0.97677253612471,0.214278819934455,0.));
#5260=AXIS2_PLACEMENT_3D('',#5261,#5262,#5263);
#5261=CARTESIAN_POINT('',(0.,0.,2.4));
#5262=DIRECTION('',(-0.,0.,1.));
#5263=DIRECTION('',(-0.977777777777778,-0.209644025156812,0.));
#5264=AXIS2_PLACEMENT_3D('',#5265,#5266,#5267);
#5265=CARTESIAN_POINT('',(0.,0.,2.4));
#5266=DIRECTION('',(0.,0.,1.));
#5267=DIRECTION('',(-0.977777777777778,0.209644025156813,0.));
#5268=CARTESIAN_POINT('',(-0.4,-1.5,3.7));
#5269=CARTESIAN_POINT('',(-0.4,-1.5,3.7));
#5270=VECTOR('',#5271,1.);
#5271=DIRECTION('',(0.,0.,1.));
#5272=CARTESIAN_POINT('',(-0.4,-0.5,3.7));
#5273=VECTOR('',#5274,1.);
#5274=DIRECTION('',(0.,-1.,0.));
#5275=CARTESIAN_POINT('',(0.4,-1.5,3.7));
#5276=CARTESIAN_POINT('',(-0.4,-1.5,3.7));
#5277=VECTOR('',#5278,1.);
#5278=DIRECTION('',(1.,0.,0.));
#5279=CARTESIAN_POINT('',(0.4,-1.5,3.7));
#5280=VECTOR('',#5281,1.);
#5281=DIRECTION('',(0.,1.,0.));
#5282=CARTESIAN_POINT('',(0.4,-1.5,3.7));
#5283=VECTOR('',#5284,1.);
#5284=DIRECTION('',(0.,0.,1.));
#5285=CARTESIAN_POINT('',(-1.6,-2.65518360947035,2.7));
#5286=CARTESIAN_POINT('',(-1.6,-2.2366269246345,2.7));
#5287=VECTOR('',#5288,1.);
#5288=DIRECTION('',(0.,-1.,0.));
#5289=CARTESIAN_POINT('',(-1.6,-1.9,2.2));
#5290=CARTESIAN_POINT('',(-1.6,-1.9,2.2));
#5291=VECTOR('',#5292,1.);
#5292=DIRECTION('',(0.,-1.,0.));
#5293=CARTESIAN_POINT('',(-1.6,-1.9,2.2));
#5294=VECTOR('',#5295,1.);
#5295=DIRECTION('',(0.,0.,1.));
#5296=CARTESIAN_POINT('',(-1.6,-2.65518360947035,2.7));
#5297=VECTOR('',#5298,1.);
#5298=DIRECTION('',(0.,0.,1.));
#5299=CARTESIAN_POINT('',(1.5999999995766,-2.65518360972549,2.7));
#5300=AXIS2_PLACEMENT_3D('',#5301,#5302,#5303);
#5301=CARTESIAN_POINT('',(0.,0.,2.7));
#5302=DIRECTION('',(0.,0.,1.));
#5303=DIRECTION('',(0.516129032121485,-0.856510841846932,0.));
#5304=CARTESIAN_POINT('',(1.6,-2.65518361042811,2.7));
#5305=VECTOR('',#5306,1.);
#5306=DIRECTION('',(0.,1.,0.));
#5307=CARTESIAN_POINT('',(1.6,-2.65518360947035,2.7));
#5308=VECTOR('',#5309,1.);
#5309=DIRECTION('',(0.,0.,1.));
#5310=CARTESIAN_POINT('',(1.6,-1.9,2.2));
#5311=CARTESIAN_POINT('',(1.6,-1.9,2.2));
#5312=VECTOR('',#5313,1.);
#5313=DIRECTION('',(0.,0.,1.));
#5314=CARTESIAN_POINT('',(1.6,-2.2366269246345,2.2));
#5315=VECTOR('',#5316,1.);
#5316=DIRECTION('',(0.,1.,0.));
#5317=CARTESIAN_POINT('',(-0.360000000000003,-2.22101328226555,2.2));
#5318=CARTESIAN_POINT('',(-0.360000000000003,-1.9,2.2));
#5319=CARTESIAN_POINT('',(-0.360000000000003,-2.22101328226555,2.2));
#5320=VECTOR('',#5321,1.);
#5321=DIRECTION('',(0.,1.,0.));
#5322=CARTESIAN_POINT('',(-1.20519707931939,-1.9,2.2));
#5323=AXIS2_PLACEMENT_3D('',#5324,#5325,#5326);
#5324=CARTESIAN_POINT('',(0.,0.,2.2));
#5325=DIRECTION('',(-0.,0.,1.));
#5326=DIRECTION('',(-0.535643146364175,-0.844444444444444,0.));
#5327=CARTESIAN_POINT('',(-1.20519707931939,-1.9,2.2));
#5328=VECTOR('',#5329,1.);
#5329=DIRECTION('',(-1.,0.,0.));
#5330=CARTESIAN_POINT('',(1.20519707931939,-1.9,2.2));
#5331=CARTESIAN_POINT('',(1.6,-1.9,2.2));
#5332=VECTOR('',#5333,1.);
#5333=DIRECTION('',(-1.,0.,0.));
#5334=CARTESIAN_POINT('',(0.359999999999998,-2.22101328226555,2.2));
#5335=AXIS2_PLACEMENT_3D('',#5336,#5337,#5338);
#5336=CARTESIAN_POINT('',(0.,0.,2.2));
#5337=DIRECTION('',(-0.,0.,1.));
#5338=DIRECTION('',(0.159999999999999,-0.987117014340245,0.));
#5339=CARTESIAN_POINT('',(0.359999999999999,-1.9,2.2));
#5340=CARTESIAN_POINT('',(0.359999999999998,-1.9,2.2));
#5341=VECTOR('',#5342,1.);
#5342=DIRECTION('',(0.,-1.,0.));
#5343=CARTESIAN_POINT('',(0.359999999999999,-1.9,2.2));
#5344=VECTOR('',#5345,1.);
#5345=DIRECTION('',(-1.,3.08395284618098E-016,0.));
#5346=CARTESIAN_POINT('',(-0.360000000000003,-1.9,2.4));
#5347=CARTESIAN_POINT('',(-0.360000000000003,-1.9,2.4));
#5348=VECTOR('',#5349,1.);
#5349=DIRECTION('',(0.,0.,-1.));
#5350=CARTESIAN_POINT('',(0.359999999999998,-1.9,2.4));
#5351=CARTESIAN_POINT('',(0.359999999999998,-1.9,2.2));
#5352=VECTOR('',#5353,1.);
#5353=DIRECTION('',(0.,0.,1.));
#5354=CARTESIAN_POINT('',(1.2051970793194,-1.9,2.4));
#5355=CARTESIAN_POINT('',(0.359999999999998,-1.9,2.4));
#5356=VECTOR('',#5357,1.);
#5357=DIRECTION('',(1.,0.,0.));
#5358=CARTESIAN_POINT('',(1.20519707931939,-1.9,2.2));
#5359=VECTOR('',#5360,1.);
#5360=DIRECTION('',(0.,0.,1.));
#5361=CARTESIAN_POINT('',(-1.20519707931939,-1.9,2.4));
#5362=CARTESIAN_POINT('',(-1.20519707931939,-1.9,2.2));
#5363=VECTOR('',#5364,1.);
#5364=DIRECTION('',(0.,0.,1.));
#5365=CARTESIAN_POINT('',(-1.2051970793194,-1.9,2.4));
#5366=VECTOR('',#5367,1.);
#5367=DIRECTION('',(1.,0.,0.));
#5368=CARTESIAN_POINT('',(-0.360000000000003,-2.22101328226555,2.4));
#5369=CARTESIAN_POINT('',(-0.360000000000003,-2.22101328226555,2.4));
#5370=VECTOR('',#5371,1.);
#5371=DIRECTION('',(0.,1.,0.));
#5372=CARTESIAN_POINT('',(-0.360000000000003,-2.22101328226555,2.2));
#5373=VECTOR('',#5374,1.);
#5374=DIRECTION('',(0.,0.,1.));
#5375=AXIS2_PLACEMENT_3D('',#5376,#5377,#5378);
#5376=CARTESIAN_POINT('',(0.,0.,2.4));
#5377=DIRECTION('',(0.,0.,1.));
#5378=DIRECTION('',(-0.535643146364175,-0.844444444444445,0.));
#5379=CARTESIAN_POINT('',(0.359999999999998,-2.22101328226555,2.4));
#5380=AXIS2_PLACEMENT_3D('',#5381,#5382,#5383);
#5381=CARTESIAN_POINT('',(0.,0.,2.4));
#5382=DIRECTION('',(0.,0.,1.));
#5383=DIRECTION('',(0.159999999999999,-0.987117014340245,0.));
#5384=CARTESIAN_POINT('',(0.359999999999998,-2.22101328226555,2.2));
#5385=VECTOR('',#5386,1.);
#5386=DIRECTION('',(0.,0.,1.));
#5387=CARTESIAN_POINT('',(0.359999999999998,-1.9,2.4));
#5388=VECTOR('',#5389,1.);
#5389=DIRECTION('',(0.,-1.,0.));
#5390=CARTESIAN_POINT('',(3.,-2.61445778871886,-3.68676383295752));
#5391=CARTESIAN_POINT('',(3.,-2.63998244824698,-3.80785589493041));
#5392=AXIS2_PLACEMENT_3D('',#5393,#5394,#5395);
#5393=CARTESIAN_POINT('',(3.,-2.91445778871886,-3.68676383295752));
#5394=DIRECTION('',(1.,0.,-0.));
#5395=DIRECTION('',(0.,0.91491780157293,-0.403640206576298));
#5396=CARTESIAN_POINT('',(3.,-2.61445778871886,-1.95));
#5397=CARTESIAN_POINT('',(3.,-2.61445778871886,-1.95));
#5398=VECTOR('',#5399,1.);
#5399=DIRECTION('',(0.,0.,-1.));
#5400=CARTESIAN_POINT('',(3.,-2.91445778871886,-1.65));
#5401=AXIS2_PLACEMENT_3D('',#5402,#5403,#5404);
#5402=CARTESIAN_POINT('',(3.,-2.91445778871886,-1.95));
#5403=DIRECTION('',(1.,0.,-0.));
#5404=DIRECTION('',(0.,1.,-2.22044604925031E-015));
#5405=CARTESIAN_POINT('',(3.,-3.8,-1.65));
#5406=CARTESIAN_POINT('',(3.,-3.8,-1.65));
#5407=VECTOR('',#5408,1.);
#5408=DIRECTION('',(0.,1.,0.));
#5409=CARTESIAN_POINT('',(3.,-4.1,-1.35));
#5410=AXIS2_PLACEMENT_3D('',#5411,#5412,#5413);
#5411=CARTESIAN_POINT('',(3.,-3.8,-1.35));
#5412=DIRECTION('',(-1.,0.,0.));
#5413=DIRECTION('',(0.,0.,-1.));
#5414=CARTESIAN_POINT('',(3.,-4.1,0.85));
#5415=CARTESIAN_POINT('',(3.,-4.1,0.85));
#5416=VECTOR('',#5417,1.);
#5417=DIRECTION('',(0.,0.,-1.));
#5418=CARTESIAN_POINT('',(3.,-3.8,1.15));
#5419=AXIS2_PLACEMENT_3D('',#5420,#5421,#5422);
#5420=CARTESIAN_POINT('',(3.,-3.8,0.85));
#5421=DIRECTION('',(-1.,0.,0.));
#5422=DIRECTION('',(0.,-1.,0.));
#5423=CARTESIAN_POINT('',(3.,-3.8,1.35));
#5424=CARTESIAN_POINT('',(3.,-3.8,1.15));
#5425=VECTOR('',#5426,1.);
#5426=DIRECTION('',(0.,0.,1.));
#5427=CARTESIAN_POINT('',(3.,-4.,1.35));
#5428=CARTESIAN_POINT('',(3.,-3.8,1.35));
#5429=VECTOR('',#5430,1.);
#5430=DIRECTION('',(0.,-1.,0.));
#5431=CARTESIAN_POINT('',(3.,-4.3,1.05));
#5432=AXIS2_PLACEMENT_3D('',#5433,#5434,#5435);
#5433=CARTESIAN_POINT('',(3.,-4.,1.05));
#5434=DIRECTION('',(1.,0.,-0.));
#5435=DIRECTION('',(0.,0.,1.));
#5436=CARTESIAN_POINT('',(3.,-4.3,-1.55));
#5437=CARTESIAN_POINT('',(3.,-4.3,1.05));
#5438=VECTOR('',#5439,1.);
#5439=DIRECTION('',(0.,0.,-1.));
#5440=CARTESIAN_POINT('',(3.,-4.,-1.85));
#5441=AXIS2_PLACEMENT_3D('',#5442,#5443,#5444);
#5442=CARTESIAN_POINT('',(3.,-4.,-1.55));
#5443=DIRECTION('',(1.,0.,-0.));
#5444=DIRECTION('',(0.,-1.,-1.48029736616688E-015));
#5445=CARTESIAN_POINT('',(3.,-3.11445778871886,-1.85));
#5446=CARTESIAN_POINT('',(3.,-4.,-1.85));
#5447=VECTOR('',#5448,1.);
#5448=DIRECTION('',(0.,1.,0.));
#5449=CARTESIAN_POINT('',(3.,-2.81445778871886,-2.15));
#5450=AXIS2_PLACEMENT_3D('',#5451,#5452,#5453);
#5451=CARTESIAN_POINT('',(3.,-3.11445778871886,-2.15));
#5452=DIRECTION('',(-1.,0.,0.));
#5453=DIRECTION('',(0.,0.,1.));
#5454=CARTESIAN_POINT('',(3.,-2.81445778871886,-3.68676383295752));
#5455=CARTESIAN_POINT('',(3.,-2.81445778871886,-2.15));
#5456=VECTOR('',#5457,1.);
#5457=DIRECTION('',(0.,0.,-1.));
#5458=CARTESIAN_POINT('',(3.,-2.83998244824698,-3.80785589493041));
#5459=AXIS2_PLACEMENT_3D('',#5460,#5461,#5462);
#5460=CARTESIAN_POINT('',(3.,-3.11445778871886,-3.68676383295752));
#5461=DIRECTION('',(-1.,-0.,0.));
#5462=DIRECTION('',(0.,1.,0.));
#5463=CARTESIAN_POINT('',(3.,-3.5110348202014,-5.32890793802711));
#5464=CARTESIAN_POINT('',(3.,-3.51103482020141,-5.32890793802711));
#5465=VECTOR('',#5466,1.);
#5466=DIRECTION('',(0.,0.403640206576293,0.914917801572932));
#5467=CARTESIAN_POINT('',(3.,-3.51103482020141,-5.57109206197289));
#5468=AXIS2_PLACEMENT_3D('',#5469,#5470,#5471);
#5469=CARTESIAN_POINT('',(3.,-3.23655947972953,-5.45));
#5470=DIRECTION('',(1.,0.,-0.));
#5471=DIRECTION('',(0.,-0.91491780157293,0.403640206576298));
#5472=CARTESIAN_POINT('',(3.,-2.81445778871886,-7.15));
#5473=CARTESIAN_POINT('',(3.,-3.51103482020141,-5.57109206197289));
#5474=VECTOR('',#5475,1.);
#5475=DIRECTION('',(0.,0.403640206576294,-0.914917801572932));
#5476=CARTESIAN_POINT('',(3.,-2.61445778871885,-7.15));
#5477=CARTESIAN_POINT('',(3.,-2.61445778871885,-7.15));
#5478=VECTOR('',#5479,1.);
#5479=DIRECTION('',(0.,-1.,0.));
#5480=CARTESIAN_POINT('',(3.,-3.31103482020141,-5.57109206197289));
#5481=CARTESIAN_POINT('',(3.,-3.31103482020141,-5.57109206197289));
#5482=VECTOR('',#5483,1.);
#5483=DIRECTION('',(0.,0.403640206576294,-0.914917801572932));
#5484=CARTESIAN_POINT('',(3.,-3.31103482020141,-5.32890793802711));
#5485=AXIS2_PLACEMENT_3D('',#5486,#5487,#5488);
#5486=CARTESIAN_POINT('',(3.,-3.03655947972953,-5.45));
#5487=DIRECTION('',(-1.,-0.,0.));
#5488=DIRECTION('',(0.,-0.914917801572933,-0.403640206576292));
#5489=CARTESIAN_POINT('',(3.,-3.31103482020141,-5.32890793802711));
#5490=VECTOR('',#5491,1.);
#5491=DIRECTION('',(0.,0.403640206576293,0.914917801572932));
#5492=CARTESIAN_POINT('',(2.2,-2.63998244824698,-3.80785589493041));
#5493=CARTESIAN_POINT('',(2.2,-2.61445778871886,-3.75));
#5494=CARTESIAN_POINT('',(2.2,-2.63998244824698,-3.80785589493041));
#5495=VECTOR('',#5496,1.);
#5496=DIRECTION('',(0.,0.403640206576294,0.914917801572932));
#5497=CARTESIAN_POINT('',(2.2,-3.31103482020141,-5.32890793802711));
#5498=CARTESIAN_POINT('',(2.2,-3.31103482020141,-5.32890793802711));
#5499=VECTOR('',#5500,1.);
#5500=DIRECTION('',(0.,0.403640206576294,0.914917801572932));
#5501=CARTESIAN_POINT('',(2.2,-3.31103482020141,-5.57109206197289));
#5502=AXIS2_PLACEMENT_3D('',#5503,#5504,#5505);
#5503=CARTESIAN_POINT('',(2.2,-3.03655947972953,-5.45));
#5504=DIRECTION('',(1.,0.,0.));
#5505=DIRECTION('',(0.,-0.914917801572932,0.403640206576293));
#5506=CARTESIAN_POINT('',(2.2,-2.61445778871885,-7.15));
#5507=CARTESIAN_POINT('',(2.2,-3.31103482020141,-5.57109206197289));
#5508=VECTOR('',#5509,1.);
#5509=DIRECTION('',(0.,0.403640206576294,-0.914917801572932));
#5510=CARTESIAN_POINT('',(2.2,-2.81445778871886,-7.15));
#5511=CARTESIAN_POINT('',(2.2,-2.81445778871886,-7.15));
#5512=VECTOR('',#5513,1.);
#5513=DIRECTION('',(0.,1.,0.));
#5514=CARTESIAN_POINT('',(2.2,-3.5110348202014,-5.57109206197289));
#5515=CARTESIAN_POINT('',(2.2,-3.51103482020141,-5.57109206197289));
#5516=VECTOR('',#5517,1.);
#5517=DIRECTION('',(0.,0.403640206576294,-0.914917801572932));
#5518=CARTESIAN_POINT('',(2.2,-3.51103482020141,-5.32890793802711));
#5519=AXIS2_PLACEMENT_3D('',#5520,#5521,#5522);
#5520=CARTESIAN_POINT('',(2.2,-3.23655947972953,-5.45));
#5521=DIRECTION('',(-1.,0.,0.));
#5522=DIRECTION('',(0.,-0.914917801572932,-0.403640206576293));
#5523=CARTESIAN_POINT('',(2.2,-2.83998244824698,-3.80785589493041));
#5524=CARTESIAN_POINT('',(2.2,-3.51103482020141,-5.32890793802711));
#5525=VECTOR('',#5526,1.);
#5526=DIRECTION('',(0.,0.403640206576293,0.914917801572932));
#5527=CARTESIAN_POINT('',(2.2,-2.81445778871886,-3.68676383295752));
#5528=AXIS2_PLACEMENT_3D('',#5529,#5530,#5531);
#5529=CARTESIAN_POINT('',(2.2,-3.11445778871886,-3.68676383295752));
#5530=DIRECTION('',(1.,0.,1.00929365875014E-016));
#5531=DIRECTION('',(4.07391500914052E-017,0.914917801572931,-0.403640206576295));
#5532=CARTESIAN_POINT('',(2.2,-2.81445778871886,-3.75));
#5533=CARTESIAN_POINT('',(2.2,-2.81445778871886,-3.68676383295752));
#5534=VECTOR('',#5535,1.);
#5535=DIRECTION('',(0.,7.02270916502141E-015,-1.));
#5536=CARTESIAN_POINT('',(2.2,-2.81445778871886,-3.75));
#5537=VECTOR('',#5538,1.);
#5538=DIRECTION('',(0.,1.,0.));
#5539=CARTESIAN_POINT('',(2.2,-2.63998244824698,-3.80785589493041));
#5540=VECTOR('',#5541,1.);
#5541=DIRECTION('',(1.,0.,0.));
#5542=CARTESIAN_POINT('',(3.,-3.31103482020141,-5.32890793802711));
#5543=VECTOR('',#5544,1.);
#5544=DIRECTION('',(-1.,0.,0.));
#5545=CARTESIAN_POINT('',(2.2,-3.51103482020141,-5.32890793802711));
#5546=VECTOR('',#5547,1.);
#5547=DIRECTION('',(1.,0.,0.));
#5548=CARTESIAN_POINT('',(3.,-2.83998244824698,-3.80785589493041));
#5549=VECTOR('',#5550,1.);
#5550=DIRECTION('',(-1.,0.,5.55111512312578E-016));
#5551=CARTESIAN_POINT('',(2.2,-3.51103482020141,-5.57109206197289));
#5552=VECTOR('',#5553,1.);
#5553=DIRECTION('',(1.,0.,0.));
#5554=CARTESIAN_POINT('',(3.,-2.81445778871886,-7.15));
#5555=VECTOR('',#5556,1.);
#5556=DIRECTION('',(-1.,0.,0.));
#5557=CARTESIAN_POINT('',(3.,-3.31103482020141,-5.57109206197289));
#5558=VECTOR('',#5559,1.);
#5559=DIRECTION('',(-1.,0.,0.));
#5560=CARTESIAN_POINT('',(2.2,-2.61445778871885,-7.15));
#5561=VECTOR('',#5562,1.);
#5562=DIRECTION('',(1.,0.,0.));
#5563=CARTESIAN_POINT('',(-3.2,-3.8,0.));
#5564=CARTESIAN_POINT('',(3.2,-3.8,0.));
#5565=CARTESIAN_POINT('',(-3.2,-3.8,0.));
#5566=VECTOR('',#5567,1.);
#5567=DIRECTION('',(1.,0.,0.));
#5568=CARTESIAN_POINT('',(3.2,-3.8,2.5));
#5569=CARTESIAN_POINT('',(3.2,-3.8,0.));
#5570=VECTOR('',#5571,1.);
#5571=DIRECTION('',(0.,0.,1.));
#5572=CARTESIAN_POINT('',(-3.2,-3.8,2.5));
#5573=CARTESIAN_POINT('',(-3.2,-3.8,2.5));
#5574=VECTOR('',#5575,1.);
#5575=DIRECTION('',(1.,0.,0.));
#5576=CARTESIAN_POINT('',(-3.2,-3.8,0.));
#5577=VECTOR('',#5578,1.);
#5578=DIRECTION('',(0.,0.,1.));
#5579=CARTESIAN_POINT('',(-1.,-3.8,1.35));
#5580=CARTESIAN_POINT('',(-3.,-3.8,1.35));
#5581=CARTESIAN_POINT('',(-1.,-3.8,1.35));
#5582=VECTOR('',#5583,1.);
#5583=DIRECTION('',(-1.,0.,0.));
#5584=CARTESIAN_POINT('',(-1.,-3.8,1.15));
#5585=CARTESIAN_POINT('',(-1.,-3.8,1.15));
#5586=VECTOR('',#5587,1.);
#5587=DIRECTION('',(0.,0.,1.));
#5588=CARTESIAN_POINT('',(-3.,-3.8,1.15));
#5589=CARTESIAN_POINT('',(-3.,-3.8,1.15));
#5590=VECTOR('',#5591,1.);
#5591=DIRECTION('',(1.,0.,0.));
#5592=CARTESIAN_POINT('',(-3.,-3.8,1.35));
#5593=VECTOR('',#5594,1.);
#5594=DIRECTION('',(0.,0.,-1.));
#5595=CARTESIAN_POINT('',(1.,-3.8,1.35));
#5596=CARTESIAN_POINT('',(3.,-3.8,1.35));
#5597=VECTOR('',#5598,1.);
#5598=DIRECTION('',(-1.,0.,0.));
#5599=CARTESIAN_POINT('',(1.,-3.8,1.15));
#5600=CARTESIAN_POINT('',(1.,-3.8,1.15));
#5601=VECTOR('',#5602,1.);
#5602=DIRECTION('',(1.,0.,0.));
#5603=CARTESIAN_POINT('',(1.,-3.8,1.35));
#5604=VECTOR('',#5605,1.);
#5605=DIRECTION('',(0.,0.,-1.));
#5606=CARTESIAN_POINT('',(1.,-4.,1.35));
#5607=CARTESIAN_POINT('',(3.,-4.,1.35));
#5608=VECTOR('',#5609,1.);
#5609=DIRECTION('',(-1.,0.,0.));
#5610=CARTESIAN_POINT('',(1.,-3.8,1.35));
#5611=VECTOR('',#5612,1.);
#5612=DIRECTION('',(0.,-1.,0.));
#5613=CARTESIAN_POINT('',(1.,-4.3,-1.55));
#5614=CARTESIAN_POINT('',(3.,-4.3,-1.55));
#5615=VECTOR('',#5616,1.);
#5616=DIRECTION('',(-1.,0.,0.));
#5617=CARTESIAN_POINT('',(1.,-4.3,1.05));
#5618=CARTESIAN_POINT('',(3.,-4.3,1.05));
#5619=VECTOR('',#5620,1.);
#5620=DIRECTION('',(-1.,0.,0.));
#5621=CARTESIAN_POINT('',(1.,-4.3,1.05));
#5622=VECTOR('',#5623,1.);
#5623=DIRECTION('',(0.,0.,-1.));
#5624=CARTESIAN_POINT('',(1.,-3.11445778871886,-1.85));
#5625=CARTESIAN_POINT('',(3.,-3.11445778871886,-1.85));
#5626=VECTOR('',#5627,1.);
#5627=DIRECTION('',(-1.,0.,0.));
#5628=CARTESIAN_POINT('',(1.,-4.,-1.85));
#5629=CARTESIAN_POINT('',(3.,-4.,-1.85));
#5630=VECTOR('',#5631,1.);
#5631=DIRECTION('',(-1.,0.,0.));
#5632=CARTESIAN_POINT('',(1.,-4.,-1.85));
#5633=VECTOR('',#5634,1.);
#5634=DIRECTION('',(0.,1.,0.));
#5635=CARTESIAN_POINT('',(3.,-2.81445778871886,-3.68676383295752));
#5636=VECTOR('',#5637,1.);
#5637=DIRECTION('',(-1.,0.,0.));
#5638=CARTESIAN_POINT('',(1.,-2.81445778871886,-2.15));
#5639=CARTESIAN_POINT('',(3.,-2.81445778871886,-2.15));
#5640=VECTOR('',#5641,1.);
#5641=DIRECTION('',(-1.,0.,0.));
#5642=CARTESIAN_POINT('',(1.,-2.81445778871886,-3.75));
#5643=CARTESIAN_POINT('',(1.,-2.81445778871886,-2.15));
#5644=VECTOR('',#5645,1.);
#5645=DIRECTION('',(0.,0.,-1.));
#5646=CARTESIAN_POINT('',(2.2,-2.81445778871886,-3.75));
#5647=VECTOR('',#5648,1.);
#5648=DIRECTION('',(-1.,0.,0.));
#5649=CARTESIAN_POINT('',(2.2,-2.61445778871886,-3.68676383295752));
#5650=CARTESIAN_POINT('',(2.2,-2.61445778871886,-3.68676383295752));
#5651=VECTOR('',#5652,1.);
#5652=DIRECTION('',(1.,0.,-1.11022302462516E-015));
#5653=CARTESIAN_POINT('',(2.2,-2.61445778871886,-3.68676383295752));
#5654=VECTOR('',#5655,1.);
#5655=DIRECTION('',(-7.02270916502121E-015,0.,-1.));
#5656=CARTESIAN_POINT('',(1.,-2.61445778871886,-3.75));
#5657=CARTESIAN_POINT('',(1.,-2.61445778871886,-3.75));
#5658=VECTOR('',#5659,1.);
#5659=DIRECTION('',(1.,0.,0.));
#5660=CARTESIAN_POINT('',(1.,-2.61445778871886,-1.95));
#5661=CARTESIAN_POINT('',(1.,-2.61445778871886,-1.95));
#5662=VECTOR('',#5663,1.);
#5663=DIRECTION('',(0.,0.,-1.));
#5664=CARTESIAN_POINT('',(3.,-2.61445778871886,-1.95));
#5665=VECTOR('',#5666,1.);
#5666=DIRECTION('',(-1.,0.,0.));
#5667=CARTESIAN_POINT('',(1.,-3.8,-1.65));
#5668=CARTESIAN_POINT('',(1.,-3.8,-1.65));
#5669=VECTOR('',#5670,1.);
#5670=DIRECTION('',(1.,0.,0.));
#5671=CARTESIAN_POINT('',(1.,-2.91445778871886,-1.65));
#5672=CARTESIAN_POINT('',(3.,-2.91445778871886,-1.65));
#5673=VECTOR('',#5674,1.);
#5674=DIRECTION('',(-1.,0.,0.));
#5675=CARTESIAN_POINT('',(1.,-3.8,-1.65));
#5676=VECTOR('',#5677,1.);
#5677=DIRECTION('',(0.,1.,0.));
#5678=CARTESIAN_POINT('',(1.,-4.1,0.85));
#5679=CARTESIAN_POINT('',(1.,-4.1,0.85));
#5680=VECTOR('',#5681,1.);
#5681=DIRECTION('',(1.,0.,0.));
#5682=CARTESIAN_POINT('',(1.,-4.1,-1.35));
#5683=CARTESIAN_POINT('',(1.,-4.1,-1.35));
#5684=VECTOR('',#5685,1.);
#5685=DIRECTION('',(1.,0.,0.));
#5686=CARTESIAN_POINT('',(1.,-4.1,0.85));
#5687=VECTOR('',#5688,1.);
#5688=DIRECTION('',(0.,0.,-1.));
#5689=CARTESIAN_POINT('',(1.,-2.81445778871886,-3.75));
#5690=VECTOR('',#5691,1.);
#5691=DIRECTION('',(0.,1.,0.));
#5692=CARTESIAN_POINT('',(3.2,1.2,0.));
#5693=CARTESIAN_POINT('',(3.2,-3.8,0.));
#5694=VECTOR('',#5695,1.);
#5695=DIRECTION('',(0.,1.,0.));
#5696=CARTESIAN_POINT('',(-3.2,1.2,0.));
#5697=CARTESIAN_POINT('',(-3.2,1.2,0.));
#5698=VECTOR('',#5699,1.);
#5699=DIRECTION('',(0.,-1.,0.));
#5700=CARTESIAN_POINT('',(-1.2,3.2,0.));
#5701=AXIS2_PLACEMENT_3D('',#5702,#5703,#5704);
#5702=CARTESIAN_POINT('',(-1.2,1.2,0.));
#5703=DIRECTION('',(0.,0.,1.));
#5704=DIRECTION('',(1.11022302462516E-016,1.,0.));
#5705=CARTESIAN_POINT('',(1.2,3.2,0.));
#5706=CARTESIAN_POINT('',(1.2,3.2,0.));
#5707=VECTOR('',#5708,1.);
#5708=DIRECTION('',(-1.,0.,0.));
#5709=AXIS2_PLACEMENT_3D('',#5710,#5711,#5712);
#5710=CARTESIAN_POINT('',(1.2,1.2,0.));
#5711=DIRECTION('',(0.,0.,1.));
#5712=DIRECTION('',(1.,0.,0.));
#5713=CARTESIAN_POINT('',(2.,2.,0.));
#5714=CARTESIAN_POINT('',(1.2,2.,0.));
#5715=CARTESIAN_POINT('',(2.,2.,0.));
#5716=VECTOR('',#5717,1.);
#5717=DIRECTION('',(-1.,0.,0.));
#5718=CARTESIAN_POINT('',(1.2,2.4,0.));
#5719=CARTESIAN_POINT('',(1.2,2.,0.));
#5720=VECTOR('',#5721,1.);
#5721=DIRECTION('',(0.,1.,0.));
#5722=CARTESIAN_POINT('',(-1.2,2.4,0.));
#5723=CARTESIAN_POINT('',(1.2,2.4,0.));
#5724=VECTOR('',#5725,1.);
#5725=DIRECTION('',(-1.,0.,0.));
#5726=CARTESIAN_POINT('',(-1.2,2.,0.));
#5727=CARTESIAN_POINT('',(-1.2,2.4,0.));
#5728=VECTOR('',#5729,1.);
#5729=DIRECTION('',(0.,-1.,0.));
#5730=CARTESIAN_POINT('',(-2.,2.,0.));
#5731=CARTESIAN_POINT('',(-1.2,2.,0.));
#5732=VECTOR('',#5733,1.);
#5733=DIRECTION('',(-1.,0.,0.));
#5734=CARTESIAN_POINT('',(-2.,-2.,0.));
#5735=CARTESIAN_POINT('',(-2.,2.,0.));
#5736=VECTOR('',#5737,1.);
#5737=DIRECTION('',(0.,-1.,0.));
#5738=CARTESIAN_POINT('',(2.,-2.,0.));
#5739=CARTESIAN_POINT('',(-2.,-2.,0.));
#5740=VECTOR('',#5741,1.);
#5741=DIRECTION('',(1.,0.,0.));
#5742=CARTESIAN_POINT('',(2.,-2.,0.));
#5743=VECTOR('',#5744,1.);
#5744=DIRECTION('',(0.,1.,0.));
#5745=CARTESIAN_POINT('',(3.2,1.2,2.5));
#5746=CARTESIAN_POINT('',(3.2,1.2,0.));
#5747=VECTOR('',#5748,1.);
#5748=DIRECTION('',(0.,0.,1.));
#5749=CARTESIAN_POINT('',(3.2,-3.8,2.5));
#5750=VECTOR('',#5751,1.);
#5751=DIRECTION('',(0.,1.,0.));
#5752=CARTESIAN_POINT('',(1.2,3.2,2.5));
#5753=AXIS2_PLACEMENT_3D('',#5754,#5755,#5756);
#5754=CARTESIAN_POINT('',(1.2,1.2,2.5));
#5755=DIRECTION('',(0.,0.,1.));
#5756=DIRECTION('',(1.,0.,0.));
#5757=CARTESIAN_POINT('',(-1.2,3.2,2.5));
#5758=CARTESIAN_POINT('',(1.2,3.2,2.5));
#5759=VECTOR('',#5760,1.);
#5760=DIRECTION('',(-1.,0.,0.));
#5761=CARTESIAN_POINT('',(-3.2,1.2,2.5));
#5762=AXIS2_PLACEMENT_3D('',#5763,#5764,#5765);
#5763=CARTESIAN_POINT('',(-1.2,1.2,2.5));
#5764=DIRECTION('',(0.,0.,1.));
#5765=DIRECTION('',(1.11022302462516E-016,1.,0.));
#5766=CARTESIAN_POINT('',(-3.2,1.2,2.5));
#5767=VECTOR('',#5768,1.);
#5768=DIRECTION('',(0.,-1.,0.));
#5769=CARTESIAN_POINT('',(3.1,0.,2.5));
#5770=AXIS2_PLACEMENT_3D('',#5771,#5772,#5773);
#5771=CARTESIAN_POINT('',(0.,0.,2.5));
#5772=DIRECTION('',(0.,0.,1.));
#5773=DIRECTION('',(1.,0.,0.));
#5774=CARTESIAN_POINT('',(-3.2,1.2,0.));
#5775=VECTOR('',#5776,1.);
#5776=DIRECTION('',(0.,0.,1.));
#5777=CARTESIAN_POINT('',(-1.,-4.,1.35));
#5778=CARTESIAN_POINT('',(-3.,-4.,1.35));
#5779=CARTESIAN_POINT('',(-1.,-4.,1.35));
#5780=VECTOR('',#5781,1.);
#5781=DIRECTION('',(-1.,0.,0.));
#5782=CARTESIAN_POINT('',(-1.,-3.8,1.35));
#5783=VECTOR('',#5784,1.);
#5784=DIRECTION('',(0.,-1.,0.));
#5785=CARTESIAN_POINT('',(-3.,-3.8,1.35));
#5786=VECTOR('',#5787,1.);
#5787=DIRECTION('',(0.,-1.,0.));
#5788=CARTESIAN_POINT('',(-1.,-4.1,-1.35));
#5789=CARTESIAN_POINT('',(-1.,-3.8,-1.65));
#5790=AXIS2_PLACEMENT_3D('',#5791,#5792,#5793);
#5791=CARTESIAN_POINT('',(-1.,-3.8,-1.35));
#5792=DIRECTION('',(-1.,-0.,0.));
#5793=DIRECTION('',(0.,0.,-1.));
#5794=CARTESIAN_POINT('',(-1.,-4.1,0.85));
#5795=CARTESIAN_POINT('',(-1.,-4.1,0.85));
#5796=VECTOR('',#5797,1.);
#5797=DIRECTION('',(0.,0.,-1.));
#5798=AXIS2_PLACEMENT_3D('',#5799,#5800,#5801);
#5799=CARTESIAN_POINT('',(-1.,-3.8,0.85));
#5800=DIRECTION('',(-1.,0.,0.));
#5801=DIRECTION('',(0.,-1.,0.));
#5802=CARTESIAN_POINT('',(-1.,-4.3,1.05));
#5803=AXIS2_PLACEMENT_3D('',#5804,#5805,#5806);
#5804=CARTESIAN_POINT('',(-1.,-4.,1.05));
#5805=DIRECTION('',(1.,0.,-0.));
#5806=DIRECTION('',(0.,0.,1.));
#5807=CARTESIAN_POINT('',(-1.,-4.3,-1.55));
#5808=CARTESIAN_POINT('',(-1.,-4.3,1.05));
#5809=VECTOR('',#5810,1.);
#5810=DIRECTION('',(0.,0.,-1.));
#5811=CARTESIAN_POINT('',(-1.,-4.,-1.85));
#5812=AXIS2_PLACEMENT_3D('',#5813,#5814,#5815);
#5813=CARTESIAN_POINT('',(-1.,-4.,-1.55));
#5814=DIRECTION('',(1.,0.,-0.));
#5815=DIRECTION('',(0.,-1.,0.));
#5816=CARTESIAN_POINT('',(-1.,-3.11445778871886,-1.85));
#5817=CARTESIAN_POINT('',(-1.,-4.,-1.85));
#5818=VECTOR('',#5819,1.);
#5819=DIRECTION('',(0.,1.,0.));
#5820=CARTESIAN_POINT('',(-1.,-2.81445778871886,-2.15));
#5821=AXIS2_PLACEMENT_3D('',#5822,#5823,#5824);
#5822=CARTESIAN_POINT('',(-1.,-3.11445778871886,-2.15));
#5823=DIRECTION('',(-1.,0.,0.));
#5824=DIRECTION('',(0.,0.,1.));
#5825=CARTESIAN_POINT('',(-1.,-2.81445778871886,-3.75));
#5826=CARTESIAN_POINT('',(-1.,-2.81445778871886,-2.15));
#5827=VECTOR('',#5828,1.);
#5828=DIRECTION('',(0.,0.,-1.));
#5829=CARTESIAN_POINT('',(-1.,-2.61445778871886,-3.75));
#5830=CARTESIAN_POINT('',(-1.,-2.61445778871886,-3.75));
#5831=VECTOR('',#5832,1.);
#5832=DIRECTION('',(-1.11022302462516E-015,-1.,0.));
#5833=CARTESIAN_POINT('',(-1.,-2.61445778871886,-1.95));
#5834=CARTESIAN_POINT('',(-1.,-2.61445778871886,-1.95));
#5835=VECTOR('',#5836,1.);
#5836=DIRECTION('',(0.,0.,-1.));
#5837=CARTESIAN_POINT('',(-1.,-2.91445778871886,-1.65));
#5838=AXIS2_PLACEMENT_3D('',#5839,#5840,#5841);
#5839=CARTESIAN_POINT('',(-1.,-2.91445778871886,-1.95));
#5840=DIRECTION('',(1.,0.,-0.));
#5841=DIRECTION('',(0.,1.,-2.22044604925031E-015));
#5842=CARTESIAN_POINT('',(-1.,-3.8,-1.65));
#5843=VECTOR('',#5844,1.);
#5844=DIRECTION('',(0.,1.,0.));
#5845=CARTESIAN_POINT('',(-3.,-3.51103482020141,-5.32890793802711));
#5846=CARTESIAN_POINT('',(-3.,-3.51103482020141,-5.57109206197289));
#5847=AXIS2_PLACEMENT_3D('',#5848,#5849,#5850);
#5848=CARTESIAN_POINT('',(-3.,-3.23655947972953,-5.45));
#5849=DIRECTION('',(-1.,-0.,-0.));
#5850=DIRECTION('',(0.,-0.914917801572933,-0.40364020657629));
#5851=CARTESIAN_POINT('',(-3.,-2.83998244824698,-3.80785589493041));
#5852=CARTESIAN_POINT('',(-3.,-3.51103482020141,-5.32890793802711));
#5853=VECTOR('',#5854,1.);
#5854=DIRECTION('',(0.,0.403640206576293,0.914917801572932));
#5855=CARTESIAN_POINT('',(-3.,-2.81445778871886,-3.68676383295752));
#5856=AXIS2_PLACEMENT_3D('',#5857,#5858,#5859);
#5857=CARTESIAN_POINT('',(-3.,-3.11445778871886,-3.68676383295752));
#5858=DIRECTION('',(1.,0.,0.));
#5859=DIRECTION('',(0.,0.914917801572934,-0.40364020657629));
#5860=CARTESIAN_POINT('',(-3.,-2.81445778871886,-2.15));
#5861=CARTESIAN_POINT('',(-3.,-2.81445778871886,-2.15));
#5862=VECTOR('',#5863,1.);
#5863=DIRECTION('',(0.,0.,-1.));
#5864=CARTESIAN_POINT('',(-3.,-3.11445778871886,-1.85));
#5865=AXIS2_PLACEMENT_3D('',#5866,#5867,#5868);
#5866=CARTESIAN_POINT('',(-3.,-3.11445778871886,-2.15));
#5867=DIRECTION('',(1.,0.,0.));
#5868=DIRECTION('',(0.,1.,0.));
#5869=CARTESIAN_POINT('',(-3.,-4.,-1.85));
#5870=CARTESIAN_POINT('',(-3.,-4.,-1.85));
#5871=VECTOR('',#5872,1.);
#5872=DIRECTION('',(0.,1.,0.));
#5873=CARTESIAN_POINT('',(-3.,-4.3,-1.55));
#5874=AXIS2_PLACEMENT_3D('',#5875,#5876,#5877);
#5875=CARTESIAN_POINT('',(-3.,-4.,-1.55));
#5876=DIRECTION('',(-1.,-0.,-0.));
#5877=DIRECTION('',(0.,0.,-1.));
#5878=CARTESIAN_POINT('',(-3.,-4.3,1.05));
#5879=CARTESIAN_POINT('',(-3.,-4.3,1.05));
#5880=VECTOR('',#5881,1.);
#5881=DIRECTION('',(0.,0.,-1.));
#5882=AXIS2_PLACEMENT_3D('',#5883,#5884,#5885);
#5883=CARTESIAN_POINT('',(-3.,-4.,1.05));
#5884=DIRECTION('',(-1.,-0.,-0.));
#5885=DIRECTION('',(0.,-1.,-1.48029736616688E-015));
#5886=CARTESIAN_POINT('',(-3.,-4.1,0.85));
#5887=AXIS2_PLACEMENT_3D('',#5888,#5889,#5890);
#5888=CARTESIAN_POINT('',(-3.,-3.8,0.85));
#5889=DIRECTION('',(1.,0.,0.));
#5890=DIRECTION('',(0.,0.,1.));
#5891=CARTESIAN_POINT('',(-3.,-4.1,-1.35));
#5892=CARTESIAN_POINT('',(-3.,-4.1,0.85));
#5893=VECTOR('',#5894,1.);
#5894=DIRECTION('',(0.,0.,-1.));
#5895=CARTESIAN_POINT('',(-3.,-3.8,-1.65));
#5896=AXIS2_PLACEMENT_3D('',#5897,#5898,#5899);
#5897=CARTESIAN_POINT('',(-3.,-3.8,-1.35));
#5898=DIRECTION('',(1.,0.,0.));
#5899=DIRECTION('',(0.,-1.,0.));
#5900=CARTESIAN_POINT('',(-3.,-2.91445778871886,-1.65));
#5901=CARTESIAN_POINT('',(-3.,-3.8,-1.65));
#5902=VECTOR('',#5903,1.);
#5903=DIRECTION('',(0.,1.,0.));
#5904=CARTESIAN_POINT('',(-3.,-2.61445778871886,-1.95));
#5905=AXIS2_PLACEMENT_3D('',#5906,#5907,#5908);
#5906=CARTESIAN_POINT('',(-3.,-2.91445778871886,-1.95));
#5907=DIRECTION('',(-1.,-0.,-0.));
#5908=DIRECTION('',(0.,0.,1.));
#5909=CARTESIAN_POINT('',(-3.,-2.61445778871886,-3.68676383295752));
#5910=CARTESIAN_POINT('',(-3.,-2.61445778871886,-1.95));
#5911=VECTOR('',#5912,1.);
#5912=DIRECTION('',(0.,0.,-1.));
#5913=CARTESIAN_POINT('',(-3.,-2.63998244824698,-3.80785589493041));
#5914=AXIS2_PLACEMENT_3D('',#5915,#5916,#5917);
#5915=CARTESIAN_POINT('',(-3.,-2.91445778871886,-3.68676383295752));
#5916=DIRECTION('',(-1.,-0.,-0.));
#5917=DIRECTION('',(0.,1.,4.44089209850062E-015));
#5918=CARTESIAN_POINT('',(-3.,-3.31103482020141,-5.32890793802711));
#5919=CARTESIAN_POINT('',(-3.,-3.31103482020141,-5.32890793802711));
#5920=VECTOR('',#5921,1.);
#5921=DIRECTION('',(0.,0.403640206576294,0.914917801572932));
#5922=CARTESIAN_POINT('',(-3.,-3.31103482020141,-5.57109206197289));
#5923=AXIS2_PLACEMENT_3D('',#5924,#5925,#5926);
#5924=CARTESIAN_POINT('',(-3.,-3.03655947972953,-5.45));
#5925=DIRECTION('',(1.,0.,0.));
#5926=DIRECTION('',(0.,-0.914917801572932,0.403640206576294));
#5927=CARTESIAN_POINT('',(-3.,-2.61445778871886,-7.15));
#5928=CARTESIAN_POINT('',(-3.,-3.31103482020141,-5.57109206197289));
#5929=VECTOR('',#5930,1.);
#5930=DIRECTION('',(0.,0.403640206576294,-0.914917801572932));
#5931=CARTESIAN_POINT('',(-3.,-2.81445778871886,-7.15));
#5932=CARTESIAN_POINT('',(-3.,-2.81445778871886,-7.15));
#5933=VECTOR('',#5934,1.);
#5934=DIRECTION('',(0.,1.,0.));
#5935=CARTESIAN_POINT('',(-3.,-3.51103482020141,-5.57109206197289));
#5936=VECTOR('',#5937,1.);
#5937=DIRECTION('',(0.,0.403640206576294,-0.914917801572932));
#5938=AXIS2_PLACEMENT_3D('',#5939,#5940,#5941);
#5939=CARTESIAN_POINT('',(1.,-3.8,0.85));
#5940=DIRECTION('',(1.,0.,0.));
#5941=DIRECTION('',(0.,0.,1.));
#5942=AXIS2_PLACEMENT_3D('',#5943,#5944,#5945);
#5943=CARTESIAN_POINT('',(1.,-3.8,-1.35));
#5944=DIRECTION('',(1.,0.,0.));
#5945=DIRECTION('',(0.,-1.,0.));
#5946=AXIS2_PLACEMENT_3D('',#5947,#5948,#5949);
#5947=CARTESIAN_POINT('',(1.,-2.91445778871886,-1.95));
#5948=DIRECTION('',(-1.,-0.,-0.));
#5949=DIRECTION('',(0.,0.,1.));
#5950=AXIS2_PLACEMENT_3D('',#5951,#5952,#5953);
#5951=CARTESIAN_POINT('',(1.,-3.11445778871886,-2.15));
#5952=DIRECTION('',(1.,0.,0.));
#5953=DIRECTION('',(0.,1.,0.));
#5954=AXIS2_PLACEMENT_3D('',#5955,#5956,#5957);
#5955=CARTESIAN_POINT('',(1.,-4.,-1.55));
#5956=DIRECTION('',(-1.,-0.,-0.));
#5957=DIRECTION('',(0.,0.,-1.));
#5958=AXIS2_PLACEMENT_3D('',#5959,#5960,#5961);
#5959=CARTESIAN_POINT('',(1.,-4.,1.05));
#5960=DIRECTION('',(-1.,-0.,-0.));
#5961=DIRECTION('',(0.,-1.,-1.48029736616688E-015));
#5962=CARTESIAN_POINT('',(-1.2,3.2,0.));
#5963=VECTOR('',#5964,1.);
#5964=DIRECTION('',(0.,0.,1.));
#5965=CARTESIAN_POINT('',(1.2,3.2,0.));
#5966=VECTOR('',#5967,1.);
#5967=DIRECTION('',(0.,0.,1.));
#5968=CARTESIAN_POINT('',(2.,2.,0.5));
#5969=CARTESIAN_POINT('',(2.,2.,0.5));
#5970=VECTOR('',#5971,1.);
#5971=DIRECTION('',(0.,0.,-1.));
#5972=CARTESIAN_POINT('',(1.2,2.,0.5));
#5973=CARTESIAN_POINT('',(1.2,2.,0.5));
#5974=VECTOR('',#5975,1.);
#5975=DIRECTION('',(1.,0.,0.));
#5976=CARTESIAN_POINT('',(1.2,2.,0.5));
#5977=VECTOR('',#5978,1.);
#5978=DIRECTION('',(0.,0.,-1.));
#5979=CARTESIAN_POINT('',(1.2,2.4,0.5));
#5980=CARTESIAN_POINT('',(1.2,2.4,0.5));
#5981=VECTOR('',#5982,1.);
#5982=DIRECTION('',(0.,-1.,0.));
#5983=CARTESIAN_POINT('',(1.2,2.4,0.5));
#5984=VECTOR('',#5985,1.);
#5985=DIRECTION('',(0.,0.,-1.));
#5986=CARTESIAN_POINT('',(-1.2,2.4,0.5));
#5987=CARTESIAN_POINT('',(-1.2,2.4,0.5));
#5988=VECTOR('',#5989,1.);
#5989=DIRECTION('',(1.,0.,0.));
#5990=CARTESIAN_POINT('',(-1.2,2.4,0.5));
#5991=VECTOR('',#5992,1.);
#5992=DIRECTION('',(0.,0.,-1.));
#5993=CARTESIAN_POINT('',(-1.2,2.,0.5));
#5994=CARTESIAN_POINT('',(-1.2,2.,0.5));
#5995=VECTOR('',#5996,1.);
#5996=DIRECTION('',(0.,1.,0.));
#5997=CARTESIAN_POINT('',(-1.2,2.,0.5));
#5998=VECTOR('',#5999,1.);
#5999=DIRECTION('',(0.,0.,-1.));
#6000=CARTESIAN_POINT('',(-2.,2.,0.5));
#6001=CARTESIAN_POINT('',(-2.,2.,0.5));
#6002=VECTOR('',#6003,1.);
#6003=DIRECTION('',(1.,0.,0.));
#6004=CARTESIAN_POINT('',(-2.,2.,0.5));
#6005=VECTOR('',#6006,1.);
#6006=DIRECTION('',(0.,0.,-1.));
#6007=CARTESIAN_POINT('',(-2.,-2.,0.5));
#6008=CARTESIAN_POINT('',(-2.,-2.,0.5));
#6009=VECTOR('',#6010,1.);
#6010=DIRECTION('',(0.,1.,0.));
#6011=CARTESIAN_POINT('',(-2.,-2.,0.5));
#6012=VECTOR('',#6013,1.);
#6013=DIRECTION('',(0.,0.,-1.));
#6014=CARTESIAN_POINT('',(2.,-2.,0.5));
#6015=CARTESIAN_POINT('',(2.,-2.,0.5));
#6016=VECTOR('',#6017,1.);
#6017=DIRECTION('',(-1.,0.,0.));
#6018=CARTESIAN_POINT('',(2.,-2.,0.5));
#6019=VECTOR('',#6020,1.);
#6020=DIRECTION('',(0.,0.,-1.));
#6021=CARTESIAN_POINT('',(2.,2.,0.5));
#6022=VECTOR('',#6023,1.);
#6023=DIRECTION('',(0.,-1.,0.));
#6024=CARTESIAN_POINT('',(3.1,0.,2.7));
#6025=AXIS2_PLACEMENT_3D('',#6026,#6027,#6028);
#6026=CARTESIAN_POINT('',(0.,0.,2.7));
#6027=DIRECTION('',(0.,0.,1.));
#6028=DIRECTION('',(1.,0.,0.));
#6029=CARTESIAN_POINT('',(-1.,-4.3,-1.55));
#6030=VECTOR('',#6031,1.);
#6031=DIRECTION('',(-1.,0.,-1.11022302462516E-016));
#6032=CARTESIAN_POINT('',(-1.,-4.3,1.05));
#6033=VECTOR('',#6034,1.);
#6034=DIRECTION('',(-1.,0.,-1.11022302462516E-016));
#6035=CARTESIAN_POINT('',(-1.,-3.11445778871886,-1.85));
#6036=VECTOR('',#6037,1.);
#6037=DIRECTION('',(-1.,0.,0.));
#6038=CARTESIAN_POINT('',(-1.,-4.,-1.85));
#6039=VECTOR('',#6040,1.);
#6040=DIRECTION('',(-1.,0.,0.));
#6041=CARTESIAN_POINT('',(-2.2,-2.81445778871886,-3.68676383295752));
#6042=CARTESIAN_POINT('',(-2.2,-2.81445778871886,-3.68676383295752));
#6043=VECTOR('',#6044,1.);
#6044=DIRECTION('',(-1.,0.,0.));
#6045=CARTESIAN_POINT('',(-2.2,-2.81445778871886,-3.75));
#6046=CARTESIAN_POINT('',(-2.2,-2.81445778871886,-3.68676383295752));
#6047=VECTOR('',#6048,1.);
#6048=DIRECTION('',(0.,7.02270916502141E-015,-1.));
#6049=CARTESIAN_POINT('',(-1.,-2.81445778871886,-3.75));
#6050=VECTOR('',#6051,1.);
#6051=DIRECTION('',(-1.,0.,0.));
#6052=CARTESIAN_POINT('',(-1.,-2.81445778871886,-2.15));
#6053=VECTOR('',#6054,1.);
#6054=DIRECTION('',(-1.,0.,0.));
#6055=CARTESIAN_POINT('',(-2.2,-2.61445778871886,-3.75));
#6056=CARTESIAN_POINT('',(-2.2,-2.61445778871886,-3.75));
#6057=VECTOR('',#6058,1.);
#6058=DIRECTION('',(0.,-1.,0.));
#6059=CARTESIAN_POINT('',(-2.2,-2.61445778871886,-3.75));
#6060=VECTOR('',#6061,1.);
#6061=DIRECTION('',(1.,0.,0.));
#6062=CARTESIAN_POINT('',(-2.2,-2.61445778871885,-3.68676383295752));
#6063=CARTESIAN_POINT('',(-3.,-2.61445778871886,-3.68676383295752));
#6064=VECTOR('',#6065,1.);
#6065=DIRECTION('',(1.,0.,0.));
#6066=CARTESIAN_POINT('',(-1.,-2.61445778871886,-1.95));
#6067=VECTOR('',#6068,1.);
#6068=DIRECTION('',(-1.,0.,0.));
#6069=CARTESIAN_POINT('',(-2.2,-2.61445778871886,-3.68676383295752));
#6070=VECTOR('',#6071,1.);
#6071=DIRECTION('',(0.,0.,-1.));
#6072=CARTESIAN_POINT('',(-3.,-3.8,-1.65));
#6073=VECTOR('',#6074,1.);
#6074=DIRECTION('',(1.,0.,0.));
#6075=CARTESIAN_POINT('',(-1.,-2.91445778871886,-1.65));
#6076=VECTOR('',#6077,1.);
#6077=DIRECTION('',(-1.,0.,0.));
#6078=CARTESIAN_POINT('',(-3.,-4.1,-1.35));
#6079=VECTOR('',#6080,1.);
#6080=DIRECTION('',(1.,0.,0.));
#6081=CARTESIAN_POINT('',(-3.,-4.1,0.85));
#6082=VECTOR('',#6083,1.);
#6083=DIRECTION('',(1.,0.,0.));
#6084=CARTESIAN_POINT('',(-2.2,-3.31103482020141,-5.32890793802711));
#6085=CARTESIAN_POINT('',(-2.2,-3.31103482020141,-5.32890793802711));
#6086=VECTOR('',#6087,1.);
#6087=DIRECTION('',(-1.,0.,0.));
#6088=CARTESIAN_POINT('',(-2.2,-2.63998244824698,-3.80785589493041));
#6089=CARTESIAN_POINT('',(-3.,-2.63998244824698,-3.80785589493041));
#6090=VECTOR('',#6091,1.);
#6091=DIRECTION('',(1.,0.,0.));
#6092=CARTESIAN_POINT('',(-2.2,-3.31103482020141,-5.32890793802711));
#6093=VECTOR('',#6094,1.);
#6094=DIRECTION('',(0.,0.403640206576294,0.914917801572932));
#6095=CARTESIAN_POINT('',(-2.2,-3.31103482020141,-5.57109206197289));
#6096=CARTESIAN_POINT('',(-2.2,-3.31103482020141,-5.57109206197289));
#6097=VECTOR('',#6098,1.);
#6098=DIRECTION('',(-1.,0.,0.));
#6099=CARTESIAN_POINT('',(-2.2,-2.61445778871886,-7.15));
#6100=CARTESIAN_POINT('',(-2.2,-3.31103482020141,-5.57109206197289));
#6101=VECTOR('',#6102,1.);
#6102=DIRECTION('',(0.,0.403640206576294,-0.914917801572932));
#6103=CARTESIAN_POINT('',(-3.,-2.61445778871886,-7.15));
#6104=VECTOR('',#6105,1.);
#6105=DIRECTION('',(1.,0.,0.));
#6106=CARTESIAN_POINT('',(-2.2,-2.81445778871886,-7.15));
#6107=CARTESIAN_POINT('',(-2.2,-2.61445778871886,-7.15));
#6108=VECTOR('',#6109,1.);
#6109=DIRECTION('',(0.,-1.,0.));
#6110=CARTESIAN_POINT('',(-2.2,-2.81445778871886,-7.15));
#6111=VECTOR('',#6112,1.);
#6112=DIRECTION('',(-1.,0.,0.));
#6113=CARTESIAN_POINT('',(-2.2,-3.51103482020141,-5.57109206197289));
#6114=CARTESIAN_POINT('',(-3.,-3.51103482020141,-5.57109206197289));
#6115=VECTOR('',#6116,1.);
#6116=DIRECTION('',(1.,0.,0.));
#6117=CARTESIAN_POINT('',(-2.2,-3.51103482020141,-5.57109206197289));
#6118=VECTOR('',#6119,1.);
#6119=DIRECTION('',(0.,0.403640206576294,-0.914917801572932));
#6120=CARTESIAN_POINT('',(-2.2,-3.51103482020141,-5.32890793802711));
#6121=CARTESIAN_POINT('',(-3.,-3.51103482020141,-5.32890793802711));
#6122=VECTOR('',#6123,1.);
#6123=DIRECTION('',(1.,0.,0.));
#6124=CARTESIAN_POINT('',(-2.2,-2.83998244824698,-3.80785589493041));
#6125=CARTESIAN_POINT('',(-2.2,-3.51103482020141,-5.32890793802711));
#6126=VECTOR('',#6127,1.);
#6127=DIRECTION('',(0.,0.403640206576294,0.914917801572932));
#6128=CARTESIAN_POINT('',(-2.2,-2.83998244824698,-3.80785589493041));
#6129=VECTOR('',#6130,1.);
#6130=DIRECTION('',(-1.,0.,0.));
#6131=CARTESIAN_POINT('',(-1.19,2.38554221128114,0.5));
#6132=CARTESIAN_POINT('',(1.19,2.38554221128114,0.5));
#6133=CARTESIAN_POINT('',(-1.19,2.38554221128114,0.5));
#6134=VECTOR('',#6135,1.);
#6135=DIRECTION('',(1.,0.,0.));
#6136=CARTESIAN_POINT('',(-1.19,1.97420680188268,0.5));
#6137=CARTESIAN_POINT('',(-1.19,1.97420680188268,0.5));
#6138=VECTOR('',#6139,1.);
#6139=DIRECTION('',(0.,1.,0.));
#6140=CARTESIAN_POINT('',(-1.97238812774246,1.97420680188268,0.5));
#6141=CARTESIAN_POINT('',(-1.97238812774246,1.97420680188268,0.5));
#6142=VECTOR('',#6143,1.);
#6143=DIRECTION('',(1.,0.,0.));
#6144=CARTESIAN_POINT('',(-1.97238812774246,-1.97420680188268,0.5));
#6145=CARTESIAN_POINT('',(-1.97238812774246,-1.97420680188268,0.5));
#6146=VECTOR('',#6147,1.);
#6147=DIRECTION('',(-1.1247281931826E-016,1.,0.));
#6148=CARTESIAN_POINT('',(1.97238812774246,-1.97420680188268,0.5));
#6149=CARTESIAN_POINT('',(1.97238812774246,-1.97420680188268,0.5));
#6150=VECTOR('',#6151,1.);
#6151=DIRECTION('',(-1.,0.,0.));
#6152=CARTESIAN_POINT('',(1.97238812774246,1.97420680188268,0.5));
#6153=CARTESIAN_POINT('',(1.97238812774246,1.97420680188268,0.5));
#6154=VECTOR('',#6155,1.);
#6155=DIRECTION('',(1.1247281931826E-016,-1.,0.));
#6156=CARTESIAN_POINT('',(1.19,1.97420680188268,0.5));
#6157=CARTESIAN_POINT('',(1.19,1.97420680188268,0.5));
#6158=VECTOR('',#6159,1.);
#6159=DIRECTION('',(1.,0.,0.));
#6160=CARTESIAN_POINT('',(1.19,2.38554221128114,0.5));
#6161=VECTOR('',#6162,1.);
#6162=DIRECTION('',(0.,-1.,0.));
#6163=CARTESIAN_POINT('',(2.8,0.,2.7));
#6164=AXIS2_PLACEMENT_3D('',#6165,#6166,#6167);
#6165=CARTESIAN_POINT('',(0.,0.,2.7));
#6166=DIRECTION('',(0.,0.,1.));
#6167=DIRECTION('',(1.,0.,0.));
#6168=AXIS2_PLACEMENT_3D('',#6169,#6170,#6171);
#6169=CARTESIAN_POINT('',(-2.2,-3.23655947972953,-5.45));
#6170=DIRECTION('',(1.,0.,0.));
#6171=DIRECTION('',(0.,-0.914917801572932,0.403640206576293));
#6172=AXIS2_PLACEMENT_3D('',#6173,#6174,#6175);
#6173=CARTESIAN_POINT('',(-2.2,-3.03655947972953,-5.45));
#6174=DIRECTION('',(-1.,0.,0.));
#6175=DIRECTION('',(0.,-0.914917801572932,-0.403640206576294));
#6176=CARTESIAN_POINT('',(-2.2,-2.63998244824698,-3.80785589493041));
#6177=VECTOR('',#6178,1.);
#6178=DIRECTION('',(0.,0.403640206576295,0.914917801572931));
#6179=AXIS2_PLACEMENT_3D('',#6180,#6181,#6182);
#6180=CARTESIAN_POINT('',(-2.2,-3.11445778871886,-3.68676383295752));
#6181=DIRECTION('',(1.,0.,0.));
#6182=DIRECTION('',(0.,0.914917801572932,-0.403640206576293));
#6183=CARTESIAN_POINT('',(-0.4,2.38554221128114,-3.68676383295752));
#6184=CARTESIAN_POINT('',(0.4,2.38554221128114,-3.68676383295752));
#6185=CARTESIAN_POINT('',(-0.4,2.38554221128114,-3.68676383295752));
#6186=VECTOR('',#6187,1.);
#6187=DIRECTION('',(1.,0.,0.));
#6188=CARTESIAN_POINT('',(-0.4,2.38554221128114,-3.75));
#6189=CARTESIAN_POINT('',(-0.4,2.38554221128114,-3.68676383295752));
#6190=VECTOR('',#6191,1.);
#6191=DIRECTION('',(0.,-7.02270916502136E-015,-1.));
#6192=CARTESIAN_POINT('',(-1.19,2.38554221128114,-3.75));
#6193=CARTESIAN_POINT('',(-1.19,2.38554221128114,-3.75));
#6194=VECTOR('',#6195,1.);
#6195=DIRECTION('',(1.,0.,0.));
#6196=CARTESIAN_POINT('',(-1.19,2.38554221128114,0.5));
#6197=VECTOR('',#6198,1.);
#6198=DIRECTION('',(0.,0.,-1.));
#6199=CARTESIAN_POINT('',(1.19,2.38554221128114,-3.75));
#6200=CARTESIAN_POINT('',(1.19,2.38554221128114,0.5));
#6201=VECTOR('',#6202,1.);
#6202=DIRECTION('',(0.,0.,-1.));
#6203=CARTESIAN_POINT('',(0.4,2.38554221128114,-3.75));
#6204=CARTESIAN_POINT('',(0.4,2.38554221128114,-3.75));
#6205=VECTOR('',#6206,1.);
#6206=DIRECTION('',(1.,0.,0.));
#6207=CARTESIAN_POINT('',(0.4,2.38554221128114,-3.68676383295752));
#6208=VECTOR('',#6209,1.);
#6209=DIRECTION('',(0.,-7.02270916502136E-015,-1.));
#6210=CARTESIAN_POINT('',(-1.19,2.18554221128114,-3.75));
#6211=CARTESIAN_POINT('',(-1.19,2.18554221128114,-3.75));
#6212=VECTOR('',#6213,1.);
#6213=DIRECTION('',(0.,1.,0.));
#6214=CARTESIAN_POINT('',(-1.19,2.18554221128114,0.25));
#6215=CARTESIAN_POINT('',(-1.19,2.18554221128114,0.25));
#6216=VECTOR('',#6217,1.);
#6217=DIRECTION('',(0.,0.,-1.));
#6218=CARTESIAN_POINT('',(-1.19,1.97420680188268,0.25));
#6219=CARTESIAN_POINT('',(-1.19,1.97420680188268,0.25));
#6220=VECTOR('',#6221,1.);
#6221=DIRECTION('',(0.,1.,0.));
#6222=CARTESIAN_POINT('',(-1.19,1.97420680188268,0.5));
#6223=VECTOR('',#6224,1.);
#6224=DIRECTION('',(0.,0.,-1.));
#6225=CARTESIAN_POINT('',(-1.97238812774246,1.97420680188268,0.25));
#6226=CARTESIAN_POINT('',(-1.97238812774246,1.97420680188268,0.25));
#6227=VECTOR('',#6228,1.);
#6228=DIRECTION('',(1.,0.,0.));
#6229=CARTESIAN_POINT('',(-1.97238812774246,1.97420680188268,0.5));
#6230=VECTOR('',#6231,1.);
#6231=DIRECTION('',(0.,0.,-1.));
#6232=CARTESIAN_POINT('',(-1.97238812774246,-1.97420680188268,0.25));
#6233=CARTESIAN_POINT('',(-1.97238812774246,-1.97420680188268,0.25));
#6234=VECTOR('',#6235,1.);
#6235=DIRECTION('',(-1.1247281931826E-016,1.,0.));
#6236=CARTESIAN_POINT('',(-1.97238812774246,-1.97420680188268,0.5));
#6237=VECTOR('',#6238,1.);
#6238=DIRECTION('',(0.,0.,-1.));
#6239=CARTESIAN_POINT('',(1.97238812774246,-1.97420680188268,0.25));
#6240=CARTESIAN_POINT('',(1.97238812774246,-1.97420680188268,0.25));
#6241=VECTOR('',#6242,1.);
#6242=DIRECTION('',(-1.,0.,0.));
#6243=CARTESIAN_POINT('',(1.97238812774246,-1.97420680188268,0.5));
#6244=VECTOR('',#6245,1.);
#6245=DIRECTION('',(0.,0.,-1.));
#6246=CARTESIAN_POINT('',(1.97238812774246,1.97420680188268,0.25));
#6247=CARTESIAN_POINT('',(1.97238812774246,1.97420680188268,0.25));
#6248=VECTOR('',#6249,1.);
#6249=DIRECTION('',(1.1247281931826E-016,-1.,0.));
#6250=CARTESIAN_POINT('',(1.97238812774246,1.97420680188268,0.5));
#6251=VECTOR('',#6252,1.);
#6252=DIRECTION('',(0.,0.,-1.));
#6253=CARTESIAN_POINT('',(1.19,1.97420680188268,0.25));
#6254=CARTESIAN_POINT('',(1.19,1.97420680188268,0.25));
#6255=VECTOR('',#6256,1.);
#6256=DIRECTION('',(1.,0.,0.));
#6257=CARTESIAN_POINT('',(1.19,1.97420680188268,0.5));
#6258=VECTOR('',#6259,1.);
#6259=DIRECTION('',(0.,0.,-1.));
#6260=CARTESIAN_POINT('',(1.19,2.18554221128114,0.25));
#6261=CARTESIAN_POINT('',(1.19,2.18554221128114,0.25));
#6262=VECTOR('',#6263,1.);
#6263=DIRECTION('',(0.,-1.,0.));
#6264=CARTESIAN_POINT('',(1.19,2.18554221128114,-3.75));
#6265=CARTESIAN_POINT('',(1.19,2.18554221128114,0.25));
#6266=VECTOR('',#6267,1.);
#6267=DIRECTION('',(0.,0.,-1.));
#6268=CARTESIAN_POINT('',(1.19,2.38554221128114,-3.75));
#6269=VECTOR('',#6270,1.);
#6270=DIRECTION('',(0.,-1.,0.));
#6271=CARTESIAN_POINT('',(2.8,0.,1.5));
#6272=AXIS2_PLACEMENT_3D('',#6273,#6274,#6275);
#6273=CARTESIAN_POINT('',(0.,0.,1.5));
#6274=DIRECTION('',(0.,0.,1.));
#6275=DIRECTION('',(1.,0.,0.));
#6276=CARTESIAN_POINT('',(-0.4,3.08211924276369,-5.32890793802711));
#6277=CARTESIAN_POINT('',(0.4,3.08211924276369,-5.32890793802711));
#6278=CARTESIAN_POINT('',(0.4,3.08211924276369,-5.32890793802711));
#6279=VECTOR('',#6280,1.);
#6280=DIRECTION('',(-1.,0.,0.));
#6281=CARTESIAN_POINT('',(-0.4,2.41106687080926,-3.80785589493041));
#6282=CARTESIAN_POINT('',(-0.4,3.08211924276369,-5.32890793802711));
#6283=VECTOR('',#6284,1.);
#6284=DIRECTION('',(0.,-0.403640206576293,0.914917801572932));
#6285=CARTESIAN_POINT('',(0.4,2.41106687080926,-3.80785589493041));
#6286=CARTESIAN_POINT('',(-0.4,2.41106687080926,-3.80785589493041));
#6287=VECTOR('',#6288,1.);
#6288=DIRECTION('',(1.,0.,0.));
#6289=CARTESIAN_POINT('',(0.4,3.08211924276369,-5.32890793802711));
#6290=VECTOR('',#6291,1.);
#6291=DIRECTION('',(0.,-0.403640206576294,0.914917801572932));
#6292=CARTESIAN_POINT('',(-0.4,2.18554221128114,-3.75));
#6293=CARTESIAN_POINT('',(-0.4,2.18554221128114,-3.75));
#6294=VECTOR('',#6295,1.);
#6295=DIRECTION('',(0.,1.,0.));
#6296=CARTESIAN_POINT('',(-0.4,2.18554221128114,-3.75));
#6297=VECTOR('',#6298,1.);
#6298=DIRECTION('',(-1.,0.,0.));
#6299=CARTESIAN_POINT('',(0.4,2.18554221128114,-3.75));
#6300=CARTESIAN_POINT('',(0.4,2.38554221128114,-3.75));
#6301=VECTOR('',#6302,1.);
#6302=DIRECTION('',(0.,-1.,0.));
#6303=CARTESIAN_POINT('',(1.19,2.18554221128114,-3.75));
#6304=VECTOR('',#6305,1.);
#6305=DIRECTION('',(-1.,0.,0.));
#6306=CARTESIAN_POINT('',(0.4,2.18554221128114,-3.68676383295752));
#6307=CARTESIAN_POINT('',(-0.4,2.18554221128114,-3.68676383295752));
#6308=CARTESIAN_POINT('',(-0.4,2.18554221128114,-3.68676383295752));
#6309=VECTOR('',#6310,1.);
#6310=DIRECTION('',(1.,0.,0.));
#6311=CARTESIAN_POINT('',(0.4,2.18554221128114,-3.68676383295752));
#6312=VECTOR('',#6313,1.);
#6313=DIRECTION('',(3.51135458251068E-015,0.,-1.));
#6314=CARTESIAN_POINT('',(1.19,2.18554221128114,0.25));
#6315=VECTOR('',#6316,1.);
#6316=DIRECTION('',(-1.,0.,0.));
#6317=CARTESIAN_POINT('',(-0.4,2.18554221128114,-3.68676383295752));
#6318=VECTOR('',#6319,1.);
#6319=DIRECTION('',(0.,0.,-1.));
#6320=CARTESIAN_POINT('',(-1.5,0.,0.25));
#6321=AXIS2_PLACEMENT_3D('',#6322,#6323,#6324);
#6322=CARTESIAN_POINT('',(0.,0.,0.25));
#6323=DIRECTION('',(-0.,0.,-1.));
#6324=DIRECTION('',(-1.,0.,0.));
#6325=CARTESIAN_POINT('',(-0.65,-7.9602041944578E-017,1.5));
#6326=AXIS2_PLACEMENT_3D('',#6327,#6328,#6329);
#6327=CARTESIAN_POINT('',(0.,0.,1.5));
#6328=DIRECTION('',(-0.,-0.,-1.));
#6329=DIRECTION('',(-1.,0.,0.));
#6330=CARTESIAN_POINT('',(-0.4,3.08211924276369,-5.57109206197289));
#6331=CARTESIAN_POINT('',(0.4,3.08211924276369,-5.57109206197289));
#6332=CARTESIAN_POINT('',(0.4,3.08211924276369,-5.57109206197289));
#6333=VECTOR('',#6334,1.);
#6334=DIRECTION('',(-1.,0.,0.));
#6335=CARTESIAN_POINT('',(0.4,2.38554221128114,-7.15));
#6336=CARTESIAN_POINT('',(0.4,3.08211924276369,-5.57109206197289));
#6337=VECTOR('',#6338,1.);
#6338=DIRECTION('',(0.,-0.403640206576294,-0.914917801572932));
#6339=CARTESIAN_POINT('',(-0.4,2.38554221128114,-7.15));
#6340=CARTESIAN_POINT('',(-0.4,2.38554221128114,-7.15));
#6341=VECTOR('',#6342,1.);
#6342=DIRECTION('',(1.,0.,0.));
#6343=CARTESIAN_POINT('',(-0.4,3.08211924276369,-5.57109206197289));
#6344=VECTOR('',#6345,1.);
#6345=DIRECTION('',(0.,-0.403640206576294,-0.914917801572932));
#6346=CARTESIAN_POINT('',(-0.4,2.88211924276369,-5.32890793802711));
#6347=CARTESIAN_POINT('',(-0.4,2.88211924276369,-5.57109206197289));
#6348=AXIS2_PLACEMENT_3D('',#6349,#6350,#6351);
#6349=CARTESIAN_POINT('',(-0.4,2.60764390229181,-5.45));
#6350=DIRECTION('',(1.,0.,0.));
#6351=DIRECTION('',(0.,0.914917801572932,-0.403640206576293));
#6352=CARTESIAN_POINT('',(-0.4,2.21106687080926,-3.80785589493041));
#6353=CARTESIAN_POINT('',(-0.4,2.88211924276369,-5.32890793802711));
#6354=VECTOR('',#6355,1.);
#6355=DIRECTION('',(0.,-0.403640206576294,0.914917801572932));
#6356=CARTESIAN_POINT('',(-0.4,2.21106687080926,-3.80785589493041));
#6357=VECTOR('',#6358,1.);
#6358=DIRECTION('',(0.,-0.403640206576294,0.914917801572932));
#6359=AXIS2_PLACEMENT_3D('',#6360,#6361,#6362);
#6360=CARTESIAN_POINT('',(-0.4,2.68554221128114,-3.68676383295752));
#6361=DIRECTION('',(-1.,0.,-0.));
#6362=DIRECTION('',(0.,-0.914917801572931,-0.403640206576295));
#6363=AXIS2_PLACEMENT_3D('',#6364,#6365,#6366);
#6364=CARTESIAN_POINT('',(-0.4,2.80764390229181,-5.45));
#6365=DIRECTION('',(-1.,0.,0.));
#6366=DIRECTION('',(0.,0.914917801572932,0.403640206576293));
#6367=CARTESIAN_POINT('',(-0.4,2.18554221128114,-7.15));
#6368=CARTESIAN_POINT('',(-0.4,2.18554221128114,-7.15));
#6369=VECTOR('',#6370,1.);
#6370=DIRECTION('',(0.,1.,0.));
#6371=CARTESIAN_POINT('',(-0.4,2.88211924276369,-5.57109206197289));
#6372=VECTOR('',#6373,1.);
#6373=DIRECTION('',(0.,-0.403640206576294,-0.914917801572932));
#6374=CARTESIAN_POINT('',(0.4,2.88211924276369,-5.57109206197289));
#6375=CARTESIAN_POINT('',(0.4,2.88211924276369,-5.32890793802711));
#6376=AXIS2_PLACEMENT_3D('',#6377,#6378,#6379);
#6377=CARTESIAN_POINT('',(0.4,2.60764390229181,-5.45));
#6378=DIRECTION('',(-1.,0.,0.));
#6379=DIRECTION('',(0.,0.914917801572932,0.403640206576294));
#6380=CARTESIAN_POINT('',(0.4,2.18554221128114,-7.15));
#6381=CARTESIAN_POINT('',(0.4,2.88211924276369,-5.57109206197289));
#6382=VECTOR('',#6383,1.);
#6383=DIRECTION('',(0.,-0.403640206576294,-0.914917801572932));
#6384=CARTESIAN_POINT('',(0.4,2.38554221128114,-7.15));
#6385=VECTOR('',#6386,1.);
#6386=DIRECTION('',(0.,-1.,0.));
#6387=AXIS2_PLACEMENT_3D('',#6388,#6389,#6390);
#6388=CARTESIAN_POINT('',(0.4,2.80764390229181,-5.45));
#6389=DIRECTION('',(1.,0.,0.));
#6390=DIRECTION('',(0.,0.914917801572932,-0.403640206576293));
#6391=AXIS2_PLACEMENT_3D('',#6392,#6393,#6394);
#6392=CARTESIAN_POINT('',(0.4,2.68554221128114,-3.68676383295752));
#6393=DIRECTION('',(-1.,0.,-0.));
#6394=DIRECTION('',(0.,-0.914917801572931,-0.403640206576295));
#6395=CARTESIAN_POINT('',(0.4,2.21106687080926,-3.80785589493041));
#6396=CARTESIAN_POINT('',(0.4,2.21106687080926,-3.80785589493041));
#6397=VECTOR('',#6398,1.);
#6398=DIRECTION('',(0.,-0.403640206576297,0.914917801572931));
#6399=CARTESIAN_POINT('',(0.4,2.88211924276369,-5.32890793802711));
#6400=VECTOR('',#6401,1.);
#6401=DIRECTION('',(0.,-0.403640206576293,0.914917801572932));
#6402=CARTESIAN_POINT('',(-0.4,2.88211924276369,-5.32890793802711));
#6403=VECTOR('',#6404,1.);
#6404=DIRECTION('',(1.,0.,0.));
#6405=CARTESIAN_POINT('',(-0.4,2.21106687080926,-3.80785589493041));
#6406=VECTOR('',#6407,1.);
#6407=DIRECTION('',(1.,0.,0.));
#6408=CARTESIAN_POINT('',(-1.5,0.,-0.05));
#6409=AXIS2_PLACEMENT_3D('',#6410,#6411,#6412);
#6410=CARTESIAN_POINT('',(0.,0.,-0.05));
#6411=DIRECTION('',(-0.,0.,-1.));
#6412=DIRECTION('',(-1.,0.,0.));
#6413=CARTESIAN_POINT('',(-0.65,-7.9602041944578E-017,0.15));
#6414=AXIS2_PLACEMENT_3D('',#6415,#6416,#6417);
#6415=CARTESIAN_POINT('',(0.,0.,0.15));
#6416=DIRECTION('',(0.,0.,-1.));
#6417=DIRECTION('',(-1.,0.,0.));
#6418=CARTESIAN_POINT('',(0.4,2.18554221128114,-7.15));
#6419=VECTOR('',#6420,1.);
#6420=DIRECTION('',(-1.,0.,0.));
#6421=CARTESIAN_POINT('',(-0.4,2.88211924276369,-5.57109206197289));
#6422=VECTOR('',#6423,1.);
#6423=DIRECTION('',(1.,0.,0.));
#6424=CARTESIAN_POINT('',(-1.45,-1.77573785876366E-016,-0.05));
#6425=AXIS2_PLACEMENT_3D('',#6426,#6427,#6428);
#6426=CARTESIAN_POINT('',(0.,0.,-0.05));
#6427=DIRECTION('',(-0.,0.,-1.));
#6428=DIRECTION('',(-1.,0.,0.));
#6429=CARTESIAN_POINT('',(-0.85,-1.04094977927525E-016,-0.0500000000000001));
#6430=AXIS2_PLACEMENT_3D('',#6431,#6432,#6433);
#6431=CARTESIAN_POINT('',(0.,0.,-0.05));
#6432=DIRECTION('',(-0.,0.,-1.));
#6433=DIRECTION('',(-1.,0.,0.));
#6434=CARTESIAN_POINT('',(-1.25,-1.53080849893419E-016,0.15));
#6435=AXIS2_PLACEMENT_3D('',#6436,#6437,#6438);
#6436=CARTESIAN_POINT('',(0.,0.,0.15));
#6437=DIRECTION('',(0.,0.,-1.));
#6438=DIRECTION('',(-1.,0.,0.));
#6439=CARTESIAN_POINT('',(-0.9,0.,-0.05));
#6440=AXIS2_PLACEMENT_3D('',#6441,#6442,#6443);
#6441=CARTESIAN_POINT('',(0.,0.,-0.05));
#6442=DIRECTION('',(-0.,0.,-1.));
#6443=DIRECTION('',(-1.,0.,0.));
#6444=CARTESIAN_POINT('',(-1.25,0.,0.2));
#6445=AXIS2_PLACEMENT_3D('',#6446,#6447,#6448);
#6446=CARTESIAN_POINT('',(0.,0.,0.2));
#6447=DIRECTION('',(-0.,0.,-1.));
#6448=DIRECTION('',(-1.,0.,0.));
#6449=CARTESIAN_POINT('',(-0.9,0.,0.2));
#6450=AXIS2_PLACEMENT_3D('',#6451,#6452,#6453);
#6451=CARTESIAN_POINT('',(0.,0.,0.2));
#6452=DIRECTION('',(-0.,0.,-1.));
#6453=DIRECTION('',(-1.,0.,0.));
#6454=AXIS2_PLACEMENT_3D('',#6455,#6456,#6457);
#6455=CARTESIAN_POINT('',(2.2,-2.91445778871886,-3.68676383295753));
#6456=DIRECTION('',(-1.,2.83464777809451E-015,6.4252016303475E-015));
#6457=DIRECTION('',(2.83464777809484E-015,1.,5.03301104496726E-014));
#6458=AXIS2_PLACEMENT_3D('',#6459,#6460,#6461);
#6459=CARTESIAN_POINT('',(-2.2,-2.91445778871884,-3.68676383295749));
#6460=DIRECTION('',(1.,5.66929555618896E-015,1.28504032606949E-014));
#6461=DIRECTION('',(1.33974877070035E-027,0.914917801572893,-0.403640206576382));
#6462=AXIS2_PLACEMENT_3D('',#6463,#6464,#6465);
#6463=CARTESIAN_POINT('',(0.4,2.48554221128114,-3.68676383295752));
#6464=DIRECTION('',(1.,3.54330972261815E-016,-8.03150203793446E-016));
#6465=DIRECTION('',(3.54330972261819E-016,-1.,5.92118946466749E-015));
#6466=AXIS2_PLACEMENT_3D('',#6467,#6468,#6469);
#6467=CARTESIAN_POINT('',(-0.4,2.48554221128114,-3.68676383295752));
#6468=DIRECTION('',(-1.,3.54330972261814E-016,-8.03150203793438E-016));
#6469=DIRECTION('',(1.64346021921044E-031,-0.914917801572931,-0.403640206576297));
ENDSEC;
END-ISO-10303-21;
